filename,path,category,model_id,mass,scale,object_file,num_grasps,success_rate,mean_quality,max_quality,scale_suspect
Battery_1d8fb5872696c64b62fb74d013fec4f1_0.10155805461030812.h5,D:\3d-grasp-pose-estimation\dataset\grasps\Battery_1d8fb5872696c64b62fb74d013fec4f1_0.10155805461030812.h5,Battery,1d8fb5872696c64b62fb74d013fec4f1,0.0761004142,0.1015580546,meshes/Battery/1d8fb5872696c64b62fb74d013fec4f1.obj,2000,0.621,0.5359049238248761,0.9824554585280584,False
Battery_351927882f2dcd2b3a7b57717d183d7e_0.08675805776783493.h5,D:\3d-grasp-pose-estimation\dataset\grasps\Battery_351927882f2dcd2b3a7b57717d183d7e_0.08675805776783493.h5,Battery,351927882f2dcd2b3a7b57717d183d7e,0.0796366843,0.0867580578,meshes/Battery/351927882f2dcd2b3a7b57717d183d7e.obj,2000,0.8955,0.670711587842356,0.9836476501895496,False
Battery_3f16a24e0f77a392f7aa33a9774f16af_0.06127981241086159.h5,D:\3d-grasp-pose-estimation\dataset\grasps\Battery_3f16a24e0f77a392f7aa33a9774f16af_0.06127981241086159.h5,Battery,3f16a24e0f77a392f7aa33a9774f16af,0.0971298651,0.0612798124,meshes/Battery/3f16a24e0f77a392f7aa33a9774f16af.obj,2000,0.525,0.4030079870222818,0.9691375828487012,False
Battery_55bd81649a4685ebca46627d6e5395f5_0.0008761080206470707.h5,D:\3d-grasp-pose-estimation\dataset\grasps\Battery_55bd81649a4685ebca46627d6e5395f5_0.0008761080206470707.h5,Battery,55bd81649a4685ebca46627d6e5395f5,0.3427023931,0.000876108,meshes/Battery/55bd81649a4685ebca46627d6e5395f5.obj,2000,0.0145,0.0133646869595158,0.9636611341852396,True
Battery_62733b55e76a3b718c9d9ab13336021b_0.0509487988954487.h5,D:\3d-grasp-pose-estimation\dataset\grasps\Battery_62733b55e76a3b718c9d9ab13336021b_0.0509487988954487.h5,Battery,62733b55e76a3b718c9d9ab13336021b,0.008844985,0.0509487989,meshes/Battery/62733b55e76a3b718c9d9ab13336021b.obj,2000,0.9275,0.7295374814143928,0.9760809934640544,False
Battery_630dd3e061ddbb38592b368dd25aa8a7_0.16041646232009568.h5,D:\3d-grasp-pose-estimation\dataset\grasps\Battery_630dd3e061ddbb38592b368dd25aa8a7_0.16041646232009568.h5,Battery,630dd3e061ddbb38592b368dd25aa8a7,0.8264226067,0.1604164623,meshes/Battery/630dd3e061ddbb38592b368dd25aa8a7.obj,2000,0.0005,9.901735847203186e-05,0.1980347169440637,False
Battery_7ecc6a361de0128ec8de11d571206924_0.0004936284190611575.h5,D:\3d-grasp-pose-estimation\dataset\grasps\Battery_7ecc6a361de0128ec8de11d571206924_0.0004936284190611575.h5,Battery,7ecc6a361de0128ec8de11d571206924,0.7860645563,0.0004936284,meshes/Battery/7ecc6a361de0128ec8de11d571206924.obj,2000,0.006,0.0055071615856741,0.9507091647910134,True
Battery_830285a269a59ea498fc5f87a7f37aac_0.08244881971276674.h5,D:\3d-grasp-pose-estimation\dataset\grasps\Battery_830285a269a59ea498fc5f87a7f37aac_0.08244881971276674.h5,Battery,830285a269a59ea498fc5f87a7f37aac,0.2074574768,0.0824488197,meshes/Battery/830285a269a59ea498fc5f87a7f37aac.obj,2000,0.047,0.0357826377739189,0.9309689491611894,False
Battery_97b155f96786759b958a354b52bd2c29_0.005584749003635671.h5,D:\3d-grasp-pose-estimation\dataset\grasps\Battery_97b155f96786759b958a354b52bd2c29_0.005584749003635671.h5,Battery,97b155f96786759b958a354b52bd2c29,0.0159168404,0.005584749,meshes/Battery/97b155f96786759b958a354b52bd2c29.obj,2000,0.735,0.520835130439795,0.9612791758419206,True
Battery_9ef02f2ccd82f254a780807144cc58d9_0.06148881793642273.h5,D:\3d-grasp-pose-estimation\dataset\grasps\Battery_9ef02f2ccd82f254a780807144cc58d9_0.06148881793642273.h5,Battery,9ef02f2ccd82f254a780807144cc58d9,0.0178836618,0.0614888179,meshes/Battery/9ef02f2ccd82f254a780807144cc58d9.obj,2000,0.927,0.7383920457968978,0.9793622202411516,False
Battery_a27f760d79386b7ae520afb34d7d31e4_0.0012864587429225628.h5,D:\3d-grasp-pose-estimation\dataset\grasps\Battery_a27f760d79386b7ae520afb34d7d31e4_0.0012864587429225628.h5,Battery,a27f760d79386b7ae520afb34d7d31e4,0.428097477,0.0012864587,meshes/Battery/a27f760d79386b7ae520afb34d7d31e4.obj,2000,0.0125,0.0110996334274345,0.9523563303691784,True
Battery_bca4b019f0e82b047ce5891d242f55b0_0.11082795466308966.h5,D:\3d-grasp-pose-estimation\dataset\grasps\Battery_bca4b019f0e82b047ce5891d242f55b0_0.11082795466308966.h5,Battery,bca4b019f0e82b047ce5891d242f55b0,0.3807098211,0.1108279547,meshes/Battery/bca4b019f0e82b047ce5891d242f55b0.obj,2000,0.0055,0.0046560461269304,0.9345914512065342,False
Battery_df764d4f469372c468909d1f30d3c271_5.59657006171583e-05.h5,D:\3d-grasp-pose-estimation\dataset\grasps\Battery_df764d4f469372c468909d1f30d3c271_5.59657006171583e-05.h5,Battery,df764d4f469372c468909d1f30d3c271,0.1201729457,5.59657e-05,meshes/Battery/df764d4f469372c468909d1f30d3c271.obj,2000,0.3045,0.2845727039727098,0.9924338640160516,True
Battery_e9618fc24f59c47424f030789cba1c9f_0.1462887661213002.h5,D:\3d-grasp-pose-estimation\dataset\grasps\Battery_e9618fc24f59c47424f030789cba1c9f_0.1462887661213002.h5,Battery,e9618fc24f59c47424f030789cba1c9f,0.0728713813,0.1462887661,meshes/Battery/e9618fc24f59c47424f030789cba1c9f.obj,2000,0.36,0.3415538082674075,0.9933618986517228,False
Battery_f168cb95bee9962f171dcfaba5dcf7df_0.07881181732628911.h5,D:\3d-grasp-pose-estimation\dataset\grasps\Battery_f168cb95bee9962f171dcfaba5dcf7df_0.07881181732628911.h5,Battery,f168cb95bee9962f171dcfaba5dcf7df,0.143541503,0.0788118173,meshes/Battery/f168cb95bee9962f171dcfaba5dcf7df.obj,2000,0.825,0.6293694280970119,0.988576499902597,False
Battery_f2883772a1ff21098dd1225ea7af8125_0.06200022384840762.h5,D:\3d-grasp-pose-estimation\dataset\grasps\Battery_f2883772a1ff21098dd1225ea7af8125_0.06200022384840762.h5,Battery,f2883772a1ff21098dd1225ea7af8125,0.1509758307,0.0620002238,meshes/Battery/f2883772a1ff21098dd1225ea7af8125.obj,2000,0.2365,0.1554424239526519,0.9206721934215416,False
Battery_f8a093851f146122dd4616bdfbd70670_0.00033903505920234047.h5,D:\3d-grasp-pose-estimation\dataset\grasps\Battery_f8a093851f146122dd4616bdfbd70670_0.00033903505920234047.h5,Battery,f8a093851f146122dd4616bdfbd70670,0.0053735634,0.0003390351,meshes/Battery/f8a093851f146122dd4616bdfbd70670.obj,2000,0.924,0.7136449831556761,0.9712556104114298,True
Book_11183af410a81c186f525e79a05bbcb3_0.003430131761306427.h5,D:\3d-grasp-pose-estimation\dataset\grasps\Book_11183af410a81c186f525e79a05bbcb3_0.003430131761306427.h5,Book,11183af410a81c186f525e79a05bbcb3,0.0654539456,0.0034301318,meshes/Book/11183af410a81c186f525e79a05bbcb3.obj,2000,0.767,0.5544629917741789,0.9699484792698564,True
Book_13335c01414d6fd85af897847a7513ca_0.010491006793418368.h5,D:\3d-grasp-pose-estimation\dataset\grasps\Book_13335c01414d6fd85af897847a7513ca_0.010491006793418368.h5,Book,13335c01414d6fd85af897847a7513ca,0.2322120133,0.0104910068,meshes/Book/13335c01414d6fd85af897847a7513ca.obj,2000,0.8065,0.6655023201131479,0.9907071731140804,False
Book_19f04c7aecfb05a3cc639cc85c8f16df_0.0005882626684476562.h5,D:\3d-grasp-pose-estimation\dataset\grasps\Book_19f04c7aecfb05a3cc639cc85c8f16df_0.0005882626684476562.h5,Book,19f04c7aecfb05a3cc639cc85c8f16df,0.0690646323,0.0005882627,meshes/Book/19f04c7aecfb05a3cc639cc85c8f16df.obj,2000,0.8865,0.6370439538618426,0.9568977784441832,True
Book_1d493a57a21833f2d92c7cdc3939488b_0.01311887386650193.h5,D:\3d-grasp-pose-estimation\dataset\grasps\Book_1d493a57a21833f2d92c7cdc3939488b_0.01311887386650193.h5,Book,1d493a57a21833f2d92c7cdc3939488b,0.0554782792,0.0131188739,meshes/Book/1d493a57a21833f2d92c7cdc3939488b.obj,2000,0.886,0.6589400275026226,0.9826575343319272,False
Book_1e2dcb130b75c6c09251ef7f51226942_0.00033307409606741454.h5,D:\3d-grasp-pose-estimation\dataset\grasps\Book_1e2dcb130b75c6c09251ef7f51226942_0.00033307409606741454.h5,Book,1e2dcb130b75c6c09251ef7f51226942,0.0707901513,0.0003330741,meshes/Book/1e2dcb130b75c6c09251ef7f51226942.obj,2000,0.9405,0.6888003772784878,0.978115383746913,True
Book_1fd8d3cdf525532b5b5a685c28abd3e_0.00015178320425740706.h5,D:\3d-grasp-pose-estimation\dataset\grasps\Book_1fd8d3cdf525532b5b5a685c28abd3e_0.00015178320425740706.h5,Book,1fd8d3cdf525532b5b5a685c28abd3e,0.0066640098,0.0001517832,meshes/Book/1fd8d3cdf525532b5b5a685c28abd3e.obj,2000,0.9525,0.6671691052751749,0.9434168812123642,True
Book_1fd8d3cdf525532b5b5a685c28abd3e_0.0004232434881253912.h5,D:\3d-grasp-pose-estimation\dataset\grasps\Book_1fd8d3cdf525532b5b5a685c28abd3e_0.0004232434881253912.h5,Book,1fd8d3cdf525532b5b5a685c28abd3e,0.1444891806,0.0004232435,meshes/Book/1fd8d3cdf525532b5b5a685c28abd3e.obj,2000,0.944,0.7027725222472895,0.97515014304047,True
Book_22b7066166d83798876972681d7d64db_0.01159632436393706.h5,D:\3d-grasp-pose-estimation\dataset\grasps\Book_22b7066166d83798876972681d7d64db_0.01159632436393706.h5,Book,22b7066166d83798876972681d7d64db,0.0280064669,0.0115963244,meshes/Book/22b7066166d83798876972681d7d64db.obj,2000,0.8495,0.5931401326295846,0.9694854022461048,False
Book_236dcc97a135d37a79283d5c77809cc1_0.0033971920921677225.h5,D:\3d-grasp-pose-estimation\dataset\grasps\Book_236dcc97a135d37a79283d5c77809cc1_0.0033971920921677225.h5,Book,236dcc97a135d37a79283d5c77809cc1,0.0193491798,0.0033971921,meshes/Book/236dcc97a135d37a79283d5c77809cc1.obj,2000,0.8925,0.6176262096912928,0.9275132461183648,True
Book_2394aad19bdb0ca8e751791317b66d8c_0.00035281110119388587.h5,D:\3d-grasp-pose-estimation\dataset\grasps\Book_2394aad19bdb0ca8e751791317b66d8c_0.00035281110119388587.h5,Book,2394aad19bdb0ca8e751791317b66d8c,0.0382246245,0.0003528111,meshes/Book/2394aad19bdb0ca8e751791317b66d8c.obj,2000,0.7695,0.5526520242903564,0.9628074233777412,True
Book_25dd6051429b804430a87f4918e4b66_0.008906510236321177.h5,D:\3d-grasp-pose-estimation\dataset\grasps\Book_25dd6051429b804430a87f4918e4b66_0.008906510236321177.h5,Book,25dd6051429b804430a87f4918e4b66,0.0233512569,0.0089065102,meshes/Book/25dd6051429b804430a87f4918e4b66.obj,2000,0.8985,0.6370136030319186,0.9580017414891238,True
Book_2c3fff6bb2f03eeddec62a61accd35e7_0.013021049080144908.h5,D:\3d-grasp-pose-estimation\dataset\grasps\Book_2c3fff6bb2f03eeddec62a61accd35e7_0.013021049080144908.h5,Book,2c3fff6bb2f03eeddec62a61accd35e7,0.057581191,0.0130210491,meshes/Book/2c3fff6bb2f03eeddec62a61accd35e7.obj,2000,0.9185,0.6661793781808063,0.979995534779488,False
Book_2d3598f0e0a07de7ff8a6b1ceab25ae8_0.008781803361090131.h5,D:\3d-grasp-pose-estimation\dataset\grasps\Book_2d3598f0e0a07de7ff8a6b1ceab25ae8_0.008781803361090131.h5,Book,2d3598f0e0a07de7ff8a6b1ceab25ae8,0.0279179672,0.0087818034,meshes/Book/2d3598f0e0a07de7ff8a6b1ceab25ae8.obj,2000,0.7295,0.5191769303043339,0.9560736936480572,True
Book_3c030f8b8f7637eac0d3742cb5ee0e30_0.031787773895492616.h5,D:\3d-grasp-pose-estimation\dataset\grasps\Book_3c030f8b8f7637eac0d3742cb5ee0e30_0.031787773895492616.h5,Book,3c030f8b8f7637eac0d3742cb5ee0e30,0.4694630004,0.0317877739,meshes/Book/3c030f8b8f7637eac0d3742cb5ee0e30.obj,2000,0.548,0.4105476141260502,0.9427208597841256,False
Book_40063a7b95efd3e94e3ba00caff7aecc_0.0009432203937148439.h5,D:\3d-grasp-pose-estimation\dataset\grasps\Book_40063a7b95efd3e94e3ba00caff7aecc_0.0009432203937148439.h5,Book,40063a7b95efd3e94e3ba00caff7aecc,0.2331665266,0.0009432204,meshes/Book/40063a7b95efd3e94e3ba00caff7aecc.obj,2000,0.37,0.2598568571049891,0.9253441036962348,True
Book_459e81b89a4b2fd7f29c5890b07f3a65_0.017563454620798682.h5,D:\3d-grasp-pose-estimation\dataset\grasps\Book_459e81b89a4b2fd7f29c5890b07f3a65_0.017563454620798682.h5,Book,459e81b89a4b2fd7f29c5890b07f3a65,0.0258972272,0.0175634546,meshes/Book/459e81b89a4b2fd7f29c5890b07f3a65.obj,2000,0.802,0.5795226577715564,0.9650263032897424,False
Book_459e81b89a4b2fd7f29c5890b07f3a65_0.01922644472545225.h5,D:\3d-grasp-pose-estimation\dataset\grasps\Book_459e81b89a4b2fd7f29c5890b07f3a65_0.01922644472545225.h5,Book,459e81b89a4b2fd7f29c5890b07f3a65,0.0339719432,0.0192264447,meshes/Book/459e81b89a4b2fd7f29c5890b07f3a65.obj,2000,0.7765,0.5596492786536874,0.9831835562046212,False
Book_4698973d47c780654f48c7d5931203ac_0.01010965467789813.h5,D:\3d-grasp-pose-estimation\dataset\grasps\Book_4698973d47c780654f48c7d5931203ac_0.01010965467789813.h5,Book,4698973d47c780654f48c7d5931203ac,0.0486853595,0.0101096547,meshes/Book/4698973d47c780654f48c7d5931203ac.obj,2000,0.575,0.4138258087071434,0.948936436139813,False
Book_485d9ea2f47335b03e27fc67bf70fa23_0.002092290742837822.h5,D:\3d-grasp-pose-estimation\dataset\grasps\Book_485d9ea2f47335b03e27fc67bf70fa23_0.002092290742837822.h5,Book,485d9ea2f47335b03e27fc67bf70fa23,0.4062893687,0.0020922907,meshes/Book/485d9ea2f47335b03e27fc67bf70fa23.obj,2000,0.669,0.4966177614834756,0.9705356950973932,True
Book_4dc6344e8e357867a0a7b8ecc42036d5_0.032645643538974166.h5,D:\3d-grasp-pose-estimation\dataset\grasps\Book_4dc6344e8e357867a0a7b8ecc42036d5_0.032645643538974166.h5,Book,4dc6344e8e357867a0a7b8ecc42036d5,0.4028755826,0.0326456435,meshes/Book/4dc6344e8e357867a0a7b8ecc42036d5.obj,2000,0.659,0.4220826684779457,0.9459380104706898,False
Book_4e0eab530e900d09bcbccbbd6200163_0.0013541524280595246.h5,D:\3d-grasp-pose-estimation\dataset\grasps\Book_4e0eab530e900d09bcbccbbd6200163_0.0013541524280595246.h5,Book,4e0eab530e900d09bcbccbbd6200163,0.0694724037,0.0013541524,meshes/Book/4e0eab530e900d09bcbccbbd6200163.obj,2000,0.854,0.6338198207522641,0.9730348984226704,True
Book_4e0eab530e900d09bcbccbbd6200163_0.002746945349740843.h5,D:\3d-grasp-pose-estimation\dataset\grasps\Book_4e0eab530e900d09bcbccbbd6200163_0.002746945349740843.h5,Book,4e0eab530e900d09bcbccbbd6200163,0.5799088341,0.0027469453,meshes/Book/4e0eab530e900d09bcbccbbd6200163.obj,2000,0.6615,0.5699517538741179,0.969479449452064,True
Book_4fc472642d8831d32b47ff0229e1155a_0.01948334196739702.h5,D:\3d-grasp-pose-estimation\dataset\grasps\Book_4fc472642d8831d32b47ff0229e1155a_0.01948334196739702.h5,Book,4fc472642d8831d32b47ff0229e1155a,0.0220016264,0.019483342,meshes/Book/4fc472642d8831d32b47ff0229e1155a.obj,2000,0.873,0.632880649251903,0.9676286232598492,False
Book_57a4dd08863a3b67fb8de648691848ea_0.0004389855973802437.h5,D:\3d-grasp-pose-estimation\dataset\grasps\Book_57a4dd08863a3b67fb8de648691848ea_0.0004389855973802437.h5,Book,57a4dd08863a3b67fb8de648691848ea,0.0242319205,0.0004389856,meshes/Book/57a4dd08863a3b67fb8de648691848ea.obj,2000,0.854,0.596819073690685,0.9729967717619156,True
Book_59fd296e42d9d65cd889106d819b8d66_0.02579055242492913.h5,D:\3d-grasp-pose-estimation\dataset\grasps\Book_59fd296e42d9d65cd889106d819b8d66_0.02579055242492913.h5,Book,59fd296e42d9d65cd889106d819b8d66,1.076047015,0.0257905524,meshes/Book/59fd296e42d9d65cd889106d819b8d66.obj,2000,0.0,0.0,0.0,False
Book_5ba89398d98be20e691def363532c98_0.013554026685220202.h5,D:\3d-grasp-pose-estimation\dataset\grasps\Book_5ba89398d98be20e691def363532c98_0.013554026685220202.h5,Book,5ba89398d98be20e691def363532c98,0.0107433041,0.0135540267,meshes/Book/5ba89398d98be20e691def363532c98.obj,2000,0.95,0.6767018545373232,0.9568412656593624,False
Book_5d734ee7d5114084625ac64d4da8b7e4_0.0004584268260775174.h5,D:\3d-grasp-pose-estimation\dataset\grasps\Book_5d734ee7d5114084625ac64d4da8b7e4_0.0004584268260775174.h5,Book,5d734ee7d5114084625ac64d4da8b7e4,0.0093596082,0.0004584268,meshes/Book/5d734ee7d5114084625ac64d4da8b7e4.obj,2000,0.9095,0.63573281604002,0.9603392350414726,True
Book_5e90bf1bb411069c115aef9ae267d6b7_0.0268818133810836.h5,D:\3d-grasp-pose-estimation\dataset\grasps\Book_5e90bf1bb411069c115aef9ae267d6b7_0.0268818133810836.h5,Book,5e90bf1bb411069c115aef9ae267d6b7,0.4267089901,0.0268818134,meshes/Book/5e90bf1bb411069c115aef9ae267d6b7.obj,2000,0.5695,0.477070333653507,0.9776597830935368,False
Book_5fb3c24bb78a75976ad1e524762a34d5_0.0008175127732569914.h5,D:\3d-grasp-pose-estimation\dataset\grasps\Book_5fb3c24bb78a75976ad1e524762a34d5_0.0008175127732569914.h5,Book,5fb3c24bb78a75976ad1e524762a34d5,0.0763544437,0.0008175128,meshes/Book/5fb3c24bb78a75976ad1e524762a34d5.obj,2000,0.842,0.6076539993878984,0.9791570833988972,True
Book_617cb1e6a2ecfeb9987c0cc553273cda_0.025151122776502825.h5,D:\3d-grasp-pose-estimation\dataset\grasps\Book_617cb1e6a2ecfeb9987c0cc553273cda_0.025151122776502825.h5,Book,617cb1e6a2ecfeb9987c0cc553273cda,0.2027646972,0.0251511228,meshes/Book/617cb1e6a2ecfeb9987c0cc553273cda.obj,2000,0.69,0.5298824746311627,0.9607918167072188,False
Book_63c552fb147b553994de7b39c8fe55aa_0.010851468735844336.h5,D:\3d-grasp-pose-estimation\dataset\grasps\Book_63c552fb147b553994de7b39c8fe55aa_0.010851468735844336.h5,Book,63c552fb147b553994de7b39c8fe55aa,0.0107135826,0.0108514687,meshes/Book/63c552fb147b553994de7b39c8fe55aa.obj,2000,0.894,0.4981358098817565,0.9086294617448116,False
Book_63c552fb147b553994de7b39c8fe55aa_0.03900717790665083.h5,D:\3d-grasp-pose-estimation\dataset\grasps\Book_63c552fb147b553994de7b39c8fe55aa_0.03900717790665083.h5,Book,63c552fb147b553994de7b39c8fe55aa,0.4976256351,0.0390071779,meshes/Book/63c552fb147b553994de7b39c8fe55aa.obj,2000,0.5855,0.2879292734063527,0.9161372188309366,False
Book_6ad85ddb5a110664e632c30f54a9aa37_0.03521545790943599.h5,D:\3d-grasp-pose-estimation\dataset\grasps\Book_6ad85ddb5a110664e632c30f54a9aa37_0.03521545790943599.h5,Book,6ad85ddb5a110664e632c30f54a9aa37,0.5434896013,0.0352154579,meshes/Book/6ad85ddb5a110664e632c30f54a9aa37.obj,2000,0.5805,0.4452397025112634,0.9502627163823216,False
Book_6c467f08afa8c50e8ff650f628611182_0.00017941421125448813.h5,D:\3d-grasp-pose-estimation\dataset\grasps\Book_6c467f08afa8c50e8ff650f628611182_0.00017941421125448813.h5,Book,6c467f08afa8c50e8ff650f628611182,0.3667088047,0.0001794142,meshes/Book/6c467f08afa8c50e8ff650f628611182.obj,2000,0.7015,0.5539515466364019,0.9793128436696154,True
Book_6d12de155ea37ea8c37837f2575f34ab_0.011522106896922749.h5,D:\3d-grasp-pose-estimation\dataset\grasps\Book_6d12de155ea37ea8c37837f2575f34ab_0.011522106896922749.h5,Book,6d12de155ea37ea8c37837f2575f34ab,0.1325688207,0.0115221069,meshes/Book/6d12de155ea37ea8c37837f2575f34ab.obj,2000,0.7185,0.5042995270593279,0.9738822293161064,False
Book_742e14aa241feab67efcee988123ee4c_0.000921191734506729.h5,D:\3d-grasp-pose-estimation\dataset\grasps\Book_742e14aa241feab67efcee988123ee4c_0.000921191734506729.h5,Book,742e14aa241feab67efcee988123ee4c,0.3753904575,0.0009211917,meshes/Book/742e14aa241feab67efcee988123ee4c.obj,2000,0.459,0.3490685223894985,0.9716187475668896,True
Book_76c6048ea537ca8f78f998d890758e90_0.00023569800966029143.h5,D:\3d-grasp-pose-estimation\dataset\grasps\Book_76c6048ea537ca8f78f998d890758e90_0.00023569800966029143.h5,Book,76c6048ea537ca8f78f998d890758e90,0.0875979544,0.000235698,meshes/Book/76c6048ea537ca8f78f998d890758e90.obj,2000,0.899,0.6589929910421504,0.9859173419034876,True
Book_77fbfb099946218de7cc0348080803a7_0.00565262156544797.h5,D:\3d-grasp-pose-estimation\dataset\grasps\Book_77fbfb099946218de7cc0348080803a7_0.00565262156544797.h5,Book,77fbfb099946218de7cc0348080803a7,0.0674822063,0.0056526216,meshes/Book/77fbfb099946218de7cc0348080803a7.obj,2000,0.8645,0.6352346232583099,0.9827874485633734,True
Book_78ef41d48086be4f578beb8a8c25e433_0.01738141152525268.h5,D:\3d-grasp-pose-estimation\dataset\grasps\Book_78ef41d48086be4f578beb8a8c25e433_0.01738141152525268.h5,Book,78ef41d48086be4f578beb8a8c25e433,0.2610073131,0.0173814115,meshes/Book/78ef41d48086be4f578beb8a8c25e433.obj,2000,0.4985,0.4248549079363884,0.9886010859798294,False
Book_78ef41d48086be4f578beb8a8c25e433_0.028360996605605576.h5,D:\3d-grasp-pose-estimation\dataset\grasps\Book_78ef41d48086be4f578beb8a8c25e433_0.028360996605605576.h5,Book,78ef41d48086be4f578beb8a8c25e433,1.1338667322,0.0283609966,meshes/Book/78ef41d48086be4f578beb8a8c25e433.obj,2000,0.0,0.0,0.0,False
Book_7f81a942c7f8fdb242ca7cc070f21ed3_0.017056992532252995.h5,D:\3d-grasp-pose-estimation\dataset\grasps\Book_7f81a942c7f8fdb242ca7cc070f21ed3_0.017056992532252995.h5,Book,7f81a942c7f8fdb242ca7cc070f21ed3,0.0930331607,0.0170569925,meshes/Book/7f81a942c7f8fdb242ca7cc070f21ed3.obj,2000,0.7245,0.5395897941729298,0.984450975935348,False
Book_80302eee16d4e9da384368499a680cf1_0.02624860435547364.h5,D:\3d-grasp-pose-estimation\dataset\grasps\Book_80302eee16d4e9da384368499a680cf1_0.02624860435547364.h5,Book,80302eee16d4e9da384368499a680cf1,0.1425278161,0.0262486044,meshes/Book/80302eee16d4e9da384368499a680cf1.obj,2000,0.801,0.5982183165248858,0.9733020787664672,False
Book_88126ea1dd43940d9251ef7f51226942_0.00019171753317058252.h5,D:\3d-grasp-pose-estimation\dataset\grasps\Book_88126ea1dd43940d9251ef7f51226942_0.00019171753317058252.h5,Book,88126ea1dd43940d9251ef7f51226942,0.0030106478,0.0001917175,meshes/Book/88126ea1dd43940d9251ef7f51226942.obj,2000,0.937,0.6114834333047929,0.9180643226339792,True
Book_89c7cc9f23c67ed6978cd0e4ce91ea2b_0.0005449017556366696.h5,D:\3d-grasp-pose-estimation\dataset\grasps\Book_89c7cc9f23c67ed6978cd0e4ce91ea2b_0.0005449017556366696.h5,Book,89c7cc9f23c67ed6978cd0e4ce91ea2b,0.0020629459,0.0005449018,meshes/Book/89c7cc9f23c67ed6978cd0e4ce91ea2b.obj,2000,0.9585,0.6621118655160749,0.9650803295557158,True
Book_8daa30dd38bd5f5cd5bd8e7415322d0f_0.014203253615105615.h5,D:\3d-grasp-pose-estimation\dataset\grasps\Book_8daa30dd38bd5f5cd5bd8e7415322d0f_0.014203253615105615.h5,Book,8daa30dd38bd5f5cd5bd8e7415322d0f,0.150663477,0.0142032536,meshes/Book/8daa30dd38bd5f5cd5bd8e7415322d0f.obj,2000,0.725,0.5722945548828504,0.9814744355613214,False
Book_920d841d67130f9ac762eb31f1f0c676_0.0005694891787538383.h5,D:\3d-grasp-pose-estimation\dataset\grasps\Book_920d841d67130f9ac762eb31f1f0c676_0.0005694891787538383.h5,Book,920d841d67130f9ac762eb31f1f0c676,0.0765191565,0.0005694892,meshes/Book/920d841d67130f9ac762eb31f1f0c676.obj,2000,0.765,0.5823728071883665,0.9700107540818328,True
Book_966f99bf764882a5b4305483d4641c5e_0.0006287042764884938.h5,D:\3d-grasp-pose-estimation\dataset\grasps\Book_966f99bf764882a5b4305483d4641c5e_0.0006287042764884938.h5,Book,966f99bf764882a5b4305483d4641c5e,0.047825295,0.0006287043,meshes/Book/966f99bf764882a5b4305483d4641c5e.obj,2000,0.8485,0.6105819844710595,0.95948646856619,True
Book_997d0daf40925e5f54bf0ed06a1506a7_0.001158075134941642.h5,D:\3d-grasp-pose-estimation\dataset\grasps\Book_997d0daf40925e5f54bf0ed06a1506a7_0.001158075134941642.h5,Book,997d0daf40925e5f54bf0ed06a1506a7,0.1324036683,0.0011580751,meshes/Book/997d0daf40925e5f54bf0ed06a1506a7.obj,2000,0.8075,0.605430666030029,0.9687387198912734,True
Book_9ee8ceff2bd0f1adb3480c13e0bfacdf_0.01975123064891686.h5,D:\3d-grasp-pose-estimation\dataset\grasps\Book_9ee8ceff2bd0f1adb3480c13e0bfacdf_0.01975123064891686.h5,Book,9ee8ceff2bd0f1adb3480c13e0bfacdf,0.4043494267,0.0197512306,meshes/Book/9ee8ceff2bd0f1adb3480c13e0bfacdf.obj,2000,0.692,0.6322617953348013,0.9818141973117236,False
Book_a238b2f6f5e2cf66c77016426fd9cf48_0.0004463005543383624.h5,D:\3d-grasp-pose-estimation\dataset\grasps\Book_a238b2f6f5e2cf66c77016426fd9cf48_0.0004463005543383624.h5,Book,a238b2f6f5e2cf66c77016426fd9cf48,0.0394159075,0.0004463006,meshes/Book/a238b2f6f5e2cf66c77016426fd9cf48.obj,2000,0.676,0.4862112903322906,0.9717014835200548,True
Book_a238b2f6f5e2cf66c77016426fd9cf48_0.000621589326212787.h5,D:\3d-grasp-pose-estimation\dataset\grasps\Book_a238b2f6f5e2cf66c77016426fd9cf48_0.000621589326212787.h5,Book,a238b2f6f5e2cf66c77016426fd9cf48,0.1064878101,0.0006215893,meshes/Book/a238b2f6f5e2cf66c77016426fd9cf48.obj,2000,0.6025,0.4477823030387328,0.9781848840111284,True
Book_a355beaa0446cee43a9ac064380c69d0_0.0031529126367636907.h5,D:\3d-grasp-pose-estimation\dataset\grasps\Book_a355beaa0446cee43a9ac064380c69d0_0.0031529126367636907.h5,Book,a355beaa0446cee43a9ac064380c69d0,0.0503811105,0.0031529126,meshes/Book/a355beaa0446cee43a9ac064380c69d0.obj,2000,0.8425,0.5972230015395413,0.9756793554908328,True
Book_a65a1329f220b75dc397398a02cfbf3_0.00029914853462247867.h5,D:\3d-grasp-pose-estimation\dataset\grasps\Book_a65a1329f220b75dc397398a02cfbf3_0.00029914853462247867.h5,Book,a65a1329f220b75dc397398a02cfbf3,0.0681094718,0.0002991485,meshes/Book/a65a1329f220b75dc397398a02cfbf3.obj,2000,0.9115,0.6695943736497909,0.97928288297514,True
Book_a718bb96f1fecf5e7d38f25ce6408fe2_0.0020222296881364497.h5,D:\3d-grasp-pose-estimation\dataset\grasps\Book_a718bb96f1fecf5e7d38f25ce6408fe2_0.0020222296881364497.h5,Book,a718bb96f1fecf5e7d38f25ce6408fe2,0.0246907419,0.0020222297,meshes/Book/a718bb96f1fecf5e7d38f25ce6408fe2.obj,2000,0.661,0.4883856870908272,0.9704538423912528,True
Book_a7617f767cda4fa35d11c10c7ee088e4_0.0021031101296679934.h5,D:\3d-grasp-pose-estimation\dataset\grasps\Book_a7617f767cda4fa35d11c10c7ee088e4_0.0021031101296679934.h5,Book,a7617f767cda4fa35d11c10c7ee088e4,0.7868601891,0.0021031101,meshes/Book/a7617f767cda4fa35d11c10c7ee088e4.obj,2000,0.6615,0.5199793847654901,0.9560497442929438,True
Book_a793d662d70db6b39774d2c749f8f717_0.018083142246580686.h5,D:\3d-grasp-pose-estimation\dataset\grasps\Book_a793d662d70db6b39774d2c749f8f717_0.018083142246580686.h5,Book,a793d662d70db6b39774d2c749f8f717,1.1090640173,0.0180831422,meshes/Book/a793d662d70db6b39774d2c749f8f717.obj,2000,0.0,0.0,0.0,False
Book_a7ce5adc817940ab7eb50173c6da3ca0_0.005027567104114838.h5,D:\3d-grasp-pose-estimation\dataset\grasps\Book_a7ce5adc817940ab7eb50173c6da3ca0_0.005027567104114838.h5,Book,a7ce5adc817940ab7eb50173c6da3ca0,0.3205020432,0.0050275671,meshes/Book/a7ce5adc817940ab7eb50173c6da3ca0.obj,2000,0.5815,0.4514693601404504,0.9743604540625704,True
Book_aa52d97d28e0269c9a4be081d49fa50d_0.000945889732901048.h5,D:\3d-grasp-pose-estimation\dataset\grasps\Book_aa52d97d28e0269c9a4be081d49fa50d_0.000945889732901048.h5,Book,aa52d97d28e0269c9a4be081d49fa50d,0.5093803602,0.0009458897,meshes/Book/aa52d97d28e0269c9a4be081d49fa50d.obj,2000,0.4805,0.3702609600704595,0.953511568882558,True
Book_ab54d97d4677d537bb4fd842f8631c2b_0.008801266235100172.h5,D:\3d-grasp-pose-estimation\dataset\grasps\Book_ab54d97d4677d537bb4fd842f8631c2b_0.008801266235100172.h5,Book,ab54d97d4677d537bb4fd842f8631c2b,0.0739541345,0.0088012662,meshes/Book/ab54d97d4677d537bb4fd842f8631c2b.obj,2000,0.691,0.5064685710493747,0.9790702693885058,True
Book_b1611143b4da5c783143cfc9128d0843_0.023835858278933857.h5,D:\3d-grasp-pose-estimation\dataset\grasps\Book_b1611143b4da5c783143cfc9128d0843_0.023835858278933857.h5,Book,b1611143b4da5c783143cfc9128d0843,0.0258735478,0.0238358583,meshes/Book/b1611143b4da5c783143cfc9128d0843.obj,2000,0.864,0.6119388701232437,0.9630970653320984,False
Book_b5b2b6c053ef1847596b020f99ee6d9a_0.003998626846177219.h5,D:\3d-grasp-pose-estimation\dataset\grasps\Book_b5b2b6c053ef1847596b020f99ee6d9a_0.003998626846177219.h5,Book,b5b2b6c053ef1847596b020f99ee6d9a,0.0369105444,0.0039986268,meshes/Book/b5b2b6c053ef1847596b020f99ee6d9a.obj,2000,0.943,0.683010048254687,0.97333312083387,True
Book_b65626c79c13e8cc6fc4eaf2f290aaaa_0.0021663097968373872.h5,D:\3d-grasp-pose-estimation\dataset\grasps\Book_b65626c79c13e8cc6fc4eaf2f290aaaa_0.0021663097968373872.h5,Book,b65626c79c13e8cc6fc4eaf2f290aaaa,0.1063866084,0.0021663098,meshes/Book/b65626c79c13e8cc6fc4eaf2f290aaaa.obj,2000,0.5425,0.4084754278482472,0.981029102940684,True
Book_b7f90bcd0df05b2fdb8263f95c1cca50_0.027757059101496704.h5,D:\3d-grasp-pose-estimation\dataset\grasps\Book_b7f90bcd0df05b2fdb8263f95c1cca50_0.027757059101496704.h5,Book,b7f90bcd0df05b2fdb8263f95c1cca50,0.17401598,0.0277570591,meshes/Book/b7f90bcd0df05b2fdb8263f95c1cca50.obj,2000,0.596,0.4006409756065027,0.967659847011953,False
Book_ba7de321e408c3f52420c65296dc6dfb_0.0018851731176510148.h5,D:\3d-grasp-pose-estimation\dataset\grasps\Book_ba7de321e408c3f52420c65296dc6dfb_0.0018851731176510148.h5,Book,ba7de321e408c3f52420c65296dc6dfb,0.6346084393,0.0018851731,meshes/Book/ba7de321e408c3f52420c65296dc6dfb.obj,2000,0.2865,0.2535207239567391,0.9550015609524872,True
Book_bf256642fdf506e29a39c6489bdf936f_0.0009312673849425529.h5,D:\3d-grasp-pose-estimation\dataset\grasps\Book_bf256642fdf506e29a39c6489bdf936f_0.0009312673849425529.h5,Book,bf256642fdf506e29a39c6489bdf936f,0.2772236904,0.0009312674,meshes/Book/bf256642fdf506e29a39c6489bdf936f.obj,2000,0.3065,0.2255595127719998,0.9434321312282924,True
Book_bfaaaeae7f08e588b0173158df715b5e_0.013035264928591726.h5,D:\3d-grasp-pose-estimation\dataset\grasps\Book_bfaaaeae7f08e588b0173158df715b5e_0.013035264928591726.h5,Book,bfaaaeae7f08e588b0173158df715b5e,0.5318126117,0.0130352649,meshes/Book/bfaaaeae7f08e588b0173158df715b5e.obj,2000,0.552,0.4078109852427502,0.9451010033480336,False
Book_c528887fc9e3bee5e523f60434adc08_0.011629851529139592.h5,D:\3d-grasp-pose-estimation\dataset\grasps\Book_c528887fc9e3bee5e523f60434adc08_0.011629851529139592.h5,Book,c528887fc9e3bee5e523f60434adc08,0.0396766684,0.0116298515,meshes/Book/c528887fc9e3bee5e523f60434adc08.obj,2000,0.844,0.6057043679247577,0.952591948071522,False
Book_c5b5fefe11d3d9d28524f7821d57684c_0.013714314787315999.h5,D:\3d-grasp-pose-estimation\dataset\grasps\Book_c5b5fefe11d3d9d28524f7821d57684c_0.013714314787315999.h5,Book,c5b5fefe11d3d9d28524f7821d57684c,0.0328732432,0.0137143148,meshes/Book/c5b5fefe11d3d9d28524f7821d57684c.obj,2000,0.8275,0.5905277419023546,0.9807660748831212,False
Book_c7f991b1a9bfcff0fe1e2f026632da15_0.0014317978408259918.h5,D:\3d-grasp-pose-estimation\dataset\grasps\Book_c7f991b1a9bfcff0fe1e2f026632da15_0.0014317978408259918.h5,Book,c7f991b1a9bfcff0fe1e2f026632da15,0.5272565084,0.0014317978,meshes/Book/c7f991b1a9bfcff0fe1e2f026632da15.obj,2000,0.591,0.4444625025188461,0.935236216329823,True
Book_c8691c86e110318ef2bc9da1ba799c60_0.0012263198301992796.h5,D:\3d-grasp-pose-estimation\dataset\grasps\Book_c8691c86e110318ef2bc9da1ba799c60_0.0012263198301992796.h5,Book,c8691c86e110318ef2bc9da1ba799c60,0.0434137662,0.0012263198,meshes/Book/c8691c86e110318ef2bc9da1ba799c60.obj,2000,0.796,0.5751936518077015,0.9750809992814552,True
Book_c8691c86e110318ef2bc9da1ba799c60_0.001891510435164436.h5,D:\3d-grasp-pose-estimation\dataset\grasps\Book_c8691c86e110318ef2bc9da1ba799c60_0.001891510435164436.h5,Book,c8691c86e110318ef2bc9da1ba799c60,0.1593097787,0.0018915104,meshes/Book/c8691c86e110318ef2bc9da1ba799c60.obj,2000,0.71,0.5582076823672693,0.9821337486006786,True
Book_ca686d7726623dc7fa2e328741dade59_0.05237035936771448.h5,D:\3d-grasp-pose-estimation\dataset\grasps\Book_ca686d7726623dc7fa2e328741dade59_0.05237035936771448.h5,Book,ca686d7726623dc7fa2e328741dade59,0.2896245504,0.0523703594,meshes/Book/ca686d7726623dc7fa2e328741dade59.obj,2000,0.6775,0.5007891259867314,0.958600922517928,False
Book_cc0e864645032185d2d64d0098518cf_0.007577057785474069.h5,D:\3d-grasp-pose-estimation\dataset\grasps\Book_cc0e864645032185d2d64d0098518cf_0.007577057785474069.h5,Book,cc0e864645032185d2d64d0098518cf,0.0475851173,0.0075770578,meshes/Book/cc0e864645032185d2d64d0098518cf.obj,2000,0.7735,0.5645046609127349,0.9690322907599708,True
Book_cc0e864645032185d2d64d0098518cf_0.019053978430912194.h5,D:\3d-grasp-pose-estimation\dataset\grasps\Book_cc0e864645032185d2d64d0098518cf_0.019053978430912194.h5,Book,cc0e864645032185d2d64d0098518cf,0.7567045656,0.0190539784,meshes/Book/cc0e864645032185d2d64d0098518cf.obj,2000,0.26,0.2193338415769899,0.9516765729425958,False
Book_d01a14177316c1c64b957fdbc5213e37_0.0020602900752973836.h5,D:\3d-grasp-pose-estimation\dataset\grasps\Book_d01a14177316c1c64b957fdbc5213e37_0.0020602900752973836.h5,Book,d01a14177316c1c64b957fdbc5213e37,0.1349155786,0.0020602901,meshes/Book/d01a14177316c1c64b957fdbc5213e37.obj,2000,0.9005,0.6658391995892087,0.9851644357731714,True
Book_d6df9bdabdd66e07f256a8c3e3396495_0.000633809255434272.h5,D:\3d-grasp-pose-estimation\dataset\grasps\Book_d6df9bdabdd66e07f256a8c3e3396495_0.000633809255434272.h5,Book,d6df9bdabdd66e07f256a8c3e3396495,0.4229210676,0.0006338093,meshes/Book/d6df9bdabdd66e07f256a8c3e3396495.obj,2000,0.6965,0.5480222925625362,0.9680373351930202,True
Book_dc0c4db824981b8cf29c5890b07f3a65_0.025958649492183225.h5,D:\3d-grasp-pose-estimation\dataset\grasps\Book_dc0c4db824981b8cf29c5890b07f3a65_0.025958649492183225.h5,Book,dc0c4db824981b8cf29c5890b07f3a65,0.125588762,0.0259586495,meshes/Book/dc0c4db824981b8cf29c5890b07f3a65.obj,2000,0.526,0.4084731205167527,0.9692457981700664,False
Book_de9973cc24c80178d1500d3c97406d29_0.002375696457121256.h5,D:\3d-grasp-pose-estimation\dataset\grasps\Book_de9973cc24c80178d1500d3c97406d29_0.002375696457121256.h5,Book,de9973cc24c80178d1500d3c97406d29,0.785007644,0.0023756965,meshes/Book/de9973cc24c80178d1500d3c97406d29.obj,2000,0.0005,0.0003999317398944,0.7998634797888421,True
Book_e89154bcf3d1311cef1b7984700142ff_0.01490440112723361.h5,D:\3d-grasp-pose-estimation\dataset\grasps\Book_e89154bcf3d1311cef1b7984700142ff_0.01490440112723361.h5,Book,e89154bcf3d1311cef1b7984700142ff,0.0164134452,0.0149044011,meshes/Book/e89154bcf3d1311cef1b7984700142ff.obj,2000,0.8795,0.6097811423228386,0.9616941404000816,False
Book_e9c15756a9c5c9d5188705959b3fcb07_0.027607721014891746.h5,D:\3d-grasp-pose-estimation\dataset\grasps\Book_e9c15756a9c5c9d5188705959b3fcb07_0.027607721014891746.h5,Book,e9c15756a9c5c9d5188705959b3fcb07,0.1455558868,0.027607721,meshes/Book/e9c15756a9c5c9d5188705959b3fcb07.obj,2000,0.6785,0.4930084166703021,0.9587791031363696,False
Book_ebcd6d6c36a7193a952c493f36a7be8_0.04779666199410265.h5,D:\3d-grasp-pose-estimation\dataset\grasps\Book_ebcd6d6c36a7193a952c493f36a7be8_0.04779666199410265.h5,Book,ebcd6d6c36a7193a952c493f36a7be8,0.3261708942,0.047796662,meshes/Book/ebcd6d6c36a7193a952c493f36a7be8.obj,2000,0.659,0.5296692597764043,0.9766537604455772,False
Book_f3671892b7732d98f660746ea5b1e425_0.009962925444726715.h5,D:\3d-grasp-pose-estimation\dataset\grasps\Book_f3671892b7732d98f660746ea5b1e425_0.009962925444726715.h5,Book,f3671892b7732d98f660746ea5b1e425,0.0428919443,0.0099629254,meshes/Book/f3671892b7732d98f660746ea5b1e425.obj,2000,0.764,0.5478630375714849,0.9655421320674848,True
Book_f3cd14044560d9f161886ba4a02e7ed6_0.0007410730037943334.h5,D:\3d-grasp-pose-estimation\dataset\grasps\Book_f3cd14044560d9f161886ba4a02e7ed6_0.0007410730037943334.h5,Book,f3cd14044560d9f161886ba4a02e7ed6,0.1061414624,0.000741073,meshes/Book/f3cd14044560d9f161886ba4a02e7ed6.obj,2000,0.8245,0.6148822093363461,0.9846029973318848,True
Book_f3cd14044560d9f161886ba4a02e7ed6_0.0007767432992771733.h5,D:\3d-grasp-pose-estimation\dataset\grasps\Book_f3cd14044560d9f161886ba4a02e7ed6_0.0007767432992771733.h5,Book,f3cd14044560d9f161886ba4a02e7ed6,0.1222178486,0.0007767433,meshes/Book/f3cd14044560d9f161886ba4a02e7ed6.obj,2000,0.8135,0.6131539991214431,0.9935358889613024,True
Book_fb4f8c6863ded8305c6a44a505804654_0.0008640713256752648.h5,D:\3d-grasp-pose-estimation\dataset\grasps\Book_fb4f8c6863ded8305c6a44a505804654_0.0008640713256752648.h5,Book,fb4f8c6863ded8305c6a44a505804654,0.0472067552,0.0008640713,meshes/Book/fb4f8c6863ded8305c6a44a505804654.obj,2000,0.6845,0.4925491870090235,0.9336648222449748,True
Book_fd1843119c00bec7a4e3429ccb8eaf16_0.0020533042067726426.h5,D:\3d-grasp-pose-estimation\dataset\grasps\Book_fd1843119c00bec7a4e3429ccb8eaf16_0.0020533042067726426.h5,Book,fd1843119c00bec7a4e3429ccb8eaf16,0.1514574271,0.0020533042,meshes/Book/fd1843119c00bec7a4e3429ccb8eaf16.obj,2000,0.582,0.5088331429234962,0.9884392946860628,True
Book_fd9f588d4c9a47121447e7c887285c7c_0.02028891250116834.h5,D:\3d-grasp-pose-estimation\dataset\grasps\Book_fd9f588d4c9a47121447e7c887285c7c_0.02028891250116834.h5,Book,fd9f588d4c9a47121447e7c887285c7c,0.3284275078,0.0202889125,meshes/Book/fd9f588d4c9a47121447e7c887285c7c.obj,2000,0.8355,0.6736955846402961,0.9764908396640426,False
Book_fdba54bd8ef643a24cd85a95026d8bd_0.025077170214240923.h5,D:\3d-grasp-pose-estimation\dataset\grasps\Book_fdba54bd8ef643a24cd85a95026d8bd_0.025077170214240923.h5,Book,fdba54bd8ef643a24cd85a95026d8bd,0.2663735994,0.0250771702,meshes/Book/fdba54bd8ef643a24cd85a95026d8bd.obj,2000,0.489,0.3708981065581885,0.9610730355142426,False
Book_fe3ccb1376a4b6b34e309f47b24dd64_0.004709933753480345.h5,D:\3d-grasp-pose-estimation\dataset\grasps\Book_fe3ccb1376a4b6b34e309f47b24dd64_0.004709933753480345.h5,Book,fe3ccb1376a4b6b34e309f47b24dd64,0.0441112945,0.0047099338,meshes/Book/fe3ccb1376a4b6b34e309f47b24dd64.obj,2000,0.895,0.5473720817384778,0.9476043899402508,True
Book_febee4d971f3853fedc9b2819b294237_0.017901115266633242.h5,D:\3d-grasp-pose-estimation\dataset\grasps\Book_febee4d971f3853fedc9b2819b294237_0.017901115266633242.h5,Book,febee4d971f3853fedc9b2819b294237,0.249126588,0.0179011153,meshes/Book/febee4d971f3853fedc9b2819b294237.obj,2000,0.708,0.5072371814095255,0.9620872924853746,False
Bowl_1be987c137d37f0b7c15f7bdb6fa82dd_0.009838107210871158.h5,D:\3d-grasp-pose-estimation\dataset\grasps\Bowl_1be987c137d37f0b7c15f7bdb6fa82dd_0.009838107210871158.h5,Bowl,1be987c137d37f0b7c15f7bdb6fa82dd,0.051755553,0.0098381072,meshes/Bowl/1be987c137d37f0b7c15f7bdb6fa82dd.obj,2000,0.569,0.3911070584313439,0.933527096403237,True
Bowl_1be987c137d37f0b7c15f7bdb6fa82dd_0.012220944548403855.h5,D:\3d-grasp-pose-estimation\dataset\grasps\Bowl_1be987c137d37f0b7c15f7bdb6fa82dd_0.012220944548403855.h5,Bowl,1be987c137d37f0b7c15f7bdb6fa82dd,0.0992056989,0.0122209445,meshes/Bowl/1be987c137d37f0b7c15f7bdb6fa82dd.obj,2000,0.6345,0.4520105343029483,0.9390301552221276,False
Bowl_2eb4cfc59205bb3a147c505998f546dd_0.0002521142099500403.h5,D:\3d-grasp-pose-estimation\dataset\grasps\Bowl_2eb4cfc59205bb3a147c505998f546dd_0.0002521142099500403.h5,Bowl,2eb4cfc59205bb3a147c505998f546dd,0.0746870059,0.0002521142,meshes/Bowl/2eb4cfc59205bb3a147c505998f546dd.obj,2000,0.212,0.1425452421783084,0.9579653311649512,True
Bowl_2eb4cfc59205bb3a147c505998f546dd_0.00034238751866917026.h5,D:\3d-grasp-pose-estimation\dataset\grasps\Bowl_2eb4cfc59205bb3a147c505998f546dd_0.00034238751866917026.h5,Bowl,2eb4cfc59205bb3a147c505998f546dd,0.1870711644,0.0003423875,meshes/Bowl/2eb4cfc59205bb3a147c505998f546dd.obj,2000,0.268,0.1896935071259646,0.9553875930695408,True
Bowl_2efc35a3625fa50961a9876fa6384765_0.012449533111417973.h5,D:\3d-grasp-pose-estimation\dataset\grasps\Bowl_2efc35a3625fa50961a9876fa6384765_0.012449533111417973.h5,Bowl,2efc35a3625fa50961a9876fa6384765,0.0167989811,0.0124495331,meshes/Bowl/2efc35a3625fa50961a9876fa6384765.obj,2000,0.904,0.5310910001032635,0.9340214164708304,False
Bowl_2efc35a3625fa50961a9876fa6384765_0.0162901045192541.h5,D:\3d-grasp-pose-estimation\dataset\grasps\Bowl_2efc35a3625fa50961a9876fa6384765_0.0162901045192541.h5,Bowl,2efc35a3625fa50961a9876fa6384765,0.0376352981,0.0162901045,meshes/Bowl/2efc35a3625fa50961a9876fa6384765.obj,2000,0.8935,0.5415597344515368,0.9511839139923416,False
Bowl_38af522494d535151f6a5b0146bf3030_0.006110386860678404.h5,D:\3d-grasp-pose-estimation\dataset\grasps\Bowl_38af522494d535151f6a5b0146bf3030_0.006110386860678404.h5,Bowl,38af522494d535151f6a5b0146bf3030,0.0229778545,0.0061103869,meshes/Bowl/38af522494d535151f6a5b0146bf3030.obj,2000,0.383,0.2522520486173779,0.9616389851688928,True
Bowl_38af522494d535151f6a5b0146bf3030_0.0073341102598193375.h5,D:\3d-grasp-pose-estimation\dataset\grasps\Bowl_38af522494d535151f6a5b0146bf3030_0.0073341102598193375.h5,Bowl,38af522494d535151f6a5b0146bf3030,0.0397324785,0.0073341103,meshes/Bowl/38af522494d535151f6a5b0146bf3030.obj,2000,0.5395,0.3789928130644759,0.9678765938878046,True
Bowl_4417f06a1a1d213f4b6cec3185574478_0.000410325520140191.h5,D:\3d-grasp-pose-estimation\dataset\grasps\Bowl_4417f06a1a1d213f4b6cec3185574478_0.000410325520140191.h5,Bowl,4417f06a1a1d213f4b6cec3185574478,0.0210974828,0.0004103255,meshes/Bowl/4417f06a1a1d213f4b6cec3185574478.obj,2000,0.6245,0.4036962928838222,0.9455901978180222,True
Bowl_4417f06a1a1d213f4b6cec3185574478_0.0005146219874234946.h5,D:\3d-grasp-pose-estimation\dataset\grasps\Bowl_4417f06a1a1d213f4b6cec3185574478_0.0005146219874234946.h5,Bowl,4417f06a1a1d213f4b6cec3185574478,0.041620766,0.000514622,meshes/Bowl/4417f06a1a1d213f4b6cec3185574478.obj,2000,0.7085,0.4851960389785761,0.9472692818028506,True
Bowl_4845731dbf7522b07492cbf7d8bec255_0.012225604877615648.h5,D:\3d-grasp-pose-estimation\dataset\grasps\Bowl_4845731dbf7522b07492cbf7d8bec255_0.012225604877615648.h5,Bowl,4845731dbf7522b07492cbf7d8bec255,0.0167612232,0.0122256049,meshes/Bowl/4845731dbf7522b07492cbf7d8bec255.obj,2000,0.917,0.6550521387227517,0.9671745632689668,False
Bowl_4845731dbf7522b07492cbf7d8bec255_0.012968313837247511.h5,D:\3d-grasp-pose-estimation\dataset\grasps\Bowl_4845731dbf7522b07492cbf7d8bec255_0.012968313837247511.h5,Bowl,4845731dbf7522b07492cbf7d8bec255,0.0200053051,0.0129683138,meshes/Bowl/4845731dbf7522b07492cbf7d8bec255.obj,2000,0.9185,0.6526669683955281,0.9675776831415356,False
Bowl_49a0a84ee5a91344b11c5cce13f76151_0.006086002735352637.h5,D:\3d-grasp-pose-estimation\dataset\grasps\Bowl_49a0a84ee5a91344b11c5cce13f76151_0.006086002735352637.h5,Bowl,49a0a84ee5a91344b11c5cce13f76151,0.0181442091,0.0060860027,meshes/Bowl/49a0a84ee5a91344b11c5cce13f76151.obj,2000,0.928,0.6246228272124739,0.9406699073477218,True
Bowl_49a0a84ee5a91344b11c5cce13f76151_0.011448651574667158.h5,D:\3d-grasp-pose-estimation\dataset\grasps\Bowl_49a0a84ee5a91344b11c5cce13f76151_0.011448651574667158.h5,Bowl,49a0a84ee5a91344b11c5cce13f76151,0.1207826705,0.0114486516,meshes/Bowl/49a0a84ee5a91344b11c5cce13f76151.obj,2000,0.955,0.6859029352471273,0.9778282728854296,False
Bowl_4b93a81c3534e56d19620b61f6587b3e_0.009923440380211682.h5,D:\3d-grasp-pose-estimation\dataset\grasps\Bowl_4b93a81c3534e56d19620b61f6587b3e_0.009923440380211682.h5,Bowl,4b93a81c3534e56d19620b61f6587b3e,0.0404192292,0.0099234404,meshes/Bowl/4b93a81c3534e56d19620b61f6587b3e.obj,2000,0.8665,0.6075279572625412,0.9659578369217828,True
Bowl_4b93a81c3534e56d19620b61f6587b3e_0.011953374453632322.h5,D:\3d-grasp-pose-estimation\dataset\grasps\Bowl_4b93a81c3534e56d19620b61f6587b3e_0.011953374453632322.h5,Bowl,4b93a81c3534e56d19620b61f6587b3e,0.0706435974,0.0119533745,meshes/Bowl/4b93a81c3534e56d19620b61f6587b3e.obj,2000,0.83,0.5809056507174625,0.9466182400182171,False
Bowl_4be4184845972fba5ea36d5a57a5a3bb_0.0006308776895943304.h5,D:\3d-grasp-pose-estimation\dataset\grasps\Bowl_4be4184845972fba5ea36d5a57a5a3bb_0.0006308776895943304.h5,Bowl,4be4184845972fba5ea36d5a57a5a3bb,0.124397063,0.0006308777,meshes/Bowl/4be4184845972fba5ea36d5a57a5a3bb.obj,2000,0.8865,0.6429220113543351,0.9484907456828802,True
Bowl_4be4184845972fba5ea36d5a57a5a3bb_0.0006581313232805561.h5,D:\3d-grasp-pose-estimation\dataset\grasps\Bowl_4be4184845972fba5ea36d5a57a5a3bb_0.0006581313232805561.h5,Bowl,4be4184845972fba5ea36d5a57a5a3bb,0.1412252339,0.0006581313,meshes/Bowl/4be4184845972fba5ea36d5a57a5a3bb.obj,2000,0.8645,0.6180114075728054,0.9697794207131856,True
Bowl_4eefe941048189bdb8046e84ebdc62d2_0.009581839709456355.h5,D:\3d-grasp-pose-estimation\dataset\grasps\Bowl_4eefe941048189bdb8046e84ebdc62d2_0.009581839709456355.h5,Bowl,4eefe941048189bdb8046e84ebdc62d2,0.0175529481,0.0095818397,meshes/Bowl/4eefe941048189bdb8046e84ebdc62d2.obj,2000,0.926,0.6581880143730603,0.9677290783588992,True
Bowl_4eefe941048189bdb8046e84ebdc62d2_0.014223113280852536.h5,D:\3d-grasp-pose-estimation\dataset\grasps\Bowl_4eefe941048189bdb8046e84ebdc62d2_0.014223113280852536.h5,Bowl,4eefe941048189bdb8046e84ebdc62d2,0.0574099767,0.0142231133,meshes/Bowl/4eefe941048189bdb8046e84ebdc62d2.obj,2000,0.8695,0.618221996948963,0.950747750171633,False
Bowl_50ad83141272138a606b9bf35534b61b_0.00014387602753246012.h5,D:\3d-grasp-pose-estimation\dataset\grasps\Bowl_50ad83141272138a606b9bf35534b61b_0.00014387602753246012.h5,Bowl,50ad83141272138a606b9bf35534b61b,0.0149820753,0.000143876,meshes/Bowl/50ad83141272138a606b9bf35534b61b.obj,2000,0.983,0.7685967855535007,0.9890438718160064,True
Bowl_50ad83141272138a606b9bf35534b61b_0.00021573493820295486.h5,D:\3d-grasp-pose-estimation\dataset\grasps\Bowl_50ad83141272138a606b9bf35534b61b_0.00021573493820295486.h5,Bowl,50ad83141272138a606b9bf35534b61b,0.0505089236,0.0002157349,meshes/Bowl/50ad83141272138a606b9bf35534b61b.obj,2000,0.976,0.7188773133521504,0.9854419967761704,True
Bowl_518833fb88d143ddee8f0f6d51f8e71b_0.0036908617103391986.h5,D:\3d-grasp-pose-estimation\dataset\grasps\Bowl_518833fb88d143ddee8f0f6d51f8e71b_0.0036908617103391986.h5,Bowl,518833fb88d143ddee8f0f6d51f8e71b,0.047350825,0.0036908617,meshes/Bowl/518833fb88d143ddee8f0f6d51f8e71b.obj,2000,0.134,0.084764050873635,0.9297509619901227,True
Bowl_518833fb88d143ddee8f0f6d51f8e71b_0.0059777022037295945.h5,D:\3d-grasp-pose-estimation\dataset\grasps\Bowl_518833fb88d143ddee8f0f6d51f8e71b_0.0059777022037295945.h5,Bowl,518833fb88d143ddee8f0f6d51f8e71b,0.2011625154,0.0059777022,meshes/Bowl/518833fb88d143ddee8f0f6d51f8e71b.obj,2000,0.703,0.4548105772930631,0.934455416447322,True
Bowl_53476e51e6bb59eaf35de0153a1c1eca_0.008917836427727994.h5,D:\3d-grasp-pose-estimation\dataset\grasps\Bowl_53476e51e6bb59eaf35de0153a1c1eca_0.008917836427727994.h5,Bowl,53476e51e6bb59eaf35de0153a1c1eca,0.0583387081,0.0089178364,meshes/Bowl/53476e51e6bb59eaf35de0153a1c1eca.obj,2000,0.7995,0.5030010129434431,0.9329487321118458,True
Bowl_53476e51e6bb59eaf35de0153a1c1eca_0.011259774657535358.h5,D:\3d-grasp-pose-estimation\dataset\grasps\Bowl_53476e51e6bb59eaf35de0153a1c1eca_0.011259774657535358.h5,Bowl,53476e51e6bb59eaf35de0153a1c1eca,0.1174268466,0.0112597747,meshes/Bowl/53476e51e6bb59eaf35de0153a1c1eca.obj,2000,0.8745,0.5464393126301637,0.9611473373172847,False
Bowl_594b22f21daf33ce6aea2f18ee404fd5_0.0009083081896518133.h5,D:\3d-grasp-pose-estimation\dataset\grasps\Bowl_594b22f21daf33ce6aea2f18ee404fd5_0.0009083081896518133.h5,Bowl,594b22f21daf33ce6aea2f18ee404fd5,0.0126077487,0.0009083082,meshes/Bowl/594b22f21daf33ce6aea2f18ee404fd5.obj,2000,0.958,0.665743437320177,0.9662313438713116,True
Bowl_594b22f21daf33ce6aea2f18ee404fd5_0.0011070295160317029.h5,D:\3d-grasp-pose-estimation\dataset\grasps\Bowl_594b22f21daf33ce6aea2f18ee404fd5_0.0011070295160317029.h5,Bowl,594b22f21daf33ce6aea2f18ee404fd5,0.0228252454,0.0011070295,meshes/Bowl/594b22f21daf33ce6aea2f18ee404fd5.obj,2000,0.947,0.6480573580839123,0.957370430109865,True
Bowl_5e7af59f34f1295ddc73c1f4d7dbd533_0.008850409284434407.h5,D:\3d-grasp-pose-estimation\dataset\grasps\Bowl_5e7af59f34f1295ddc73c1f4d7dbd533_0.008850409284434407.h5,Bowl,5e7af59f34f1295ddc73c1f4d7dbd533,0.0903614777,0.0088504093,meshes/Bowl/5e7af59f34f1295ddc73c1f4d7dbd533.obj,2000,0.726,0.5292172037793951,0.9836651858229176,True
Bowl_5e7af59f34f1295ddc73c1f4d7dbd533_0.011716988419329435.h5,D:\3d-grasp-pose-estimation\dataset\grasps\Bowl_5e7af59f34f1295ddc73c1f4d7dbd533_0.011716988419329435.h5,Bowl,5e7af59f34f1295ddc73c1f4d7dbd533,0.2096723976,0.0117169884,meshes/Bowl/5e7af59f34f1295ddc73c1f4d7dbd533.obj,2000,0.768,0.5605295333331851,0.992281862413895,False
Bowl_64ccb121147c56af48ce81ccd3000f65_0.01869739549113976.h5,D:\3d-grasp-pose-estimation\dataset\grasps\Bowl_64ccb121147c56af48ce81ccd3000f65_0.01869739549113976.h5,Bowl,64ccb121147c56af48ce81ccd3000f65,0.0368416006,0.0186973955,meshes/Bowl/64ccb121147c56af48ce81ccd3000f65.obj,2000,0.7135,0.5013362322878929,0.9722187335058112,False
Bowl_64ccb121147c56af48ce81ccd3000f65_0.018988945522340213.h5,D:\3d-grasp-pose-estimation\dataset\grasps\Bowl_64ccb121147c56af48ce81ccd3000f65_0.018988945522340213.h5,Bowl,64ccb121147c56af48ce81ccd3000f65,0.0385920361,0.0189889455,meshes/Bowl/64ccb121147c56af48ce81ccd3000f65.obj,2000,0.7045,0.4961428550811516,0.9778043044433116,False
Bowl_68582543c4c6d0bccfdfe3f21f42a111_0.01738179439693198.h5,D:\3d-grasp-pose-estimation\dataset\grasps\Bowl_68582543c4c6d0bccfdfe3f21f42a111_0.01738179439693198.h5,Bowl,68582543c4c6d0bccfdfe3f21f42a111,0.0230206955,0.0173817944,meshes/Bowl/68582543c4c6d0bccfdfe3f21f42a111.obj,2000,0.898,0.6232093253477403,0.9674761048654236,False
Bowl_68582543c4c6d0bccfdfe3f21f42a111_0.02684153054136772.h5,D:\3d-grasp-pose-estimation\dataset\grasps\Bowl_68582543c4c6d0bccfdfe3f21f42a111_0.02684153054136772.h5,Bowl,68582543c4c6d0bccfdfe3f21f42a111,0.0847727836,0.0268415305,meshes/Bowl/68582543c4c6d0bccfdfe3f21f42a111.obj,2000,0.8835,0.629531092973487,0.9536784427176824,False
Bowl_6a772d12b98ab61dc26651d9d35b77ca_0.011314203557253731.h5,D:\3d-grasp-pose-estimation\dataset\grasps\Bowl_6a772d12b98ab61dc26651d9d35b77ca_0.011314203557253731.h5,Bowl,6a772d12b98ab61dc26651d9d35b77ca,0.0646487886,0.0113142036,meshes/Bowl/6a772d12b98ab61dc26651d9d35b77ca.obj,2000,0.765,0.5508076061125594,0.9622456618716017,False
Bowl_6a772d12b98ab61dc26651d9d35b77ca_0.01188138532454758.h5,D:\3d-grasp-pose-estimation\dataset\grasps\Bowl_6a772d12b98ab61dc26651d9d35b77ca_0.01188138532454758.h5,Bowl,6a772d12b98ab61dc26651d9d35b77ca,0.0748668688,0.0118813853,meshes/Bowl/6a772d12b98ab61dc26651d9d35b77ca.obj,2000,0.7805,0.5643172904359163,0.9600138050276372,False
Bowl_6c3bf99a9534c75314513156cf2b8d0d_0.011015409147693228.h5,D:\3d-grasp-pose-estimation\dataset\grasps\Bowl_6c3bf99a9534c75314513156cf2b8d0d_0.011015409147693228.h5,Bowl,6c3bf99a9534c75314513156cf2b8d0d,0.0951783876,0.0110154091,meshes/Bowl/6c3bf99a9534c75314513156cf2b8d0d.obj,2000,0.396,0.2821993551898593,0.9670689281822384,False
Bowl_6c3bf99a9534c75314513156cf2b8d0d_0.013227745724553472.h5,D:\3d-grasp-pose-estimation\dataset\grasps\Bowl_6c3bf99a9534c75314513156cf2b8d0d_0.013227745724553472.h5,Bowl,6c3bf99a9534c75314513156cf2b8d0d,0.1648139464,0.0132277457,meshes/Bowl/6c3bf99a9534c75314513156cf2b8d0d.obj,2000,0.4565,0.3258929366576949,0.975157748424472,False
Bowl_75467099fb4d6984df85db41e3677c28_0.008751704442819865.h5,D:\3d-grasp-pose-estimation\dataset\grasps\Bowl_75467099fb4d6984df85db41e3677c28_0.008751704442819865.h5,Bowl,75467099fb4d6984df85db41e3677c28,0.0414039095,0.0087517044,meshes/Bowl/75467099fb4d6984df85db41e3677c28.obj,2000,0.619,0.4354242006512481,0.956712294853171,True
Bowl_75467099fb4d6984df85db41e3677c28_0.009442352467114425.h5,D:\3d-grasp-pose-estimation\dataset\grasps\Bowl_75467099fb4d6984df85db41e3677c28_0.009442352467114425.h5,Bowl,75467099fb4d6984df85db41e3677c28,0.0520000842,0.0094423525,meshes/Bowl/75467099fb4d6984df85db41e3677c28.obj,2000,0.639,0.4479009222720507,0.9603549774141475,True
Bowl_7ebbe5e7d05da436f926435cc723d8ad_0.0011390722751992977.h5,D:\3d-grasp-pose-estimation\dataset\grasps\Bowl_7ebbe5e7d05da436f926435cc723d8ad_0.0011390722751992977.h5,Bowl,7ebbe5e7d05da436f926435cc723d8ad,0.0420365444,0.0011390723,meshes/Bowl/7ebbe5e7d05da436f926435cc723d8ad.obj,2000,0.6545,0.4413725107268055,0.9790518306275284,True
Bowl_7ebbe5e7d05da436f926435cc723d8ad_0.0013103274711867717.h5,D:\3d-grasp-pose-estimation\dataset\grasps\Bowl_7ebbe5e7d05da436f926435cc723d8ad_0.0013103274711867717.h5,Bowl,7ebbe5e7d05da436f926435cc723d8ad,0.0639900872,0.0013103275,meshes/Bowl/7ebbe5e7d05da436f926435cc723d8ad.obj,2000,0.7385,0.5021490740171365,0.9678649964516672,True
Bowl_8bb057d18e2fcc4779368d1198f406e7_0.00039522838962311325.h5,D:\3d-grasp-pose-estimation\dataset\grasps\Bowl_8bb057d18e2fcc4779368d1198f406e7_0.00039522838962311325.h5,Bowl,8bb057d18e2fcc4779368d1198f406e7,0.0290197606,0.0003952284,meshes/Bowl/8bb057d18e2fcc4779368d1198f406e7.obj,2000,0.886,0.6172674568920039,0.9722611151072053,True
Bowl_8bb057d18e2fcc4779368d1198f406e7_0.0006642791719489186.h5,D:\3d-grasp-pose-estimation\dataset\grasps\Bowl_8bb057d18e2fcc4779368d1198f406e7_0.0006642791719489186.h5,Bowl,8bb057d18e2fcc4779368d1198f406e7,0.1377848077,0.0006642792,meshes/Bowl/8bb057d18e2fcc4779368d1198f406e7.obj,2000,0.852,0.6156187012456714,0.9637072198002086,True
Bowl_8e840ba109f252534c6955b188e290e0_0.020694713428071655.h5,D:\3d-grasp-pose-estimation\dataset\grasps\Bowl_8e840ba109f252534c6955b188e290e0_0.020694713428071655.h5,Bowl,8e840ba109f252534c6955b188e290e0,0.0363344822,0.0206947134,meshes/Bowl/8e840ba109f252534c6955b188e290e0.obj,2000,0.8985,0.6389400566539502,0.9545722150230328,False
Bowl_8e840ba109f252534c6955b188e290e0_0.02731175815929465.h5,D:\3d-grasp-pose-estimation\dataset\grasps\Bowl_8e840ba109f252534c6955b188e290e0_0.02731175815929465.h5,Bowl,8e840ba109f252534c6955b188e290e0,0.0835198488,0.0273117582,meshes/Bowl/8e840ba109f252534c6955b188e290e0.obj,2000,0.89,0.6383496622676103,0.9591433534678944,False
Bowl_8eab5598b81afd7bab5b523beb03efcd_0.016465111202245027.h5,D:\3d-grasp-pose-estimation\dataset\grasps\Bowl_8eab5598b81afd7bab5b523beb03efcd_0.016465111202245027.h5,Bowl,8eab5598b81afd7bab5b523beb03efcd,0.0597325369,0.0164651112,meshes/Bowl/8eab5598b81afd7bab5b523beb03efcd.obj,2000,0.8605,0.4567792121241711,0.9101569815283508,False
Bowl_8eab5598b81afd7bab5b523beb03efcd_0.01659404715980015.h5,D:\3d-grasp-pose-estimation\dataset\grasps\Bowl_8eab5598b81afd7bab5b523beb03efcd_0.01659404715980015.h5,Bowl,8eab5598b81afd7bab5b523beb03efcd,0.0611468255,0.0165940472,meshes/Bowl/8eab5598b81afd7bab5b523beb03efcd.obj,2000,0.8485,0.4509153305788558,0.9260755173653528,False
Bowl_93549505ef8635c1bcbf660e2675e1a7_0.0009556997217894341.h5,D:\3d-grasp-pose-estimation\dataset\grasps\Bowl_93549505ef8635c1bcbf660e2675e1a7_0.0009556997217894341.h5,Bowl,93549505ef8635c1bcbf660e2675e1a7,0.0428305921,0.0009556997,meshes/Bowl/93549505ef8635c1bcbf660e2675e1a7.obj,2000,0.5765,0.3808598959412901,0.8945250601473025,True
Bowl_93549505ef8635c1bcbf660e2675e1a7_0.0009594949299757703.h5,D:\3d-grasp-pose-estimation\dataset\grasps\Bowl_93549505ef8635c1bcbf660e2675e1a7_0.0009594949299757703.h5,Bowl,93549505ef8635c1bcbf660e2675e1a7,0.0433428787,0.0009594949,meshes/Bowl/93549505ef8635c1bcbf660e2675e1a7.obj,2000,0.5955,0.3971461427030325,0.88121399732022,True
Bowl_95ac294f47fd7d87e0b49f27ced29e3_0.0006209519202115681.h5,D:\3d-grasp-pose-estimation\dataset\grasps\Bowl_95ac294f47fd7d87e0b49f27ced29e3_0.0006209519202115681.h5,Bowl,95ac294f47fd7d87e0b49f27ced29e3,0.0164374605,0.0006209519,meshes/Bowl/95ac294f47fd7d87e0b49f27ced29e3.obj,2000,0.7985,0.5400460050947915,0.944231989206264,True
Bowl_95ac294f47fd7d87e0b49f27ced29e3_0.0008357974151618388.h5,D:\3d-grasp-pose-estimation\dataset\grasps\Bowl_95ac294f47fd7d87e0b49f27ced29e3_0.0008357974151618388.h5,Bowl,95ac294f47fd7d87e0b49f27ced29e3,0.0400833369,0.0008357974,meshes/Bowl/95ac294f47fd7d87e0b49f27ced29e3.obj,2000,0.7895,0.5575111184811433,0.9506762817652848,True
Bowl_960c5c5bff2d3a4bbced73c51e99f8b2_0.02048968292213743.h5,D:\3d-grasp-pose-estimation\dataset\grasps\Bowl_960c5c5bff2d3a4bbced73c51e99f8b2_0.02048968292213743.h5,Bowl,960c5c5bff2d3a4bbced73c51e99f8b2,0.0545213347,0.0204896829,meshes/Bowl/960c5c5bff2d3a4bbced73c51e99f8b2.obj,2000,0.936,0.6625391720434546,0.9623673005124022,False
Bowl_960c5c5bff2d3a4bbced73c51e99f8b2_0.022720078677308506.h5,D:\3d-grasp-pose-estimation\dataset\grasps\Bowl_960c5c5bff2d3a4bbced73c51e99f8b2_0.022720078677308506.h5,Bowl,960c5c5bff2d3a4bbced73c51e99f8b2,0.0743344716,0.0227200787,meshes/Bowl/960c5c5bff2d3a4bbced73c51e99f8b2.obj,2000,0.9115,0.6471557331149491,0.9671791184390126,False
Bowl_9a52843cc89cd208362be90aaa182ec6_0.0008104428339208306.h5,D:\3d-grasp-pose-estimation\dataset\grasps\Bowl_9a52843cc89cd208362be90aaa182ec6_0.0008104428339208306.h5,Bowl,9a52843cc89cd208362be90aaa182ec6,0.0111429568,0.0008104428,meshes/Bowl/9a52843cc89cd208362be90aaa182ec6.obj,2000,0.9815,0.7517755534417404,0.9865119622209112,True
Bowl_9a52843cc89cd208362be90aaa182ec6_0.0010737825484392965.h5,D:\3d-grasp-pose-estimation\dataset\grasps\Bowl_9a52843cc89cd208362be90aaa182ec6_0.0010737825484392965.h5,Bowl,9a52843cc89cd208362be90aaa182ec6,0.0259168559,0.0010737825,meshes/Bowl/9a52843cc89cd208362be90aaa182ec6.obj,2000,0.9745,0.7364321756299073,0.9774537108000008,True
Bowl_9bc687dcffc25b955d20b6ca8788556a_0.0005146822576220273.h5,D:\3d-grasp-pose-estimation\dataset\grasps\Bowl_9bc687dcffc25b955d20b6ca8788556a_0.0005146822576220273.h5,Bowl,9bc687dcffc25b955d20b6ca8788556a,0.2081395501,0.0005146823,meshes/Bowl/9bc687dcffc25b955d20b6ca8788556a.obj,2000,0.2075,0.1526610285135116,0.97204205421037,True
Bowl_9bc687dcffc25b955d20b6ca8788556a_0.000651343559225736.h5,D:\3d-grasp-pose-estimation\dataset\grasps\Bowl_9bc687dcffc25b955d20b6ca8788556a_0.000651343559225736.h5,Bowl,9bc687dcffc25b955d20b6ca8788556a,0.4218590677,0.0006513436,meshes/Bowl/9bc687dcffc25b955d20b6ca8788556a.obj,2000,0.102,0.0760355093838696,0.9269979180061768,True
Bowl_a2841256fc6fd90da518b93bb7233de6_0.004244684214281594.h5,D:\3d-grasp-pose-estimation\dataset\grasps\Bowl_a2841256fc6fd90da518b93bb7233de6_0.004244684214281594.h5,Bowl,a2841256fc6fd90da518b93bb7233de6,0.1273899651,0.0042446842,meshes/Bowl/a2841256fc6fd90da518b93bb7233de6.obj,2000,0.48,0.3382365292592726,0.9022604787704994,True
Bowl_a2841256fc6fd90da518b93bb7233de6_0.005858650373959828.h5,D:\3d-grasp-pose-estimation\dataset\grasps\Bowl_a2841256fc6fd90da518b93bb7233de6_0.005858650373959828.h5,Bowl,a2841256fc6fd90da518b93bb7233de6,0.3349591179,0.0058586504,meshes/Bowl/a2841256fc6fd90da518b93bb7233de6.obj,2000,0.5835,0.4519084120843697,0.9405812059291044,True
Bowl_b70690efb402013233e4fde2bc371944_0.015515418844513545.h5,D:\3d-grasp-pose-estimation\dataset\grasps\Bowl_b70690efb402013233e4fde2bc371944_0.015515418844513545.h5,Bowl,b70690efb402013233e4fde2bc371944,0.0384433152,0.0155154188,meshes/Bowl/b70690efb402013233e4fde2bc371944.obj,2000,0.1455,0.0733309840083905,0.95336471107862,False
Bowl_b70690efb402013233e4fde2bc371944_0.026366294024916997.h5,D:\3d-grasp-pose-estimation\dataset\grasps\Bowl_b70690efb402013233e4fde2bc371944_0.026366294024916997.h5,Bowl,b70690efb402013233e4fde2bc371944,0.1886590283,0.026366294,meshes/Bowl/b70690efb402013233e4fde2bc371944.obj,2000,0.084,0.0400831827311055,0.9116638015052128,False
Bowl_be3c2533130dd3da55f46d55537192b6_0.013156122001711273.h5,D:\3d-grasp-pose-estimation\dataset\grasps\Bowl_be3c2533130dd3da55f46d55537192b6_0.013156122001711273.h5,Bowl,be3c2533130dd3da55f46d55537192b6,0.0413542918,0.013156122,meshes/Bowl/be3c2533130dd3da55f46d55537192b6.obj,2000,0.899,0.5864108039087216,0.9862871051176691,False
Bowl_be3c2533130dd3da55f46d55537192b6_0.013351912237308652.h5,D:\3d-grasp-pose-estimation\dataset\grasps\Bowl_be3c2533130dd3da55f46d55537192b6_0.013351912237308652.h5,Bowl,be3c2533130dd3da55f46d55537192b6,0.0432282165,0.0133519122,meshes/Bowl/be3c2533130dd3da55f46d55537192b6.obj,2000,0.875,0.5672520589265228,0.964169664029952,False
Bowl_c5a2f2b387962f95efa86b03d795ce7f_0.012684466593248754.h5,D:\3d-grasp-pose-estimation\dataset\grasps\Bowl_c5a2f2b387962f95efa86b03d795ce7f_0.012684466593248754.h5,Bowl,c5a2f2b387962f95efa86b03d795ce7f,0.0852299261,0.0126844666,meshes/Bowl/c5a2f2b387962f95efa86b03d795ce7f.obj,2000,0.106,0.0769448367960049,0.9798617808379068,False
Bowl_c5a2f2b387962f95efa86b03d795ce7f_0.017055380186458552.h5,D:\3d-grasp-pose-estimation\dataset\grasps\Bowl_c5a2f2b387962f95efa86b03d795ce7f_0.017055380186458552.h5,Bowl,c5a2f2b387962f95efa86b03d795ce7f,0.2071856631,0.0170553802,meshes/Bowl/c5a2f2b387962f95efa86b03d795ce7f.obj,2000,0.3095,0.2088687612354816,0.9868777854009684,False
Bowl_c7c85d488c446f4ef3e6849120d48a9a_0.0002320172575154197.h5,D:\3d-grasp-pose-estimation\dataset\grasps\Bowl_c7c85d488c446f4ef3e6849120d48a9a_0.0002320172575154197.h5,Bowl,c7c85d488c446f4ef3e6849120d48a9a,0.0582111656,0.0002320173,meshes/Bowl/c7c85d488c446f4ef3e6849120d48a9a.obj,2000,0.1835,0.1257676236243994,0.961744707340835,True
Bowl_c7c85d488c446f4ef3e6849120d48a9a_0.00025445471089617666.h5,D:\3d-grasp-pose-estimation\dataset\grasps\Bowl_c7c85d488c446f4ef3e6849120d48a9a_0.00025445471089617666.h5,Bowl,c7c85d488c446f4ef3e6849120d48a9a,0.0767850932,0.0002544547,meshes/Bowl/c7c85d488c446f4ef3e6849120d48a9a.obj,2000,0.2135,0.1473927743111044,0.9470067679667036,True
Bowl_d65a2b5811df52f2e10ddc5f810dd417_0.012049683547860865.h5,D:\3d-grasp-pose-estimation\dataset\grasps\Bowl_d65a2b5811df52f2e10ddc5f810dd417_0.012049683547860865.h5,Bowl,d65a2b5811df52f2e10ddc5f810dd417,0.0439835989,0.0120496835,meshes/Bowl/d65a2b5811df52f2e10ddc5f810dd417.obj,2000,0.58,0.2502858118781053,0.9182846450759848,False
Bowl_d65a2b5811df52f2e10ddc5f810dd417_0.017759894402002936.h5,D:\3d-grasp-pose-estimation\dataset\grasps\Bowl_d65a2b5811df52f2e10ddc5f810dd417_0.017759894402002936.h5,Bowl,d65a2b5811df52f2e10ddc5f810dd417,0.140826691,0.0177598944,meshes/Bowl/d65a2b5811df52f2e10ddc5f810dd417.obj,2000,0.823,0.3359043487463233,0.9425381974594292,False
Bowl_d81f943065391492a7e760c0b399301_0.0007778185983445542.h5,D:\3d-grasp-pose-estimation\dataset\grasps\Bowl_d81f943065391492a7e760c0b399301_0.0007778185983445542.h5,Bowl,d81f943065391492a7e760c0b399301,0.1059326975,0.0007778186,meshes/Bowl/d81f943065391492a7e760c0b399301.obj,2000,0.4965,0.316812615671395,0.9757523989246794,True
Bowl_da1f2b790740d6b61310f14cdd81f288_0.00026838227835902366.h5,D:\3d-grasp-pose-estimation\dataset\grasps\Bowl_da1f2b790740d6b61310f14cdd81f288_0.00026838227835902366.h5,Bowl,da1f2b790740d6b61310f14cdd81f288,0.0153167277,0.0002683823,meshes/Bowl/da1f2b790740d6b61310f14cdd81f288.obj,2000,0.904,0.6307436620793442,0.9534998966611364,True
Bowl_da1f2b790740d6b61310f14cdd81f288_0.0004263797702795084.h5,D:\3d-grasp-pose-estimation\dataset\grasps\Bowl_da1f2b790740d6b61310f14cdd81f288_0.0004263797702795084.h5,Bowl,da1f2b790740d6b61310f14cdd81f288,0.0614178005,0.0004263798,meshes/Bowl/da1f2b790740d6b61310f14cdd81f288.obj,2000,0.9185,0.6572832347409627,0.9530618745055416,True
Bowl_dd381b3459767f7b18f18cdcd25d1bbb_0.01123382655932829.h5,D:\3d-grasp-pose-estimation\dataset\grasps\Bowl_dd381b3459767f7b18f18cdcd25d1bbb_0.01123382655932829.h5,Bowl,dd381b3459767f7b18f18cdcd25d1bbb,0.0223010239,0.0112338266,meshes/Bowl/dd381b3459767f7b18f18cdcd25d1bbb.obj,2000,0.941,0.4560375864171916,0.8942238560357569,False
Bowl_dd381b3459767f7b18f18cdcd25d1bbb_0.013229002858712108.h5,D:\3d-grasp-pose-estimation\dataset\grasps\Bowl_dd381b3459767f7b18f18cdcd25d1bbb_0.013229002858712108.h5,Bowl,dd381b3459767f7b18f18cdcd25d1bbb,0.0364185785,0.0132290029,meshes/Bowl/dd381b3459767f7b18f18cdcd25d1bbb.obj,2000,0.9485,0.4326480829047905,0.8879348679553601,False
Bowl_e2485e9899c45b4213c8070bd9ea6b40_0.011246209241245529.h5,D:\3d-grasp-pose-estimation\dataset\grasps\Bowl_e2485e9899c45b4213c8070bd9ea6b40_0.011246209241245529.h5,Bowl,e2485e9899c45b4213c8070bd9ea6b40,0.0215045325,0.0112462092,meshes/Bowl/e2485e9899c45b4213c8070bd9ea6b40.obj,2000,0.2735,0.1839612509484103,0.9407224638409122,False
Bowl_e2485e9899c45b4213c8070bd9ea6b40_0.014523586076947004.h5,D:\3d-grasp-pose-estimation\dataset\grasps\Bowl_e2485e9899c45b4213c8070bd9ea6b40_0.014523586076947004.h5,Bowl,e2485e9899c45b4213c8070bd9ea6b40,0.0463162209,0.0145235861,meshes/Bowl/e2485e9899c45b4213c8070bd9ea6b40.obj,2000,0.211,0.1576115435982871,0.9769165522143312,False
Bowl_ecb86f63e92e346a25c70fb1df3f879b_0.0019229394884531623.h5,D:\3d-grasp-pose-estimation\dataset\grasps\Bowl_ecb86f63e92e346a25c70fb1df3f879b_0.0019229394884531623.h5,Bowl,ecb86f63e92e346a25c70fb1df3f879b,0.1378576515,0.0019229395,meshes/Bowl/ecb86f63e92e346a25c70fb1df3f879b.obj,2000,0.8735,0.6100028734595405,0.9525512817810506,True
Bowl_ecb86f63e92e346a25c70fb1df3f879b_0.0020468137291924297.h5,D:\3d-grasp-pose-estimation\dataset\grasps\Bowl_ecb86f63e92e346a25c70fb1df3f879b_0.0020468137291924297.h5,Bowl,ecb86f63e92e346a25c70fb1df3f879b,0.1662528067,0.0020468137,meshes/Bowl/ecb86f63e92e346a25c70fb1df3f879b.obj,2000,0.865,0.6094768393327293,0.9512782747322118,True
Bowl_fa23aa60ec51c8e4c40fe5637f0a27e1_0.0006927004766994205.h5,D:\3d-grasp-pose-estimation\dataset\grasps\Bowl_fa23aa60ec51c8e4c40fe5637f0a27e1_0.0006927004766994205.h5,Bowl,fa23aa60ec51c8e4c40fe5637f0a27e1,0.0108210274,0.0006927005,meshes/Bowl/fa23aa60ec51c8e4c40fe5637f0a27e1.obj,2000,0.7855,0.5380595050895453,0.9573135422187372,True
Bowl_fa23aa60ec51c8e4c40fe5637f0a27e1_0.0011453696738545679.h5,D:\3d-grasp-pose-estimation\dataset\grasps\Bowl_fa23aa60ec51c8e4c40fe5637f0a27e1_0.0011453696738545679.h5,Bowl,fa23aa60ec51c8e4c40fe5637f0a27e1,0.0489180435,0.0011453697,meshes/Bowl/fa23aa60ec51c8e4c40fe5637f0a27e1.obj,2000,0.927,0.6566007593332097,0.9540658456631496,True
Bowl_fca9fcb710592311d291861d5bc3e7c8_0.01803497507623384.h5,D:\3d-grasp-pose-estimation\dataset\grasps\Bowl_fca9fcb710592311d291861d5bc3e7c8_0.01803497507623384.h5,Bowl,fca9fcb710592311d291861d5bc3e7c8,0.1809942866,0.0180349751,meshes/Bowl/fca9fcb710592311d291861d5bc3e7c8.obj,2000,0.298,0.2691580631654733,0.9889606948287708,False
Bowl_fca9fcb710592311d291861d5bc3e7c8_0.021479065513404366.h5,D:\3d-grasp-pose-estimation\dataset\grasps\Bowl_fca9fcb710592311d291861d5bc3e7c8_0.021479065513404366.h5,Bowl,fca9fcb710592311d291861d5bc3e7c8,0.3057485277,0.0214790655,meshes/Bowl/fca9fcb710592311d291861d5bc3e7c8.obj,2000,0.076,0.058148557306517,0.9844604848351952,False
Calculator_1195f3e9e2d20c31af2bcf0b16fddd8f_0.05766135157332172.h5,D:\3d-grasp-pose-estimation\dataset\grasps\Calculator_1195f3e9e2d20c31af2bcf0b16fddd8f_0.05766135157332172.h5,Calculator,1195f3e9e2d20c31af2bcf0b16fddd8f,0.1524636272,0.0576613516,meshes/Calculator/1195f3e9e2d20c31af2bcf0b16fddd8f.obj,2000,0.9185,0.6858117495486977,0.9889643775905036,False
Calculator_1cdb3ab817e6cefdc0dc668541bf405a_0.022011145230877056.h5,D:\3d-grasp-pose-estimation\dataset\grasps\Calculator_1cdb3ab817e6cefdc0dc668541bf405a_0.022011145230877056.h5,Calculator,1cdb3ab817e6cefdc0dc668541bf405a,0.0079014383,0.0220111452,meshes/Calculator/1cdb3ab817e6cefdc0dc668541bf405a.obj,2000,0.893,0.4281839710205653,0.8864422615483779,False
Calculator_28c54e8b42c04eab47a3c30e38e33df7_0.03435474657962324.h5,D:\3d-grasp-pose-estimation\dataset\grasps\Calculator_28c54e8b42c04eab47a3c30e38e33df7_0.03435474657962324.h5,Calculator,28c54e8b42c04eab47a3c30e38e33df7,0.0423804698,0.0343547466,meshes/Calculator/28c54e8b42c04eab47a3c30e38e33df7.obj,2000,0.9215,0.6561268711707611,0.962586113917622,False
Calculator_28cae57a8d9f858b92eb9b3d545b01bd_0.0013138507391008353.h5,D:\3d-grasp-pose-estimation\dataset\grasps\Calculator_28cae57a8d9f858b92eb9b3d545b01bd_0.0013138507391008353.h5,Calculator,28cae57a8d9f858b92eb9b3d545b01bd,0.1687346836,0.0013138507,meshes/Calculator/28cae57a8d9f858b92eb9b3d545b01bd.obj,2000,0.9,0.6706611920542515,0.9771398312546312,True
Calculator_387e59aec6f5fdc04b836f408176a54c_0.032567092189596206.h5,D:\3d-grasp-pose-estimation\dataset\grasps\Calculator_387e59aec6f5fdc04b836f408176a54c_0.032567092189596206.h5,Calculator,387e59aec6f5fdc04b836f408176a54c,0.0641779092,0.0325670922,meshes/Calculator/387e59aec6f5fdc04b836f408176a54c.obj,2000,0.898,0.6541385190607257,0.974086595865504,False
Calculator_3b947648cfb77c92dc6e31f308657eca_0.03988385484348776.h5,D:\3d-grasp-pose-estimation\dataset\grasps\Calculator_3b947648cfb77c92dc6e31f308657eca_0.03988385484348776.h5,Calculator,3b947648cfb77c92dc6e31f308657eca,0.1112733495,0.0398838548,meshes/Calculator/3b947648cfb77c92dc6e31f308657eca.obj,2000,0.734,0.5756007246965801,0.9676848733916772,False
Calculator_473ea02038078433988af32f989056a2_0.0012995009015940961.h5,D:\3d-grasp-pose-estimation\dataset\grasps\Calculator_473ea02038078433988af32f989056a2_0.0012995009015940961.h5,Calculator,473ea02038078433988af32f989056a2,0.0223679807,0.0012995009,meshes/Calculator/473ea02038078433988af32f989056a2.obj,2000,0.929,0.6505401551571222,0.9864107410659044,True
Calculator_473ea02038078433988af32f989056a2_0.001854207747333579.h5,D:\3d-grasp-pose-estimation\dataset\grasps\Calculator_473ea02038078433988af32f989056a2_0.001854207747333579.h5,Calculator,473ea02038078433988af32f989056a2,0.0649788765,0.0018542077,meshes/Calculator/473ea02038078433988af32f989056a2.obj,2000,0.92,0.6661642721784595,0.973680383930585,True
Calculator_52ffe1a907d8349bd48efd896a2846bc_0.016179033555004312.h5,D:\3d-grasp-pose-estimation\dataset\grasps\Calculator_52ffe1a907d8349bd48efd896a2846bc_0.016179033555004312.h5,Calculator,52ffe1a907d8349bd48efd896a2846bc,0.0081416051,0.0161790336,meshes/Calculator/52ffe1a907d8349bd48efd896a2846bc.obj,2000,0.7905,0.5377112266010688,0.9662491842238892,False
Calculator_57f8d6a2c733c5795bbea6ee257e41cc_0.014772785793104039.h5,D:\3d-grasp-pose-estimation\dataset\grasps\Calculator_57f8d6a2c733c5795bbea6ee257e41cc_0.014772785793104039.h5,Calculator,57f8d6a2c733c5795bbea6ee257e41cc,0.0206943404,0.0147727858,meshes/Calculator/57f8d6a2c733c5795bbea6ee257e41cc.obj,2000,0.9615,0.6945422356881968,0.9687232421822692,False
Calculator_58787f4e0d10d8eee04b0ea419de85e_0.029843567347268667.h5,D:\3d-grasp-pose-estimation\dataset\grasps\Calculator_58787f4e0d10d8eee04b0ea419de85e_0.029843567347268667.h5,Calculator,58787f4e0d10d8eee04b0ea419de85e,0.0416704106,0.0298435673,meshes/Calculator/58787f4e0d10d8eee04b0ea419de85e.obj,2000,0.9195,0.617972908094341,0.966468726521206,False
Calculator_5e82ba29356e199ba701d7974c476044_0.04203819651164185.h5,D:\3d-grasp-pose-estimation\dataset\grasps\Calculator_5e82ba29356e199ba701d7974c476044_0.04203819651164185.h5,Calculator,5e82ba29356e199ba701d7974c476044,0.1058288457,0.0420381965,meshes/Calculator/5e82ba29356e199ba701d7974c476044.obj,2000,0.9325,0.5620737974038539,0.9350497791332032,False
Calculator_62b3e184f027575ecd0ef049f5791ffc_0.0011774411121421016.h5,D:\3d-grasp-pose-estimation\dataset\grasps\Calculator_62b3e184f027575ecd0ef049f5791ffc_0.0011774411121421016.h5,Calculator,62b3e184f027575ecd0ef049f5791ffc,0.1801502821,0.0011774411,meshes/Calculator/62b3e184f027575ecd0ef049f5791ffc.obj,2000,0.911,0.6718658359542,0.973924413378393,True
Calculator_62be0f7fe8076ede31fd93e535713515_0.04818599021288477.h5,D:\3d-grasp-pose-estimation\dataset\grasps\Calculator_62be0f7fe8076ede31fd93e535713515_0.04818599021288477.h5,Calculator,62be0f7fe8076ede31fd93e535713515,0.0838213941,0.0481859902,meshes/Calculator/62be0f7fe8076ede31fd93e535713515.obj,2000,0.8125,0.58034719521188,0.9634354072654052,False
Calculator_6679ba12b3966188de86c9f6866913f8_0.01819459488987794.h5,D:\3d-grasp-pose-estimation\dataset\grasps\Calculator_6679ba12b3966188de86c9f6866913f8_0.01819459488987794.h5,Calculator,6679ba12b3966188de86c9f6866913f8,0.0435147661,0.0181945949,meshes/Calculator/6679ba12b3966188de86c9f6866913f8.obj,2000,0.796,0.5775646182974833,0.9781056348812588,False
Calculator_67efcc256e30d958873597b3ac6495b5_0.00094052190255744.h5,D:\3d-grasp-pose-estimation\dataset\grasps\Calculator_67efcc256e30d958873597b3ac6495b5_0.00094052190255744.h5,Calculator,67efcc256e30d958873597b3ac6495b5,0.7257531947,0.0009405219,meshes/Calculator/67efcc256e30d958873597b3ac6495b5.obj,2000,0.313,0.2324377494585567,0.9048161842950648,True
Calculator_67efcc256e30d958873597b3ac6495b5_0.0010300597987060146.h5,D:\3d-grasp-pose-estimation\dataset\grasps\Calculator_67efcc256e30d958873597b3ac6495b5_0.0010300597987060146.h5,Calculator,67efcc256e30d958873597b3ac6495b5,0.9533876647,0.0010300598,meshes/Calculator/67efcc256e30d958873597b3ac6495b5.obj,2000,0.304,0.2221456832846043,0.9139589903520936,True
Calculator_6b33f889e5b2c5b6177ef3150c947f22_0.016394137192127275.h5,D:\3d-grasp-pose-estimation\dataset\grasps\Calculator_6b33f889e5b2c5b6177ef3150c947f22_0.016394137192127275.h5,Calculator,6b33f889e5b2c5b6177ef3150c947f22,0.0083461592,0.0163941372,meshes/Calculator/6b33f889e5b2c5b6177ef3150c947f22.obj,2000,0.9115,0.6186214843078378,0.9372893286526488,False
Calculator_6ba3f8a4a4750534cc2e054c56e9a85a_0.05136224143657811.h5,D:\3d-grasp-pose-estimation\dataset\grasps\Calculator_6ba3f8a4a4750534cc2e054c56e9a85a_0.05136224143657811.h5,Calculator,6ba3f8a4a4750534cc2e054c56e9a85a,0.464121831,0.0513622414,meshes/Calculator/6ba3f8a4a4750534cc2e054c56e9a85a.obj,2000,0.469,0.3422852990471273,0.929234013873706,False
Calculator_79bf4603c04aa8ae1cdded8ccd3a3fa1_0.0002529586226571369.h5,D:\3d-grasp-pose-estimation\dataset\grasps\Calculator_79bf4603c04aa8ae1cdded8ccd3a3fa1_0.0002529586226571369.h5,Calculator,79bf4603c04aa8ae1cdded8ccd3a3fa1,0.0029220973,0.0002529586,meshes/Calculator/79bf4603c04aa8ae1cdded8ccd3a3fa1.obj,2000,0.776,0.4637047053614381,0.9559685279500812,True
Calculator_79bf4603c04aa8ae1cdded8ccd3a3fa1_0.0005821041618077966.h5,D:\3d-grasp-pose-estimation\dataset\grasps\Calculator_79bf4603c04aa8ae1cdded8ccd3a3fa1_0.0005821041618077966.h5,Calculator,79bf4603c04aa8ae1cdded8ccd3a3fa1,0.0356080605,0.0005821042,meshes/Calculator/79bf4603c04aa8ae1cdded8ccd3a3fa1.obj,2000,0.803,0.5868867471769139,0.968102984448365,True
Calculator_88c302d87bda30c65e8f8bafc1052064_0.04646751072912213.h5,D:\3d-grasp-pose-estimation\dataset\grasps\Calculator_88c302d87bda30c65e8f8bafc1052064_0.04646751072912213.h5,Calculator,88c302d87bda30c65e8f8bafc1052064,0.1298730658,0.0464675107,meshes/Calculator/88c302d87bda30c65e8f8bafc1052064.obj,2000,0.8865,0.6739028071760049,0.9735865181391056,False
Calculator_8b292f77d3ceca046440583ca66a6ee_0.043453770846639074.h5,D:\3d-grasp-pose-estimation\dataset\grasps\Calculator_8b292f77d3ceca046440583ca66a6ee_0.043453770846639074.h5,Calculator,8b292f77d3ceca046440583ca66a6ee,0.0855141149,0.0434537708,meshes/Calculator/8b292f77d3ceca046440583ca66a6ee.obj,2000,0.8295,0.6132893757268638,0.9715517591319622,False
Calculator_8ccb82862dac1e512846fa729d90e125_0.03896279385841016.h5,D:\3d-grasp-pose-estimation\dataset\grasps\Calculator_8ccb82862dac1e512846fa729d90e125_0.03896279385841016.h5,Calculator,8ccb82862dac1e512846fa729d90e125,0.0777037155,0.0389627939,meshes/Calculator/8ccb82862dac1e512846fa729d90e125.obj,2000,0.7665,0.5706005328508186,0.9799721933738968,False
Calculator_9601a3be08cd1dcfc6f38051a0177f8e_0.02578465976827547.h5,D:\3d-grasp-pose-estimation\dataset\grasps\Calculator_9601a3be08cd1dcfc6f38051a0177f8e_0.02578465976827547.h5,Calculator,9601a3be08cd1dcfc6f38051a0177f8e,0.0546386009,0.0257846598,meshes/Calculator/9601a3be08cd1dcfc6f38051a0177f8e.obj,2000,0.8435,0.6118048967587576,0.976670292093449,False
Calculator_98eb939617847c7f3827f738c1a435b_0.023604141372611496.h5,D:\3d-grasp-pose-estimation\dataset\grasps\Calculator_98eb939617847c7f3827f738c1a435b_0.023604141372611496.h5,Calculator,98eb939617847c7f3827f738c1a435b,0.261265828,0.0236041414,meshes/Calculator/98eb939617847c7f3827f738c1a435b.obj,2000,0.6455,0.48658138745069,0.9717240961950672,False
Calculator_9c9b1758dd61c4168d66b04680005e70_0.01990942561214854.h5,D:\3d-grasp-pose-estimation\dataset\grasps\Calculator_9c9b1758dd61c4168d66b04680005e70_0.01990942561214854.h5,Calculator,9c9b1758dd61c4168d66b04680005e70,0.0350348972,0.0199094256,meshes/Calculator/9c9b1758dd61c4168d66b04680005e70.obj,2000,0.88,0.3963126940872968,0.8926950022591695,False
Calculator_a1a602b6c9467ce1920de219c00d1c3b_0.050880375993039566.h5,D:\3d-grasp-pose-estimation\dataset\grasps\Calculator_a1a602b6c9467ce1920de219c00d1c3b_0.050880375993039566.h5,Calculator,a1a602b6c9467ce1920de219c00d1c3b,0.2152150309,0.050880376,meshes/Calculator/a1a602b6c9467ce1920de219c00d1c3b.obj,2000,0.741,0.5549738950298284,0.9644359071109524,False
Calculator_abe7d4239af7db4f69efbadfeeff28b7_0.03809134116874479.h5,D:\3d-grasp-pose-estimation\dataset\grasps\Calculator_abe7d4239af7db4f69efbadfeeff28b7_0.03809134116874479.h5,Calculator,abe7d4239af7db4f69efbadfeeff28b7,0.1564170211,0.0380913412,meshes/Calculator/abe7d4239af7db4f69efbadfeeff28b7.obj,2000,0.8305,0.6203854599664202,0.9681881476793384,False
Calculator_ba19649ebdf4e92fa6fdf2685cdc27cd_0.01891742328295218.h5,D:\3d-grasp-pose-estimation\dataset\grasps\Calculator_ba19649ebdf4e92fa6fdf2685cdc27cd_0.01891742328295218.h5,Calculator,ba19649ebdf4e92fa6fdf2685cdc27cd,0.0011847507,0.0189174233,meshes/Calculator/ba19649ebdf4e92fa6fdf2685cdc27cd.obj,2000,0.94,0.6076530548587225,0.9322148400886692,False
Calculator_bd983ce3c4734098303cda9f385c061_0.00030766581658982456.h5,D:\3d-grasp-pose-estimation\dataset\grasps\Calculator_bd983ce3c4734098303cda9f385c061_0.00030766581658982456.h5,Calculator,bd983ce3c4734098303cda9f385c061,0.1706708557,0.0003076658,meshes/Calculator/bd983ce3c4734098303cda9f385c061.obj,2000,0.865,0.6720125132284752,0.9741426619915484,True
Calculator_c13f22c6d442694a45d5a97317136194_0.000650279622730277.h5,D:\3d-grasp-pose-estimation\dataset\grasps\Calculator_c13f22c6d442694a45d5a97317136194_0.000650279622730277.h5,Calculator,c13f22c6d442694a45d5a97317136194,0.0470074448,0.0006502796,meshes/Calculator/c13f22c6d442694a45d5a97317136194.obj,2000,0.9145,0.657351669623073,0.9729279877132744,True
Calculator_cdf2273b23d3f147f1c83b9415baaca4_0.023184843627211512.h5,D:\3d-grasp-pose-estimation\dataset\grasps\Calculator_cdf2273b23d3f147f1c83b9415baaca4_0.023184843627211512.h5,Calculator,cdf2273b23d3f147f1c83b9415baaca4,0.2715639889,0.0231848436,meshes/Calculator/cdf2273b23d3f147f1c83b9415baaca4.obj,2000,0.3275,0.2558983661808393,0.9682602290960428,False
Calculator_d08f980577e061b3689728fb96d00170_0.029114818031504987.h5,D:\3d-grasp-pose-estimation\dataset\grasps\Calculator_d08f980577e061b3689728fb96d00170_0.029114818031504987.h5,Calculator,d08f980577e061b3689728fb96d00170,0.0786719794,0.029114818,meshes/Calculator/d08f980577e061b3689728fb96d00170.obj,2000,0.8505,0.624075401125206,0.9805748419768464,False
Calculator_ddd053d1db789cca9c6d98002e5b7f0_0.04931607678352191.h5,D:\3d-grasp-pose-estimation\dataset\grasps\Calculator_ddd053d1db789cca9c6d98002e5b7f0_0.04931607678352191.h5,Calculator,ddd053d1db789cca9c6d98002e5b7f0,0.0501045609,0.0493160768,meshes/Calculator/ddd053d1db789cca9c6d98002e5b7f0.obj,2000,0.841,0.607396349590737,0.9553517215046607,False
Calculator_e1b66636b997771b23cad435b162a966_0.0003668723724952453.h5,D:\3d-grasp-pose-estimation\dataset\grasps\Calculator_e1b66636b997771b23cad435b162a966_0.0003668723724952453.h5,Calculator,e1b66636b997771b23cad435b162a966,0.1574296211,0.0003668724,meshes/Calculator/e1b66636b997771b23cad435b162a966.obj,2000,0.729,0.5704805983940449,0.9722920777676544,True
Calculator_e74f9d8953b07caf0c9aa1f26355fec_0.02146180225534246.h5,D:\3d-grasp-pose-estimation\dataset\grasps\Calculator_e74f9d8953b07caf0c9aa1f26355fec_0.02146180225534246.h5,Calculator,e74f9d8953b07caf0c9aa1f26355fec,0.0114686732,0.0214618023,meshes/Calculator/e74f9d8953b07caf0c9aa1f26355fec.obj,2000,0.8325,0.4983413600350491,0.9648574653411186,False
Camera_1221201ed6aac041745b4b48c30a506e_0.06289237422334275.h5,D:\3d-grasp-pose-estimation\dataset\grasps\Camera_1221201ed6aac041745b4b48c30a506e_0.06289237422334275.h5,Camera,1221201ed6aac041745b4b48c30a506e,0.0166548714,0.0628923742,meshes/Camera/1221201ed6aac041745b4b48c30a506e.obj,2000,0.687,0.4956239210022397,0.974140711267164,False
Camera_155ffb08fba5df33f0c6f578f0594c3_0.0005503148206901729.h5,D:\3d-grasp-pose-estimation\dataset\grasps\Camera_155ffb08fba5df33f0c6f578f0594c3_0.0005503148206901729.h5,Camera,155ffb08fba5df33f0c6f578f0594c3,0.2229003638,0.0005503148,meshes/Camera/155ffb08fba5df33f0c6f578f0594c3.obj,2000,0.809,0.5744657177856675,0.985986204007091,True
Camera_1ab3abb5c090d9b68e940c4e64a94e1e_0.0093254513746155.h5,D:\3d-grasp-pose-estimation\dataset\grasps\Camera_1ab3abb5c090d9b68e940c4e64a94e1e_0.0093254513746155.h5,Camera,1ab3abb5c090d9b68e940c4e64a94e1e,0.1969635689,0.0093254514,meshes/Camera/1ab3abb5c090d9b68e940c4e64a94e1e.obj,2000,0.658,0.4824379906064535,0.9906790127424648,True
Camera_1cc93f96ad5e16a85d3f270c1c35f1c7_0.0044886857774932435.h5,D:\3d-grasp-pose-estimation\dataset\grasps\Camera_1cc93f96ad5e16a85d3f270c1c35f1c7_0.0044886857774932435.h5,Camera,1cc93f96ad5e16a85d3f270c1c35f1c7,0.0163218135,0.0044886858,meshes/Camera/1cc93f96ad5e16a85d3f270c1c35f1c7.obj,2000,0.7815,0.544417100737264,0.9793646895200576,True
Camera_235a6dd25c0a6f7b66f19f26ac490096_0.0502029476387363.h5,D:\3d-grasp-pose-estimation\dataset\grasps\Camera_235a6dd25c0a6f7b66f19f26ac490096_0.0502029476387363.h5,Camera,235a6dd25c0a6f7b66f19f26ac490096,0.825922113,0.0502029476,meshes/Camera/235a6dd25c0a6f7b66f19f26ac490096.obj,2000,0.0,0.0,0.0,False
Camera_25c02ff35176dd9b693204b85bb5df03_0.0011901623263404738.h5,D:\3d-grasp-pose-estimation\dataset\grasps\Camera_25c02ff35176dd9b693204b85bb5df03_0.0011901623263404738.h5,Camera,25c02ff35176dd9b693204b85bb5df03,0.1107784562,0.0011901623,meshes/Camera/25c02ff35176dd9b693204b85bb5df03.obj,2000,0.8225,0.6555414171137872,0.9939049859250012,True
Camera_2693df58698a2ca29c723bc28575d785_0.0039579565522273805.h5,D:\3d-grasp-pose-estimation\dataset\grasps\Camera_2693df58698a2ca29c723bc28575d785_0.0039579565522273805.h5,Camera,2693df58698a2ca29c723bc28575d785,0.3510043742,0.0039579566,meshes/Camera/2693df58698a2ca29c723bc28575d785.obj,2000,0.7635,0.6567961327491924,0.9719146293351164,True
Camera_277d39e828e52f276f6efea42bf79478_0.030988064725856333.h5,D:\3d-grasp-pose-estimation\dataset\grasps\Camera_277d39e828e52f276f6efea42bf79478_0.030988064725856333.h5,Camera,277d39e828e52f276f6efea42bf79478,0.4374946037,0.0309880647,meshes/Camera/277d39e828e52f276f6efea42bf79478.obj,2000,0.3915,0.2894336002312354,0.9380157173926684,False
Camera_2fc6168fba3ef6953ada8db96f6d95a3_0.0028122353080823202.h5,D:\3d-grasp-pose-estimation\dataset\grasps\Camera_2fc6168fba3ef6953ada8db96f6d95a3_0.0028122353080823202.h5,Camera,2fc6168fba3ef6953ada8db96f6d95a3,0.0438645467,0.0028122353,meshes/Camera/2fc6168fba3ef6953ada8db96f6d95a3.obj,2000,0.7255,0.52429561755354,0.9894765912853016,True
Camera_2fc6168fba3ef6953ada8db96f6d95a3_0.0056405113643264795.h5,D:\3d-grasp-pose-estimation\dataset\grasps\Camera_2fc6168fba3ef6953ada8db96f6d95a3_0.0056405113643264795.h5,Camera,2fc6168fba3ef6953ada8db96f6d95a3,0.3539273393,0.0056405114,meshes/Camera/2fc6168fba3ef6953ada8db96f6d95a3.obj,2000,0.2785,0.1973600485187759,0.911191339367357,True
Camera_3008d608438d62a96e70c97582b58466_0.00022521161299334807.h5,D:\3d-grasp-pose-estimation\dataset\grasps\Camera_3008d608438d62a96e70c97582b58466_0.00022521161299334807.h5,Camera,3008d608438d62a96e70c97582b58466,0.0247377337,0.0002252116,meshes/Camera/3008d608438d62a96e70c97582b58466.obj,2000,0.6495,0.4774187124268827,0.9673458466897874,True
Camera_32f4aa21bdb87e5997a5d09d1e29f30b_0.0035452846904191885.h5,D:\3d-grasp-pose-estimation\dataset\grasps\Camera_32f4aa21bdb87e5997a5d09d1e29f30b_0.0035452846904191885.h5,Camera,32f4aa21bdb87e5997a5d09d1e29f30b,0.0013639599,0.0035452847,meshes/Camera/32f4aa21bdb87e5997a5d09d1e29f30b.obj,2000,0.898,0.6411249996726196,0.9874862496581844,True
Camera_4570f175711c193cc01557b97c8aeedb_0.013563807497287278.h5,D:\3d-grasp-pose-estimation\dataset\grasps\Camera_4570f175711c193cc01557b97c8aeedb_0.013563807497287278.h5,Camera,4570f175711c193cc01557b97c8aeedb,0.0003212554,0.0135638075,meshes/Camera/4570f175711c193cc01557b97c8aeedb.obj,2000,0.694,0.3669506177464554,0.9758221311004064,False
Camera_4801fb3bd8ed2551d4ab0eed66631cfe_0.08725773674005217.h5,D:\3d-grasp-pose-estimation\dataset\grasps\Camera_4801fb3bd8ed2551d4ab0eed66631cfe_0.08725773674005217.h5,Camera,4801fb3bd8ed2551d4ab0eed66631cfe,0.1150947766,0.0872577367,meshes/Camera/4801fb3bd8ed2551d4ab0eed66631cfe.obj,2000,0.4865,0.3035872037210606,0.9212801795698954,False
Camera_48e26e789524c158e1e4b7162e96446c_0.055445629686042504.h5,D:\3d-grasp-pose-estimation\dataset\grasps\Camera_48e26e789524c158e1e4b7162e96446c_0.055445629686042504.h5,Camera,48e26e789524c158e1e4b7162e96446c,1.5430436553,0.0554456297,meshes/Camera/48e26e789524c158e1e4b7162e96446c.obj,2000,0.019,0.0161202716145002,0.898096162323532,False
Camera_4b99c1df215aa8e0fb1dc300162ac931_0.012980615517408676.h5,D:\3d-grasp-pose-estimation\dataset\grasps\Camera_4b99c1df215aa8e0fb1dc300162ac931_0.012980615517408676.h5,Camera,4b99c1df215aa8e0fb1dc300162ac931,0.0140662103,0.0129806155,meshes/Camera/4b99c1df215aa8e0fb1dc300162ac931.obj,2000,0.668,0.4777974935215756,0.969980470097667,False
Camera_4cd861035c740db5a33f3afcb8763f26_0.0002763834031799505.h5,D:\3d-grasp-pose-estimation\dataset\grasps\Camera_4cd861035c740db5a33f3afcb8763f26_0.0002763834031799505.h5,Camera,4cd861035c740db5a33f3afcb8763f26,0.0060831046,0.0002763834,meshes/Camera/4cd861035c740db5a33f3afcb8763f26.obj,2000,0.6115,0.4256158063301044,0.9510967028176422,True
Camera_4cd861035c740db5a33f3afcb8763f26_0.0009882019364893808.h5,D:\3d-grasp-pose-estimation\dataset\grasps\Camera_4cd861035c740db5a33f3afcb8763f26_0.0009882019364893808.h5,Camera,4cd861035c740db5a33f3afcb8763f26,0.2780523078,0.0009882019,meshes/Camera/4cd861035c740db5a33f3afcb8763f26.obj,2000,0.3435,0.2760254644399429,0.9894334818810512,True
Camera_509017601d92a7d1db286a46dfc37518_0.0005890840347066602.h5,D:\3d-grasp-pose-estimation\dataset\grasps\Camera_509017601d92a7d1db286a46dfc37518_0.0005890840347066602.h5,Camera,509017601d92a7d1db286a46dfc37518,0.8242938268,0.000589084,meshes/Camera/509017601d92a7d1db286a46dfc37518.obj,2000,0.048,0.0424249441493915,0.9193106076429644,True
Camera_5265ff657b9db80cafae29a76344a143_0.007153253033780975.h5,D:\3d-grasp-pose-estimation\dataset\grasps\Camera_5265ff657b9db80cafae29a76344a143_0.007153253033780975.h5,Camera,5265ff657b9db80cafae29a76344a143,0.5223126507,0.007153253,meshes/Camera/5265ff657b9db80cafae29a76344a143.obj,2000,0.124,0.0863861107828328,0.9715506214226078,True
Camera_5334cfe15f80099f15ac67104577aee7_0.05180484881354359.h5,D:\3d-grasp-pose-estimation\dataset\grasps\Camera_5334cfe15f80099f15ac67104577aee7_0.05180484881354359.h5,Camera,5334cfe15f80099f15ac67104577aee7,0.1396125806,0.0518048488,meshes/Camera/5334cfe15f80099f15ac67104577aee7.obj,2000,0.8205,0.6014156402763924,0.9676382871564168,False
Camera_54a51457d6dd2e1a3f7e27638e63d848_0.019636112700937913.h5,D:\3d-grasp-pose-estimation\dataset\grasps\Camera_54a51457d6dd2e1a3f7e27638e63d848_0.019636112700937913.h5,Camera,54a51457d6dd2e1a3f7e27638e63d848,0.0264457198,0.0196361127,meshes/Camera/54a51457d6dd2e1a3f7e27638e63d848.obj,2000,0.664,0.4902676661943149,0.9727188990593488,False
Camera_58cf4c93d21340eb348c71ec1478fcc0_0.001743971258921778.h5,D:\3d-grasp-pose-estimation\dataset\grasps\Camera_58cf4c93d21340eb348c71ec1478fcc0_0.001743971258921778.h5,Camera,58cf4c93d21340eb348c71ec1478fcc0,0.1186340224,0.0017439713,meshes/Camera/58cf4c93d21340eb348c71ec1478fcc0.obj,2000,0.8385,0.6446269862137408,0.9753008072052192,True
Camera_63d98cb438b2167bfd3570ab026dd825_0.00045040865183606485.h5,D:\3d-grasp-pose-estimation\dataset\grasps\Camera_63d98cb438b2167bfd3570ab026dd825_0.00045040865183606485.h5,Camera,63d98cb438b2167bfd3570ab026dd825,0.0784745758,0.0004504087,meshes/Camera/63d98cb438b2167bfd3570ab026dd825.obj,2000,0.367,0.272994514739788,0.9787331658045008,True
Camera_63ecda62ba75d0bc1431e1988c14c42c_0.09107329082198003.h5,D:\3d-grasp-pose-estimation\dataset\grasps\Camera_63ecda62ba75d0bc1431e1988c14c42c_0.09107329082198003.h5,Camera,63ecda62ba75d0bc1431e1988c14c42c,1.2048032422,0.0910732908,meshes/Camera/63ecda62ba75d0bc1431e1988c14c42c.obj,2000,0.0,0.0,0.0,False
Camera_6ca77b19e3f52c5031c1d3ccd72d7161_0.046047270048849474.h5,D:\3d-grasp-pose-estimation\dataset\grasps\Camera_6ca77b19e3f52c5031c1d3ccd72d7161_0.046047270048849474.h5,Camera,6ca77b19e3f52c5031c1d3ccd72d7161,0.5363997401,0.04604727,meshes/Camera/6ca77b19e3f52c5031c1d3ccd72d7161.obj,2000,0.0585,0.0458984972134893,0.9592329110148397,False
Camera_7077395b60bf4aeb3cb44973ec1ffcf8_0.06227829605733262.h5,D:\3d-grasp-pose-estimation\dataset\grasps\Camera_7077395b60bf4aeb3cb44973ec1ffcf8_0.06227829605733262.h5,Camera,7077395b60bf4aeb3cb44973ec1ffcf8,0.8903251818,0.0622782961,meshes/Camera/7077395b60bf4aeb3cb44973ec1ffcf8.obj,2000,0.6135,0.2012931842825397,0.8994160315495483,False
Camera_74ebdf5a3cdf33ebc6966f67e1bb9e90_0.0042491508956876735.h5,D:\3d-grasp-pose-estimation\dataset\grasps\Camera_74ebdf5a3cdf33ebc6966f67e1bb9e90_0.0042491508956876735.h5,Camera,74ebdf5a3cdf33ebc6966f67e1bb9e90,0.1024036826,0.0042491509,meshes/Camera/74ebdf5a3cdf33ebc6966f67e1bb9e90.obj,2000,0.729,0.5810499131112178,0.9711626170101872,True
Camera_7ad99d8afa9923f62ca4ccaac6a2d1d_0.02011891998607204.h5,D:\3d-grasp-pose-estimation\dataset\grasps\Camera_7ad99d8afa9923f62ca4ccaac6a2d1d_0.02011891998607204.h5,Camera,7ad99d8afa9923f62ca4ccaac6a2d1d,0.3468377749,0.02011892,meshes/Camera/7ad99d8afa9923f62ca4ccaac6a2d1d.obj,2000,0.7505,0.440054166889172,0.9595180432716738,False
Camera_7bff4fd4dc53de7496dece3f86cb5dd5_0.029545033807903347.h5,D:\3d-grasp-pose-estimation\dataset\grasps\Camera_7bff4fd4dc53de7496dece3f86cb5dd5_0.029545033807903347.h5,Camera,7bff4fd4dc53de7496dece3f86cb5dd5,0.0337740436,0.0295450338,meshes/Camera/7bff4fd4dc53de7496dece3f86cb5dd5.obj,2000,0.842,0.612060030915117,0.9742551705174356,False
Camera_7ef29f8a7a132c46e0afa7d1aded497_0.04051839303943796.h5,D:\3d-grasp-pose-estimation\dataset\grasps\Camera_7ef29f8a7a132c46e0afa7d1aded497_0.04051839303943796.h5,Camera,7ef29f8a7a132c46e0afa7d1aded497,0.1543992288264867,0.0405183930394379,meshes/Camera/7ef29f8a7a132c46e0afa7d1aded497.obj,2000,0.953,0.7209317459023589,0.9705982112281604,False
Camera_7fb6049c54bca61895fab40439a8e375_0.00010902320926205311.h5,D:\3d-grasp-pose-estimation\dataset\grasps\Camera_7fb6049c54bca61895fab40439a8e375_0.00010902320926205311.h5,Camera,7fb6049c54bca61895fab40439a8e375,0.2541599319,0.0001090232,meshes/Camera/7fb6049c54bca61895fab40439a8e375.obj,2000,0.5885,0.4572251325470459,0.9960680373726594,True
Camera_8432562562f105887b6fd5468f603b31_0.0012372195589183369.h5,D:\3d-grasp-pose-estimation\dataset\grasps\Camera_8432562562f105887b6fd5468f603b31_0.0012372195589183369.h5,Camera,8432562562f105887b6fd5468f603b31,0.019391415,0.0012372196,meshes/Camera/8432562562f105887b6fd5468f603b31.obj,2000,0.7905,0.5866566648710141,0.9532460708212512,True
Camera_879727590f0649c167964ba700cd97f5_0.004786921091619138.h5,D:\3d-grasp-pose-estimation\dataset\grasps\Camera_879727590f0649c167964ba700cd97f5_0.004786921091619138.h5,Camera,879727590f0649c167964ba700cd97f5,0.0428704084,0.0047869211,meshes/Camera/879727590f0649c167964ba700cd97f5.obj,2000,0.821,0.6000748775996945,0.983879883608862,True
Camera_8c1d677d14d828b852ba02b2eec04f5e_0.9914937983477022.h5,D:\3d-grasp-pose-estimation\dataset\grasps\Camera_8c1d677d14d828b852ba02b2eec04f5e_0.9914937983477022.h5,Camera,8c1d677d14d828b852ba02b2eec04f5e,0.2068983024,0.9914937983,meshes/Camera/8c1d677d14d828b852ba02b2eec04f5e.obj,2000,0.414,0.3324319169010715,0.9844844523876912,True
Camera_90198c0aaf0156ce764e2db342c0e628_0.033942810400029506.h5,D:\3d-grasp-pose-estimation\dataset\grasps\Camera_90198c0aaf0156ce764e2db342c0e628_0.033942810400029506.h5,Camera,90198c0aaf0156ce764e2db342c0e628,0.2295049923,0.0339428104,meshes/Camera/90198c0aaf0156ce764e2db342c0e628.obj,2000,0.5805,0.4763280387209399,0.9830244265435958,False
Camera_936a458fdb8eb12171dc2053392a6e6f_0.0013832013609235741.h5,D:\3d-grasp-pose-estimation\dataset\grasps\Camera_936a458fdb8eb12171dc2053392a6e6f_0.0013832013609235741.h5,Camera,936a458fdb8eb12171dc2053392a6e6f,0.156639984,0.0013832014,meshes/Camera/936a458fdb8eb12171dc2053392a6e6f.obj,2000,0.7315,0.5875653177233953,0.970013799729736,True
Camera_a006914d2b0c727bb837f8bbf7b05587_0.03349584381905259.h5,D:\3d-grasp-pose-estimation\dataset\grasps\Camera_a006914d2b0c727bb837f8bbf7b05587_0.03349584381905259.h5,Camera,a006914d2b0c727bb837f8bbf7b05587,0.1473687406,0.0334958438,meshes/Camera/a006914d2b0c727bb837f8bbf7b05587.obj,2000,0.73,0.4734167541472875,0.964965499012391,False
Camera_a230560372fd55a410ec06105f027b7d_0.00022638517087754002.h5,D:\3d-grasp-pose-estimation\dataset\grasps\Camera_a230560372fd55a410ec06105f027b7d_0.00022638517087754002.h5,Camera,a230560372fd55a410ec06105f027b7d,0.0534541,0.0002263852,meshes/Camera/a230560372fd55a410ec06105f027b7d.obj,2000,0.699,0.5297547239751045,0.9765504148399162,True
Camera_a230560372fd55a410ec06105f027b7d_0.0003676710155401569.h5,D:\3d-grasp-pose-estimation\dataset\grasps\Camera_a230560372fd55a410ec06105f027b7d_0.0003676710155401569.h5,Camera,a230560372fd55a410ec06105f027b7d,0.2289893473,0.000367671,meshes/Camera/a230560372fd55a410ec06105f027b7d.obj,2000,0.595,0.5010943644265007,0.9926031965752222,True
Camera_a36da8db1e74034e5b62a49c19c16258_0.00022149493445992478.h5,D:\3d-grasp-pose-estimation\dataset\grasps\Camera_a36da8db1e74034e5b62a49c19c16258_0.00022149493445992478.h5,Camera,a36da8db1e74034e5b62a49c19c16258,0.0059319276,0.0002214949,meshes/Camera/a36da8db1e74034e5b62a49c19c16258.obj,2000,0.851,0.6370593493604895,0.9866172103309884,True
Camera_a59cbd50ecf38a1be2dc67b821479cc4_0.009531284017422925.h5,D:\3d-grasp-pose-estimation\dataset\grasps\Camera_a59cbd50ecf38a1be2dc67b821479cc4_0.009531284017422925.h5,Camera,a59cbd50ecf38a1be2dc67b821479cc4,0.0274887541,0.009531284,meshes/Camera/a59cbd50ecf38a1be2dc67b821479cc4.obj,2000,0.566,0.4292424376062288,0.9809819572283662,True
Camera_a600991b042b2d5492348cc032adf089_0.0003538274193489239.h5,D:\3d-grasp-pose-estimation\dataset\grasps\Camera_a600991b042b2d5492348cc032adf089_0.0003538274193489239.h5,Camera,a600991b042b2d5492348cc032adf089,0.4729020745,0.0003538274,meshes/Camera/a600991b042b2d5492348cc032adf089.obj,2000,0.0745,0.068416921883167,0.9644788557830476,True
Camera_a8961c59576972cb57682b709eb0ab19_0.025679374062972566.h5,D:\3d-grasp-pose-estimation\dataset\grasps\Camera_a8961c59576972cb57682b709eb0ab19_0.025679374062972566.h5,Camera,a8961c59576972cb57682b709eb0ab19,0.0483231115,0.0256793741,meshes/Camera/a8961c59576972cb57682b709eb0ab19.obj,2000,0.89,0.5699972251918366,0.92920604859027,False
Camera_b22e56fdf18e2eb8968b65a7871de463_0.0007688282794562888.h5,D:\3d-grasp-pose-estimation\dataset\grasps\Camera_b22e56fdf18e2eb8968b65a7871de463_0.0007688282794562888.h5,Camera,b22e56fdf18e2eb8968b65a7871de463,0.1648501316,0.0007688283,meshes/Camera/b22e56fdf18e2eb8968b65a7871de463.obj,2000,0.696,0.5268402537441005,0.9829570150059108,True
Camera_b41233d8144ed282f35554ebed2bf2_0.027402792159985825.h5,D:\3d-grasp-pose-estimation\dataset\grasps\Camera_b41233d8144ed282f35554ebed2bf2_0.027402792159985825.h5,Camera,b41233d8144ed282f35554ebed2bf2,0.3455681648,0.0274027922,meshes/Camera/b41233d8144ed282f35554ebed2bf2.obj,2000,0.67,0.4456697277097294,0.9503566747843456,False
Camera_b461b7bc9b9b8f523d90bc70e4e094c0_0.024731055368687287.h5,D:\3d-grasp-pose-estimation\dataset\grasps\Camera_b461b7bc9b9b8f523d90bc70e4e094c0_0.024731055368687287.h5,Camera,b461b7bc9b9b8f523d90bc70e4e094c0,0.0252095038,0.0247310554,meshes/Camera/b461b7bc9b9b8f523d90bc70e4e094c0.obj,2000,0.5925,0.4612091080749778,0.986733709709334,False
Camera_ba553a72dc325a94c874ccdb773635eb_0.035917211885454416.h5,D:\3d-grasp-pose-estimation\dataset\grasps\Camera_ba553a72dc325a94c874ccdb773635eb_0.035917211885454416.h5,Camera,ba553a72dc325a94c874ccdb773635eb,0.3619768903,0.0359172119,meshes/Camera/ba553a72dc325a94c874ccdb773635eb.obj,2000,0.487,0.3333170201601141,0.979534670217608,False
Camera_c53b764706d3ea0c903ed64490279b2a_0.0016537572013706585.h5,D:\3d-grasp-pose-estimation\dataset\grasps\Camera_c53b764706d3ea0c903ed64490279b2a_0.0016537572013706585.h5,Camera,c53b764706d3ea0c903ed64490279b2a,0.2644330167,0.0016537572,meshes/Camera/c53b764706d3ea0c903ed64490279b2a.obj,2000,0.765,0.5744990889078676,0.966172527188522,True
Camera_c802792f388650428341191174307890_0.03699665815834106.h5,D:\3d-grasp-pose-estimation\dataset\grasps\Camera_c802792f388650428341191174307890_0.03699665815834106.h5,Camera,c802792f388650428341191174307890,0.0364416967,0.0369966582,meshes/Camera/c802792f388650428341191174307890.obj,2000,0.4995,0.3605637844705628,0.9486443091379794,False
Camera_d2f14bacb2f02edcc4deaa84594d4473_0.019895569263815444.h5,D:\3d-grasp-pose-estimation\dataset\grasps\Camera_d2f14bacb2f02edcc4deaa84594d4473_0.019895569263815444.h5,Camera,d2f14bacb2f02edcc4deaa84594d4473,0.1776497327,0.0198955693,meshes/Camera/d2f14bacb2f02edcc4deaa84594d4473.obj,2000,0.716,0.5706410461181488,0.9947295641851326,False
Camera_d62ef35bd7fc6b029e81537df43ffef_0.0003175965411265118.h5,D:\3d-grasp-pose-estimation\dataset\grasps\Camera_d62ef35bd7fc6b029e81537df43ffef_0.0003175965411265118.h5,Camera,d62ef35bd7fc6b029e81537df43ffef,0.0139522429,0.0003175965,meshes/Camera/d62ef35bd7fc6b029e81537df43ffef.obj,2000,0.7435,0.5198462861306857,0.947508936275488,True
Camera_d6721b4ee3d004b8c7e03242f1bf8d19_0.02503430869180404.h5,D:\3d-grasp-pose-estimation\dataset\grasps\Camera_d6721b4ee3d004b8c7e03242f1bf8d19_0.02503430869180404.h5,Camera,d6721b4ee3d004b8c7e03242f1bf8d19,0.0199498638,0.0250343087,meshes/Camera/d6721b4ee3d004b8c7e03242f1bf8d19.obj,2000,0.797,0.555640006726976,0.9755917756205692,False
Camera_db663e3f7ee9869f5c351e299b24e355_0.04153258287113816.h5,D:\3d-grasp-pose-estimation\dataset\grasps\Camera_db663e3f7ee9869f5c351e299b24e355_0.04153258287113816.h5,Camera,db663e3f7ee9869f5c351e299b24e355,0.5538500792,0.0415325829,meshes/Camera/db663e3f7ee9869f5c351e299b24e355.obj,2000,0.3465,0.2550113467400738,0.9382803011943684,False
Camera_e5d95c0741290bec53d4d4a926d0dadc_0.0010142554342756948.h5,D:\3d-grasp-pose-estimation\dataset\grasps\Camera_e5d95c0741290bec53d4d4a926d0dadc_0.0010142554342756948.h5,Camera,e5d95c0741290bec53d4d4a926d0dadc,0.772646434,0.0010142554,meshes/Camera/e5d95c0741290bec53d4d4a926d0dadc.obj,2000,0.0785,0.0682227979118106,0.9361715578599252,True
Camera_ebe5e14f4975e9029174750cc2a009c3_0.035507792205624944.h5,D:\3d-grasp-pose-estimation\dataset\grasps\Camera_ebe5e14f4975e9029174750cc2a009c3_0.035507792205624944.h5,Camera,ebe5e14f4975e9029174750cc2a009c3,0.0751396999,0.0355077922,meshes/Camera/ebe5e14f4975e9029174750cc2a009c3.obj,2000,0.661,0.5177684074536345,0.96417828813188,False
Camera_ec28a64bdf9501161bfbba8a5defb02_0.00016879593374774824.h5,D:\3d-grasp-pose-estimation\dataset\grasps\Camera_ec28a64bdf9501161bfbba8a5defb02_0.00016879593374774824.h5,Camera,ec28a64bdf9501161bfbba8a5defb02,0.7717250649,0.0001687959,meshes/Camera/ec28a64bdf9501161bfbba8a5defb02.obj,2000,0.0215,0.0172058393455089,0.9214285404647816,True
Camera_ef8069fb0c4fa45454ea70ce1ed3957e_0.06955167494456135.h5,D:\3d-grasp-pose-estimation\dataset\grasps\Camera_ef8069fb0c4fa45454ea70ce1ed3957e_0.06955167494456135.h5,Camera,ef8069fb0c4fa45454ea70ce1ed3957e,0.1215452849,0.0695516749,meshes/Camera/ef8069fb0c4fa45454ea70ce1ed3957e.obj,2000,0.866,0.6528946353143817,0.9769545425369868,False
Camera_f1558b9324187ad5ee9f6e6cbbdc436f_0.002139482866937616.h5,D:\3d-grasp-pose-estimation\dataset\grasps\Camera_f1558b9324187ad5ee9f6e6cbbdc436f_0.002139482866937616.h5,Camera,f1558b9324187ad5ee9f6e6cbbdc436f,0.0872921964,0.0021394829,meshes/Camera/f1558b9324187ad5ee9f6e6cbbdc436f.obj,2000,0.4545,0.3768420593794325,0.984252921077434,True
Camera_f486c2f051c05ea5e352b5685b8d43e7_0.0004596242461273833.h5,D:\3d-grasp-pose-estimation\dataset\grasps\Camera_f486c2f051c05ea5e352b5685b8d43e7_0.0004596242461273833.h5,Camera,f486c2f051c05ea5e352b5685b8d43e7,0.2124199966,0.0004596242,meshes/Camera/f486c2f051c05ea5e352b5685b8d43e7.obj,2000,0.519,0.4650319883116635,0.9886823182460296,True
Camera_f7ee121bcda734f9e25865f244b5a66_0.0012598442740202336.h5,D:\3d-grasp-pose-estimation\dataset\grasps\Camera_f7ee121bcda734f9e25865f244b5a66_0.0012598442740202336.h5,Camera,f7ee121bcda734f9e25865f244b5a66,0.0095589521,0.0012598443,meshes/Camera/f7ee121bcda734f9e25865f244b5a66.obj,2000,0.881,0.6018950884257215,0.9729284717558048,True
Camera_fc6c022b619da61593d3ed7553ef73bb_0.012605354621890488.h5,D:\3d-grasp-pose-estimation\dataset\grasps\Camera_fc6c022b619da61593d3ed7553ef73bb_0.012605354621890488.h5,Camera,fc6c022b619da61593d3ed7553ef73bb,0.67042301,0.0126053546,meshes/Camera/fc6c022b619da61593d3ed7553ef73bb.obj,2000,0.059,0.0422693596405607,0.850930318522361,False
Camera_fdcd83539b8db2c8b5635bf39f10a28a_0.019691861574108613.h5,D:\3d-grasp-pose-estimation\dataset\grasps\Camera_fdcd83539b8db2c8b5635bf39f10a28a_0.019691861574108613.h5,Camera,fdcd83539b8db2c8b5635bf39f10a28a,0.0201930946,0.0196918616,meshes/Camera/fdcd83539b8db2c8b5635bf39f10a28a.obj,2000,0.5175,0.3645358876908069,0.9783007843307008,False
Camera_fe669947912103aede650492e45fb14f_0.009671518939537561.h5,D:\3d-grasp-pose-estimation\dataset\grasps\Camera_fe669947912103aede650492e45fb14f_0.009671518939537561.h5,Camera,fe669947912103aede650492e45fb14f,0.0551832674,0.0096715189,meshes/Camera/fe669947912103aede650492e45fb14f.obj,2000,0.7655,0.58029272607846,0.9801457393402712,True
Camera_ff74c4d2e710df3401a67448bf8fe08_0.020887983000088303.h5,D:\3d-grasp-pose-estimation\dataset\grasps\Camera_ff74c4d2e710df3401a67448bf8fe08_0.020887983000088303.h5,Camera,ff74c4d2e710df3401a67448bf8fe08,0.8125654913,0.020887983,meshes/Camera/ff74c4d2e710df3401a67448bf8fe08.obj,2000,0.1595,0.1103947567675958,0.9719902903590746,False
CellPhone_136ef91c95ca5c2d4b9a4e1a888c5f59_0.0009443668484597486.h5,D:\3d-grasp-pose-estimation\dataset\grasps\CellPhone_136ef91c95ca5c2d4b9a4e1a888c5f59_0.0009443668484597486.h5,CellPhone,136ef91c95ca5c2d4b9a4e1a888c5f59,0.0959280797,0.0009443668,meshes/CellPhone/136ef91c95ca5c2d4b9a4e1a888c5f59.obj,2000,0.662,0.4786301477302641,0.9756611103871772,True
CellPhone_1376723fa98487933f197465f86dea52_0.007703130126885374.h5,D:\3d-grasp-pose-estimation\dataset\grasps\CellPhone_1376723fa98487933f197465f86dea52_0.007703130126885374.h5,CellPhone,1376723fa98487933f197465f86dea52,0.2427508391,0.0077031301,meshes/CellPhone/1376723fa98487933f197465f86dea52.obj,2000,0.724,0.5510693556949046,0.9792769899472532,True
CellPhone_14726c2482a092d3a9fe1734a6086750_0.00015747183047978784.h5,D:\3d-grasp-pose-estimation\dataset\grasps\CellPhone_14726c2482a092d3a9fe1734a6086750_0.00015747183047978784.h5,CellPhone,14726c2482a092d3a9fe1734a6086750,0.0063483421,0.0001574718,meshes/CellPhone/14726c2482a092d3a9fe1734a6086750.obj,2000,0.9225,0.6409591406034367,0.97844239610712,True
CellPhone_16c6403551e81a3eeedfca8b846d3b01_0.00037642694972568396.h5,D:\3d-grasp-pose-estimation\dataset\grasps\CellPhone_16c6403551e81a3eeedfca8b846d3b01_0.00037642694972568396.h5,CellPhone,16c6403551e81a3eeedfca8b846d3b01,0.1154694502,0.0003764269,meshes/CellPhone/16c6403551e81a3eeedfca8b846d3b01.obj,2000,0.7465,0.5674779168998664,0.9865347529038354,True
CellPhone_18d6296006502cc7aa0a75782a86b0f3_0.007077520953417639.h5,D:\3d-grasp-pose-estimation\dataset\grasps\CellPhone_18d6296006502cc7aa0a75782a86b0f3_0.007077520953417639.h5,CellPhone,18d6296006502cc7aa0a75782a86b0f3,0.1577010307,0.007077521,meshes/CellPhone/18d6296006502cc7aa0a75782a86b0f3.obj,2000,0.8655,0.6173830728591717,0.9463048029585404,True
CellPhone_1984fb95afb6dae5804722305621f918_0.000425687388158104.h5,D:\3d-grasp-pose-estimation\dataset\grasps\CellPhone_1984fb95afb6dae5804722305621f918_0.000425687388158104.h5,CellPhone,1984fb95afb6dae5804722305621f918,0.0126224455,0.0004256874,meshes/CellPhone/1984fb95afb6dae5804722305621f918.obj,2000,0.916,0.6582950798084435,0.9662973851066116,True
CellPhone_1d7830c5d0322518d95aa859a460a9ec_0.018364977508329154.h5,D:\3d-grasp-pose-estimation\dataset\grasps\CellPhone_1d7830c5d0322518d95aa859a460a9ec_0.018364977508329154.h5,CellPhone,1d7830c5d0322518d95aa859a460a9ec,0.0248912826,0.0183649775,meshes/CellPhone/1d7830c5d0322518d95aa859a460a9ec.obj,2000,0.9235,0.5988558866486167,0.9691872525462616,False
CellPhone_1f4e56064de606093e746e5f1700ce1a_0.0009795699843476368.h5,D:\3d-grasp-pose-estimation\dataset\grasps\CellPhone_1f4e56064de606093e746e5f1700ce1a_0.0009795699843476368.h5,CellPhone,1f4e56064de606093e746e5f1700ce1a,0.0165558255,0.00097957,meshes/CellPhone/1f4e56064de606093e746e5f1700ce1a.obj,2000,0.7715,0.5403203636498445,0.9591117475695116,True
CellPhone_2333cb1bbf825467becc5889eb0cb75b_0.02723999444260817.h5,D:\3d-grasp-pose-estimation\dataset\grasps\CellPhone_2333cb1bbf825467becc5889eb0cb75b_0.02723999444260817.h5,CellPhone,2333cb1bbf825467becc5889eb0cb75b,0.0769252664,0.0272399944,meshes/CellPhone/2333cb1bbf825467becc5889eb0cb75b.obj,2000,0.891,0.5566008600471593,0.944966634758395,False
CellPhone_24c665b954ccb8c26e4f3fb3ce0feb39_0.00015674496634011673.h5,D:\3d-grasp-pose-estimation\dataset\grasps\CellPhone_24c665b954ccb8c26e4f3fb3ce0feb39_0.00015674496634011673.h5,CellPhone,24c665b954ccb8c26e4f3fb3ce0feb39,0.0163549148,0.000156745,meshes/CellPhone/24c665b954ccb8c26e4f3fb3ce0feb39.obj,2000,0.938,0.6729796643064825,0.963912058966154,True
CellPhone_25aced12e526ee7c156c6b2b0b4a3b8_0.040209781905535646.h5,D:\3d-grasp-pose-estimation\dataset\grasps\CellPhone_25aced12e526ee7c156c6b2b0b4a3b8_0.040209781905535646.h5,CellPhone,25aced12e526ee7c156c6b2b0b4a3b8,0.0464571879,0.0402097819,meshes/CellPhone/25aced12e526ee7c156c6b2b0b4a3b8.obj,2000,0.8955,0.6106401082838997,0.9385190665801126,False
CellPhone_2682cb34e7db8735bdc7fd7cf135ade2_0.00033920073241914015.h5,D:\3d-grasp-pose-estimation\dataset\grasps\CellPhone_2682cb34e7db8735bdc7fd7cf135ade2_0.00033920073241914015.h5,CellPhone,2682cb34e7db8735bdc7fd7cf135ade2,0.058003894,0.0003392007,meshes/CellPhone/2682cb34e7db8735bdc7fd7cf135ade2.obj,2000,0.933,0.6965907907223509,0.98796441975215,True
CellPhone_2725909a09e1a7961df58f4da76e254b_0.004507594448053885.h5,D:\3d-grasp-pose-estimation\dataset\grasps\CellPhone_2725909a09e1a7961df58f4da76e254b_0.004507594448053885.h5,CellPhone,2725909a09e1a7961df58f4da76e254b,0.5738545633,0.0045075944,meshes/CellPhone/2725909a09e1a7961df58f4da76e254b.obj,2000,0.5315,0.4184282655827361,0.9545711811822551,True
CellPhone_2b221582a01bded2becc5889eb0cb75b_0.01894815114173082.h5,D:\3d-grasp-pose-estimation\dataset\grasps\CellPhone_2b221582a01bded2becc5889eb0cb75b_0.01894815114173082.h5,CellPhone,2b221582a01bded2becc5889eb0cb75b,0.0043045137,0.0189481511,meshes/CellPhone/2b221582a01bded2becc5889eb0cb75b.obj,2000,0.8475,0.5250732033168963,0.901598206562038,False
CellPhone_2bb42eb0676116d41580700c4211a379_0.028533530579383612.h5,D:\3d-grasp-pose-estimation\dataset\grasps\CellPhone_2bb42eb0676116d41580700c4211a379_0.028533530579383612.h5,CellPhone,2bb42eb0676116d41580700c4211a379,0.0222444541,0.0285335306,meshes/CellPhone/2bb42eb0676116d41580700c4211a379.obj,2000,0.8035,0.3693153523784003,0.9172867629353164,False
CellPhone_30b4eb2b7f2e74e3870115a6947530_0.0062468364058733865.h5,D:\3d-grasp-pose-estimation\dataset\grasps\CellPhone_30b4eb2b7f2e74e3870115a6947530_0.0062468364058733865.h5,CellPhone,30b4eb2b7f2e74e3870115a6947530,0.0409345106,0.0062468364,meshes/CellPhone/30b4eb2b7f2e74e3870115a6947530.obj,2000,0.845,0.5814399712506881,0.9739189790373548,True
CellPhone_342ef21b1ed9615685feaf23dbe1f454_0.0004819372808871812.h5,D:\3d-grasp-pose-estimation\dataset\grasps\CellPhone_342ef21b1ed9615685feaf23dbe1f454_0.0004819372808871812.h5,CellPhone,342ef21b1ed9615685feaf23dbe1f454,0.058902601,0.0004819373,meshes/CellPhone/342ef21b1ed9615685feaf23dbe1f454.obj,2000,0.8985,0.6518855513385551,0.9809758984893704,True
CellPhone_345415c84aee5e1e99f14d125f819dd1_0.0007197895953591557.h5,D:\3d-grasp-pose-estimation\dataset\grasps\CellPhone_345415c84aee5e1e99f14d125f819dd1_0.0007197895953591557.h5,CellPhone,345415c84aee5e1e99f14d125f819dd1,0.0525780134,0.0007197896,meshes/CellPhone/345415c84aee5e1e99f14d125f819dd1.obj,2000,0.9005,0.672467990332618,0.9867116440687248,True
CellPhone_35acbed1b3a54d7d980a39e0273687b1_0.04504318792547712.h5,D:\3d-grasp-pose-estimation\dataset\grasps\CellPhone_35acbed1b3a54d7d980a39e0273687b1_0.04504318792547712.h5,CellPhone,35acbed1b3a54d7d980a39e0273687b1,0.1750524438,0.0450431879,meshes/CellPhone/35acbed1b3a54d7d980a39e0273687b1.obj,2000,0.6235,0.3723170453882926,0.9422790251718374,False
CellPhone_365d20ea3f3ba642846fa729d90e125_0.02119218265111673.h5,D:\3d-grasp-pose-estimation\dataset\grasps\CellPhone_365d20ea3f3ba642846fa729d90e125_0.02119218265111673.h5,CellPhone,365d20ea3f3ba642846fa729d90e125,0.0138273004,0.0211921827,meshes/CellPhone/365d20ea3f3ba642846fa729d90e125.obj,2000,0.5795,0.4182348515807174,0.9811008324918704,False
CellPhone_36ed8772c18897d7c58906a1817b2a41_0.00034745210048576694.h5,D:\3d-grasp-pose-estimation\dataset\grasps\CellPhone_36ed8772c18897d7c58906a1817b2a41_0.00034745210048576694.h5,CellPhone,36ed8772c18897d7c58906a1817b2a41,0.0191061371,0.0003474521,meshes/CellPhone/36ed8772c18897d7c58906a1817b2a41.obj,2000,0.8985,0.6382880046949986,0.9713974172403248,True
CellPhone_378bb409b48e53835b6639c43a38be21_0.0012852023149553385.h5,D:\3d-grasp-pose-estimation\dataset\grasps\CellPhone_378bb409b48e53835b6639c43a38be21_0.0012852023149553385.h5,CellPhone,378bb409b48e53835b6639c43a38be21,0.0228849064,0.0012852023,meshes/CellPhone/378bb409b48e53835b6639c43a38be21.obj,2000,0.9205,0.6451718550537018,0.9733290687137458,True
CellPhone_380769bbf131125eafec9235550038aa_0.00032370429666497244.h5,D:\3d-grasp-pose-estimation\dataset\grasps\CellPhone_380769bbf131125eafec9235550038aa_0.00032370429666497244.h5,CellPhone,380769bbf131125eafec9235550038aa,0.1053447322,0.0003237043,meshes/CellPhone/380769bbf131125eafec9235550038aa.obj,2000,0.606,0.4497296847378271,0.9713586998197632,True
CellPhone_39359aaddcc4b761b0a79e28606cb167_0.00047449536154112887.h5,D:\3d-grasp-pose-estimation\dataset\grasps\CellPhone_39359aaddcc4b761b0a79e28606cb167_0.00047449536154112887.h5,CellPhone,39359aaddcc4b761b0a79e28606cb167,0.043290857,0.0004744954,meshes/CellPhone/39359aaddcc4b761b0a79e28606cb167.obj,2000,0.8805,0.6295052948771431,0.9853322371476712,True
CellPhone_3962952c17ac7d134f2cff376d8fda95_0.00037846436612098776.h5,D:\3d-grasp-pose-estimation\dataset\grasps\CellPhone_3962952c17ac7d134f2cff376d8fda95_0.00037846436612098776.h5,CellPhone,3962952c17ac7d134f2cff376d8fda95,0.0643021973,0.0003784644,meshes/CellPhone/3962952c17ac7d134f2cff376d8fda95.obj,2000,0.8245,0.5770805410821362,0.9576153141045952,True
CellPhone_3c8e65d5e1d5394999b5b8ecc373dd91_0.00319598455006182.h5,D:\3d-grasp-pose-estimation\dataset\grasps\CellPhone_3c8e65d5e1d5394999b5b8ecc373dd91_0.00319598455006182.h5,CellPhone,3c8e65d5e1d5394999b5b8ecc373dd91,0.1505935303,0.0031959846,meshes/CellPhone/3c8e65d5e1d5394999b5b8ecc373dd91.obj,2000,0.3435,0.2640351607352654,0.9613292989065306,True
CellPhone_3e2d210b0c417fd07dc210e0cbe8d6ee_0.0005470031397346465.h5,D:\3d-grasp-pose-estimation\dataset\grasps\CellPhone_3e2d210b0c417fd07dc210e0cbe8d6ee_0.0005470031397346465.h5,CellPhone,3e2d210b0c417fd07dc210e0cbe8d6ee,0.0079141233,0.0005470031,meshes/CellPhone/3e2d210b0c417fd07dc210e0cbe8d6ee.obj,2000,0.884,0.6143545920787864,0.9719759926529392,True
CellPhone_427d255534038d47e5eda863cef11226_0.002131887034769054.h5,D:\3d-grasp-pose-estimation\dataset\grasps\CellPhone_427d255534038d47e5eda863cef11226_0.002131887034769054.h5,CellPhone,427d255534038d47e5eda863cef11226,0.1839650441,0.002131887,meshes/CellPhone/427d255534038d47e5eda863cef11226.obj,2000,0.8825,0.6256047819794107,0.9455973912201708,True
CellPhone_42a03d149cdf71a7c156c6b2b0b4a3b8_0.06749950663591921.h5,D:\3d-grasp-pose-estimation\dataset\grasps\CellPhone_42a03d149cdf71a7c156c6b2b0b4a3b8_0.06749950663591921.h5,CellPhone,42a03d149cdf71a7c156c6b2b0b4a3b8,0.2902330104,0.0674995066,meshes/CellPhone/42a03d149cdf71a7c156c6b2b0b4a3b8.obj,2000,0.393,0.2511113564504192,0.9441274685807484,False
CellPhone_4322e0ac9d897177f7df9f2cbbf98673_0.0005068559777622229.h5,D:\3d-grasp-pose-estimation\dataset\grasps\CellPhone_4322e0ac9d897177f7df9f2cbbf98673_0.0005068559777622229.h5,CellPhone,4322e0ac9d897177f7df9f2cbbf98673,0.0040070663,0.000506856,meshes/CellPhone/4322e0ac9d897177f7df9f2cbbf98673.obj,2000,0.8905,0.5484151294321354,0.9606150468071936,True
CellPhone_4322e0ac9d897177f7df9f2cbbf98673_0.00139226194814831.h5,D:\3d-grasp-pose-estimation\dataset\grasps\CellPhone_4322e0ac9d897177f7df9f2cbbf98673_0.00139226194814831.h5,CellPhone,4322e0ac9d897177f7df9f2cbbf98673,0.0830492413,0.0013922619,meshes/CellPhone/4322e0ac9d897177f7df9f2cbbf98673.obj,2000,0.8825,0.6116922532892959,0.957318591822995,True
CellPhone_44d7b5d87c26896944608b3255ca1886_0.004778487595361685.h5,D:\3d-grasp-pose-estimation\dataset\grasps\CellPhone_44d7b5d87c26896944608b3255ca1886_0.004778487595361685.h5,CellPhone,44d7b5d87c26896944608b3255ca1886,0.0924571523,0.0047784876,meshes/CellPhone/44d7b5d87c26896944608b3255ca1886.obj,2000,0.8635,0.6412870359793128,0.9884115873865562,True
CellPhone_471a1ba8c1e1fb0a5b031707d900d7ec_0.0016537135976457135.h5,D:\3d-grasp-pose-estimation\dataset\grasps\CellPhone_471a1ba8c1e1fb0a5b031707d900d7ec_0.0016537135976457135.h5,CellPhone,471a1ba8c1e1fb0a5b031707d900d7ec,0.0087295812,0.0016537136,meshes/CellPhone/471a1ba8c1e1fb0a5b031707d900d7ec.obj,2000,0.96,0.6579519549620043,0.9589551092339108,True
CellPhone_48a4adf9f47b08f06810060c16e68d51_0.024949370452647602.h5,D:\3d-grasp-pose-estimation\dataset\grasps\CellPhone_48a4adf9f47b08f06810060c16e68d51_0.024949370452647602.h5,CellPhone,48a4adf9f47b08f06810060c16e68d51,0.0081400071,0.0249493705,meshes/CellPhone/48a4adf9f47b08f06810060c16e68d51.obj,2000,0.915,0.6230094903474914,0.9283987796536354,False
CellPhone_48a4adf9f47b08f06810060c16e68d51_0.06864077244218393.h5,D:\3d-grasp-pose-estimation\dataset\grasps\CellPhone_48a4adf9f47b08f06810060c16e68d51_0.06864077244218393.h5,CellPhone,48a4adf9f47b08f06810060c16e68d51,0.1695088965,0.0686407724,meshes/CellPhone/48a4adf9f47b08f06810060c16e68d51.obj,2000,0.912,0.64206795253815,0.9659949564229846,False
CellPhone_4a17ee1627cc0242c9e8d695b1dfdde_0.07138008362425668.h5,D:\3d-grasp-pose-estimation\dataset\grasps\CellPhone_4a17ee1627cc0242c9e8d695b1dfdde_0.07138008362425668.h5,CellPhone,4a17ee1627cc0242c9e8d695b1dfdde,0.3315348344,0.0713800836,meshes/CellPhone/4a17ee1627cc0242c9e8d695b1dfdde.obj,2000,0.492,0.3672074447538616,0.9782376397524208,False
CellPhone_4ab745d5e834afd23765349fd8e5584_0.004026773530747203.h5,D:\3d-grasp-pose-estimation\dataset\grasps\CellPhone_4ab745d5e834afd23765349fd8e5584_0.004026773530747203.h5,CellPhone,4ab745d5e834afd23765349fd8e5584,0.0411630153,0.0040267735,meshes/CellPhone/4ab745d5e834afd23765349fd8e5584.obj,2000,0.61,0.4399321461967444,0.9827068903428148,True
CellPhone_4ab745d5e834afd23765349fd8e5584_0.008089623103225242.h5,D:\3d-grasp-pose-estimation\dataset\grasps\CellPhone_4ab745d5e834afd23765349fd8e5584_0.008089623103225242.h5,CellPhone,4ab745d5e834afd23765349fd8e5584,0.3337493506,0.0080896231,meshes/CellPhone/4ab745d5e834afd23765349fd8e5584.obj,2000,0.1725,0.1397330965150902,0.9521986619417177,True
CellPhone_4c992058eca403d9980a39e0273687b1_0.036959886019561294.h5,D:\3d-grasp-pose-estimation\dataset\grasps\CellPhone_4c992058eca403d9980a39e0273687b1_0.036959886019561294.h5,CellPhone,4c992058eca403d9980a39e0273687b1,0.1004370492,0.036959886,meshes/CellPhone/4c992058eca403d9980a39e0273687b1.obj,2000,0.83,0.5132874485515864,0.920514409332624,False
CellPhone_4ce4f7fcf5f0c57a3caebb882f007959_0.001485585956669105.h5,D:\3d-grasp-pose-estimation\dataset\grasps\CellPhone_4ce4f7fcf5f0c57a3caebb882f007959_0.001485585956669105.h5,CellPhone,4ce4f7fcf5f0c57a3caebb882f007959,0.1609866138,0.001485586,meshes/CellPhone/4ce4f7fcf5f0c57a3caebb882f007959.obj,2000,0.876,0.672617767235924,0.9902084204293976,True
CellPhone_4db6499f5cd8e81de246e0ed150b5a5e_0.07998709560607153.h5,D:\3d-grasp-pose-estimation\dataset\grasps\CellPhone_4db6499f5cd8e81de246e0ed150b5a5e_0.07998709560607153.h5,CellPhone,4db6499f5cd8e81de246e0ed150b5a5e,0.2837287211,0.0799870956,meshes/CellPhone/4db6499f5cd8e81de246e0ed150b5a5e.obj,2000,0.635,0.4777631045918136,0.9553117830833714,False
CellPhone_4dc4b935b2f43989becc5889eb0cb75b_0.07899249891060366.h5,D:\3d-grasp-pose-estimation\dataset\grasps\CellPhone_4dc4b935b2f43989becc5889eb0cb75b_0.07899249891060366.h5,CellPhone,4dc4b935b2f43989becc5889eb0cb75b,0.1496665775,0.0789924989,meshes/CellPhone/4dc4b935b2f43989becc5889eb0cb75b.obj,2000,0.58,0.3229280817604024,0.9423688057487416,False
CellPhone_4e2f684b3cebdbc344f470fdd42caac6_0.000252486738657568.h5,D:\3d-grasp-pose-estimation\dataset\grasps\CellPhone_4e2f684b3cebdbc344f470fdd42caac6_0.000252486738657568.h5,CellPhone,4e2f684b3cebdbc344f470fdd42caac6,0.0421180721,0.0002524867,meshes/CellPhone/4e2f684b3cebdbc344f470fdd42caac6.obj,2000,0.6465,0.4275146510897501,0.9378853856077932,True
CellPhone_4e401dd3f80cc5398cb92d283b4ad690_0.0008740049275547231.h5,D:\3d-grasp-pose-estimation\dataset\grasps\CellPhone_4e401dd3f80cc5398cb92d283b4ad690_0.0008740049275547231.h5,CellPhone,4e401dd3f80cc5398cb92d283b4ad690,0.0234674488,0.0008740049,meshes/CellPhone/4e401dd3f80cc5398cb92d283b4ad690.obj,2000,0.851,0.6249274263884101,0.9834728991133964,True
CellPhone_588619a23a5d7812f2f720a563565b58_0.011775332712166905.h5,D:\3d-grasp-pose-estimation\dataset\grasps\CellPhone_588619a23a5d7812f2f720a563565b58_0.011775332712166905.h5,CellPhone,588619a23a5d7812f2f720a563565b58,0.0137870349,0.0117753327,meshes/CellPhone/588619a23a5d7812f2f720a563565b58.obj,2000,0.931,0.6554415407622148,0.937948151763614,False
CellPhone_596e06847f9197d0d5a4f8ac20c6e6d5_0.0002444343317693054.h5,D:\3d-grasp-pose-estimation\dataset\grasps\CellPhone_596e06847f9197d0d5a4f8ac20c6e6d5_0.0002444343317693054.h5,CellPhone,596e06847f9197d0d5a4f8ac20c6e6d5,0.0063903955,0.0002444343,meshes/CellPhone/596e06847f9197d0d5a4f8ac20c6e6d5.obj,2000,0.838,0.5533180625090388,0.9357827640155448,True
CellPhone_59f22509efc4ef00fd99b5d113e1e39a_0.00015392347514253332.h5,D:\3d-grasp-pose-estimation\dataset\grasps\CellPhone_59f22509efc4ef00fd99b5d113e1e39a_0.00015392347514253332.h5,CellPhone,59f22509efc4ef00fd99b5d113e1e39a,0.2472995537,0.0001539235,meshes/CellPhone/59f22509efc4ef00fd99b5d113e1e39a.obj,2000,0.881,0.5909790446548002,0.9623672632073252,True
CellPhone_5abeb89902fa3f4d93e23bce24555640_0.00037360736782423535.h5,D:\3d-grasp-pose-estimation\dataset\grasps\CellPhone_5abeb89902fa3f4d93e23bce24555640_0.00037360736782423535.h5,CellPhone,5abeb89902fa3f4d93e23bce24555640,0.0198967288,0.0003736074,meshes/CellPhone/5abeb89902fa3f4d93e23bce24555640.obj,2000,0.8985,0.6365320630270738,0.977180199606674,True
CellPhone_5abeb89902fa3f4d93e23bce24555640_0.0007155167264750274.h5,D:\3d-grasp-pose-estimation\dataset\grasps\CellPhone_5abeb89902fa3f4d93e23bce24555640_0.0007155167264750274.h5,CellPhone,5abeb89902fa3f4d93e23bce24555640,0.139763818,0.0007155167,meshes/CellPhone/5abeb89902fa3f4d93e23bce24555640.obj,2000,0.8985,0.665196162743036,0.9873836805665908,True
CellPhone_5e32cab23e238e0cb4267f4766f946_9.39847909743844e-05.h5,D:\3d-grasp-pose-estimation\dataset\grasps\CellPhone_5e32cab23e238e0cb4267f4766f946_9.39847909743844e-05.h5,CellPhone,5e32cab23e238e0cb4267f4766f946,0.1199721496,9.39848e-05,meshes/CellPhone/5e32cab23e238e0cb4267f4766f946.obj,2000,0.8415,0.651649119539228,0.9819872498560266,True
CellPhone_610a9f79a2f2faacc43c9f60fcc79b4c_0.03457004225188868.h5,D:\3d-grasp-pose-estimation\dataset\grasps\CellPhone_610a9f79a2f2faacc43c9f60fcc79b4c_0.03457004225188868.h5,CellPhone,610a9f79a2f2faacc43c9f60fcc79b4c,0.0432130758,0.0345700423,meshes/CellPhone/610a9f79a2f2faacc43c9f60fcc79b4c.obj,2000,0.854,0.6261384978038045,0.9693227333581156,False
CellPhone_610a9f79a2f2faacc43c9f60fcc79b4c_0.04743984887542687.h5,D:\3d-grasp-pose-estimation\dataset\grasps\CellPhone_610a9f79a2f2faacc43c9f60fcc79b4c_0.04743984887542687.h5,CellPhone,610a9f79a2f2faacc43c9f60fcc79b4c,0.1116722686,0.0474398489,meshes/CellPhone/610a9f79a2f2faacc43c9f60fcc79b4c.obj,2000,0.832,0.6537226222384727,0.9764140689765376,False
CellPhone_612466085d24ce50b260ba4e94db1a27_0.0437539054664819.h5,D:\3d-grasp-pose-estimation\dataset\grasps\CellPhone_612466085d24ce50b260ba4e94db1a27_0.0437539054664819.h5,CellPhone,612466085d24ce50b260ba4e94db1a27,0.0336603548,0.0437539055,meshes/CellPhone/612466085d24ce50b260ba4e94db1a27.obj,2000,0.838,0.6182324821538271,0.9737980068900308,False
CellPhone_63d7e19327f1bca6fbd525df60e2bb14_0.003512211315271455.h5,D:\3d-grasp-pose-estimation\dataset\grasps\CellPhone_63d7e19327f1bca6fbd525df60e2bb14_0.003512211315271455.h5,CellPhone,63d7e19327f1bca6fbd525df60e2bb14,0.4140871295,0.0035122113,meshes/CellPhone/63d7e19327f1bca6fbd525df60e2bb14.obj,2000,0.521,0.3679415773144928,0.9288937849295824,True
CellPhone_65d6456fa77b526da2c7c5886f4bbc93_0.006511760917154272.h5,D:\3d-grasp-pose-estimation\dataset\grasps\CellPhone_65d6456fa77b526da2c7c5886f4bbc93_0.006511760917154272.h5,CellPhone,65d6456fa77b526da2c7c5886f4bbc93,0.2026725394,0.0065117609,meshes/CellPhone/65d6456fa77b526da2c7c5886f4bbc93.obj,2000,0.883,0.6128955574266963,0.9764783725717918,True
CellPhone_6bec4d34769d9af32b23f814327082fc_0.00039995696731330745.h5,D:\3d-grasp-pose-estimation\dataset\grasps\CellPhone_6bec4d34769d9af32b23f814327082fc_0.00039995696731330745.h5,CellPhone,6bec4d34769d9af32b23f814327082fc,0.0304799902,0.000399957,meshes/CellPhone/6bec4d34769d9af32b23f814327082fc.obj,2000,0.873,0.603579088625783,0.976297810016724,True
CellPhone_6c7fc79a5028bd769caad6e0fbf3962c_0.0013969231366017106.h5,D:\3d-grasp-pose-estimation\dataset\grasps\CellPhone_6c7fc79a5028bd769caad6e0fbf3962c_0.0013969231366017106.h5,CellPhone,6c7fc79a5028bd769caad6e0fbf3962c,0.0443119906,0.0013969231,meshes/CellPhone/6c7fc79a5028bd769caad6e0fbf3962c.obj,2000,0.956,0.6949192841673463,0.9644178433331186,True
CellPhone_6e6d7c2ffadc2fad2fffec7af390883_0.012707668116533163.h5,D:\3d-grasp-pose-estimation\dataset\grasps\CellPhone_6e6d7c2ffadc2fad2fffec7af390883_0.012707668116533163.h5,CellPhone,6e6d7c2ffadc2fad2fffec7af390883,0.1753117668,0.0127076681,meshes/CellPhone/6e6d7c2ffadc2fad2fffec7af390883.obj,2000,0.766,0.581735642789477,0.975254128177764,False
CellPhone_6fd3968f737bcf7e64ac3b2f693d10e5_0.00013867818018173202.h5,D:\3d-grasp-pose-estimation\dataset\grasps\CellPhone_6fd3968f737bcf7e64ac3b2f693d10e5_0.00013867818018173202.h5,CellPhone,6fd3968f737bcf7e64ac3b2f693d10e5,0.0088229247,0.0001386782,meshes/CellPhone/6fd3968f737bcf7e64ac3b2f693d10e5.obj,2000,0.8415,0.568259814059153,0.959962139681073,True
CellPhone_6fd3968f737bcf7e64ac3b2f693d10e5_0.00039489436055466204.h5,D:\3d-grasp-pose-estimation\dataset\grasps\CellPhone_6fd3968f737bcf7e64ac3b2f693d10e5_0.00039489436055466204.h5,CellPhone,6fd3968f737bcf7e64ac3b2f693d10e5,0.2037187327,0.0003948944,meshes/CellPhone/6fd3968f737bcf7e64ac3b2f693d10e5.obj,2000,0.779,0.5739081136763168,0.952816837272722,True
CellPhone_72e61015d1e4fcee8739b6dd0f9695f_0.0012674353689572221.h5,D:\3d-grasp-pose-estimation\dataset\grasps\CellPhone_72e61015d1e4fcee8739b6dd0f9695f_0.0012674353689572221.h5,CellPhone,72e61015d1e4fcee8739b6dd0f9695f,0.137843219,0.0012674354,meshes/CellPhone/72e61015d1e4fcee8739b6dd0f9695f.obj,2000,0.918,0.6660116152433466,0.9823961323942242,True
CellPhone_73d6b5dfb0f2bd8f5c351e299b24e355_0.03450961200338533.h5,D:\3d-grasp-pose-estimation\dataset\grasps\CellPhone_73d6b5dfb0f2bd8f5c351e299b24e355_0.03450961200338533.h5,CellPhone,73d6b5dfb0f2bd8f5c351e299b24e355,0.0396905314,0.034509612,meshes/CellPhone/73d6b5dfb0f2bd8f5c351e299b24e355.obj,2000,0.62,0.4482963417031444,0.986527536102398,False
CellPhone_770166f2c77c9e7a8b19bfbd24fb3100_0.001856081029848279.h5,D:\3d-grasp-pose-estimation\dataset\grasps\CellPhone_770166f2c77c9e7a8b19bfbd24fb3100_0.001856081029848279.h5,CellPhone,770166f2c77c9e7a8b19bfbd24fb3100,0.0097250629,0.001856081,meshes/CellPhone/770166f2c77c9e7a8b19bfbd24fb3100.obj,2000,0.9405,0.6485856526145067,0.965431963947484,True
CellPhone_770166f2c77c9e7a8b19bfbd24fb3100_0.003006289939024627.h5,D:\3d-grasp-pose-estimation\dataset\grasps\CellPhone_770166f2c77c9e7a8b19bfbd24fb3100_0.003006289939024627.h5,CellPhone,770166f2c77c9e7a8b19bfbd24fb3100,0.0413232254,0.0030062899,meshes/CellPhone/770166f2c77c9e7a8b19bfbd24fb3100.obj,2000,0.9345,0.6607802407593574,0.9769503540973286,True
CellPhone_77801d4e3e21c8d31962ed8178fb2189_0.06923893018796144.h5,D:\3d-grasp-pose-estimation\dataset\grasps\CellPhone_77801d4e3e21c8d31962ed8178fb2189_0.06923893018796144.h5,CellPhone,77801d4e3e21c8d31962ed8178fb2189,0.3621278614,0.0692389302,meshes/CellPhone/77801d4e3e21c8d31962ed8178fb2189.obj,2000,0.6745,0.50838525259998,0.9527181582991796,False
CellPhone_7b8cee15c14823463ff936510fe2e02f_0.0005841293895649131.h5,D:\3d-grasp-pose-estimation\dataset\grasps\CellPhone_7b8cee15c14823463ff936510fe2e02f_0.0005841293895649131.h5,CellPhone,7b8cee15c14823463ff936510fe2e02f,0.013362763,0.0005841294,meshes/CellPhone/7b8cee15c14823463ff936510fe2e02f.obj,2000,0.9325,0.6337740391785303,0.9721313002638272,True
CellPhone_7ea27ed05044031a6fe19ebe291582_0.0006125623998643525.h5,D:\3d-grasp-pose-estimation\dataset\grasps\CellPhone_7ea27ed05044031a6fe19ebe291582_0.0006125623998643525.h5,CellPhone,7ea27ed05044031a6fe19ebe291582,0.0057638371,0.0006125624,meshes/CellPhone/7ea27ed05044031a6fe19ebe291582.obj,2000,0.875,0.5948316109610362,0.9531387072115216,True
CellPhone_8388c3768d0fea210bc2436075f6a52_0.04269176164037386.h5,D:\3d-grasp-pose-estimation\dataset\grasps\CellPhone_8388c3768d0fea210bc2436075f6a52_0.04269176164037386.h5,CellPhone,8388c3768d0fea210bc2436075f6a52,0.0466364061,0.0426917616,meshes/CellPhone/8388c3768d0fea210bc2436075f6a52.obj,2000,0.942,0.3748396978470746,0.8910075574745285,False
CellPhone_8388c3768d0fea210bc2436075f6a52_0.07656335344691957.h5,D:\3d-grasp-pose-estimation\dataset\grasps\CellPhone_8388c3768d0fea210bc2436075f6a52_0.07656335344691957.h5,CellPhone,8388c3768d0fea210bc2436075f6a52,0.2690021113,0.0765633534,meshes/CellPhone/8388c3768d0fea210bc2436075f6a52.obj,2000,0.737,0.2539860560036869,0.8311240750648713,False
CellPhone_856af7985cf65ce9c2e7d069edab0831_0.03220257672209463.h5,D:\3d-grasp-pose-estimation\dataset\grasps\CellPhone_856af7985cf65ce9c2e7d069edab0831_0.03220257672209463.h5,CellPhone,856af7985cf65ce9c2e7d069edab0831,0.0486631936,0.0322025767,meshes/CellPhone/856af7985cf65ce9c2e7d069edab0831.obj,2000,0.9455,0.5972506537185479,0.9706519040032376,False
CellPhone_858b400f7d2121753c66719c45320bd_0.0009405379155638143.h5,D:\3d-grasp-pose-estimation\dataset\grasps\CellPhone_858b400f7d2121753c66719c45320bd_0.0009405379155638143.h5,CellPhone,858b400f7d2121753c66719c45320bd,0.0838733804,0.0009405379,meshes/CellPhone/858b400f7d2121753c66719c45320bd.obj,2000,0.9565,0.6986666620000318,0.9767499898425188,True
CellPhone_85a94f368a791343985b19765176f4ab_0.061316954392449066.h5,D:\3d-grasp-pose-estimation\dataset\grasps\CellPhone_85a94f368a791343985b19765176f4ab_0.061316954392449066.h5,CellPhone,85a94f368a791343985b19765176f4ab,0.1718554001,0.0613169544,meshes/CellPhone/85a94f368a791343985b19765176f4ab.obj,2000,0.941,0.6673484138028005,0.9825353503480748,False
CellPhone_872cafaa1a4b658878df813b603fccea_0.001423530673488725.h5,D:\3d-grasp-pose-estimation\dataset\grasps\CellPhone_872cafaa1a4b658878df813b603fccea_0.001423530673488725.h5,CellPhone,872cafaa1a4b658878df813b603fccea,0.0127533467,0.0014235307,meshes/CellPhone/872cafaa1a4b658878df813b603fccea.obj,2000,0.956,0.6659213639361856,0.974315978873031,True
CellPhone_872cafaa1a4b658878df813b603fccea_0.001923160886874107.h5,D:\3d-grasp-pose-estimation\dataset\grasps\CellPhone_872cafaa1a4b658878df813b603fccea_0.001923160886874107.h5,CellPhone,872cafaa1a4b658878df813b603fccea,0.0314463709,0.0019231609,meshes/CellPhone/872cafaa1a4b658878df813b603fccea.obj,2000,0.9475,0.66345609418724,0.977830230614772,True
CellPhone_8826babe37996d5ba7ceedb2540a32b0_0.0017822501376559272.h5,D:\3d-grasp-pose-estimation\dataset\grasps\CellPhone_8826babe37996d5ba7ceedb2540a32b0_0.0017822501376559272.h5,CellPhone,8826babe37996d5ba7ceedb2540a32b0,0.0583193993,0.0017822501,meshes/CellPhone/8826babe37996d5ba7ceedb2540a32b0.obj,2000,0.291,0.2102135231600743,0.969566612544339,True
CellPhone_8aa05d2bb435ab441ac3fdfdb76cf4dc_0.006301511797026789.h5,D:\3d-grasp-pose-estimation\dataset\grasps\CellPhone_8aa05d2bb435ab441ac3fdfdb76cf4dc_0.006301511797026789.h5,CellPhone,8aa05d2bb435ab441ac3fdfdb76cf4dc,0.1919161148,0.0063015118,meshes/CellPhone/8aa05d2bb435ab441ac3fdfdb76cf4dc.obj,2000,0.63,0.4780702014993279,0.9781276095789672,True
CellPhone_8ede5d8c00e10a2ff35554ebed2bf2_0.020731050531139678.h5,D:\3d-grasp-pose-estimation\dataset\grasps\CellPhone_8ede5d8c00e10a2ff35554ebed2bf2_0.020731050531139678.h5,CellPhone,8ede5d8c00e10a2ff35554ebed2bf2,0.0054548335,0.0207310505,meshes/CellPhone/8ede5d8c00e10a2ff35554ebed2bf2.obj,2000,0.937,0.5333433337686236,0.928217804842628,False
CellPhone_9028fceed53a144e10bc2436075f6a52_0.03317246575223956.h5,D:\3d-grasp-pose-estimation\dataset\grasps\CellPhone_9028fceed53a144e10bc2436075f6a52_0.03317246575223956.h5,CellPhone,9028fceed53a144e10bc2436075f6a52,0.0269074939,0.0331724658,meshes/CellPhone/9028fceed53a144e10bc2436075f6a52.obj,2000,0.9485,0.4089398523551434,0.8699690566766186,False
CellPhone_91f2f9df007f4d318fdcd40fee9b11be_0.00015026267620388574.h5,D:\3d-grasp-pose-estimation\dataset\grasps\CellPhone_91f2f9df007f4d318fdcd40fee9b11be_0.00015026267620388574.h5,CellPhone,91f2f9df007f4d318fdcd40fee9b11be,0.0055189689,0.0001502627,meshes/CellPhone/91f2f9df007f4d318fdcd40fee9b11be.obj,2000,0.6585,0.4411418219570023,0.9298351143689312,True
CellPhone_92f2806d4e79471f138a2eb0b24a9d34_0.03481521716436646.h5,D:\3d-grasp-pose-estimation\dataset\grasps\CellPhone_92f2806d4e79471f138a2eb0b24a9d34_0.03481521716436646.h5,CellPhone,92f2806d4e79471f138a2eb0b24a9d34,0.0184440812,0.0348152172,meshes/CellPhone/92f2806d4e79471f138a2eb0b24a9d34.obj,2000,0.9405,0.6534388082681569,0.9688004161612108,False
CellPhone_93d617cb7bf7558671fd17a89eb6aa70_0.0015429093769542045.h5,D:\3d-grasp-pose-estimation\dataset\grasps\CellPhone_93d617cb7bf7558671fd17a89eb6aa70_0.0015429093769542045.h5,CellPhone,93d617cb7bf7558671fd17a89eb6aa70,0.0074605409,0.0015429094,meshes/CellPhone/93d617cb7bf7558671fd17a89eb6aa70.obj,2000,0.778,0.527474725995318,0.9497178049825288,True
CellPhone_97636c08b1f1c4c2420f2c422430d6fa_0.009594520978029472.h5,D:\3d-grasp-pose-estimation\dataset\grasps\CellPhone_97636c08b1f1c4c2420f2c422430d6fa_0.009594520978029472.h5,CellPhone,97636c08b1f1c4c2420f2c422430d6fa,0.0156608368,0.009594521,meshes/CellPhone/97636c08b1f1c4c2420f2c422430d6fa.obj,2000,0.9465,0.6220438228925695,0.9560931682876246,True
CellPhone_98ae1f4e9c6c42423fc645f8192a3987_0.037225836127672864.h5,D:\3d-grasp-pose-estimation\dataset\grasps\CellPhone_98ae1f4e9c6c42423fc645f8192a3987_0.037225836127672864.h5,CellPhone,98ae1f4e9c6c42423fc645f8192a3987,0.0363657826,0.0372258361,meshes/CellPhone/98ae1f4e9c6c42423fc645f8192a3987.obj,2000,0.7455,0.5255618171893746,0.9734694944420744,False
CellPhone_996fd7ccc0567c3c6b2ba76eab0d2b1c_0.04394848534656888.h5,D:\3d-grasp-pose-estimation\dataset\grasps\CellPhone_996fd7ccc0567c3c6b2ba76eab0d2b1c_0.04394848534656888.h5,CellPhone,996fd7ccc0567c3c6b2ba76eab0d2b1c,0.0683824788,0.0439484853,meshes/CellPhone/996fd7ccc0567c3c6b2ba76eab0d2b1c.obj,2000,0.924,0.4803672672652306,0.9334582957854572,False
CellPhone_9b3ceb20bc6037d3168540475994a324_0.00033479276882159096.h5,D:\3d-grasp-pose-estimation\dataset\grasps\CellPhone_9b3ceb20bc6037d3168540475994a324_0.00033479276882159096.h5,CellPhone,9b3ceb20bc6037d3168540475994a324,0.0196922402,0.0003347928,meshes/CellPhone/9b3ceb20bc6037d3168540475994a324.obj,2000,0.7835,0.5531097332674717,0.951245253517408,True
CellPhone_9c1286570bbc6fc78f257ecba9a6ef8_0.002989102007112021.h5,D:\3d-grasp-pose-estimation\dataset\grasps\CellPhone_9c1286570bbc6fc78f257ecba9a6ef8_0.002989102007112021.h5,CellPhone,9c1286570bbc6fc78f257ecba9a6ef8,0.1483537968,0.002989102,meshes/CellPhone/9c1286570bbc6fc78f257ecba9a6ef8.obj,2000,0.934,0.6931822617468183,0.966378773700626,True
CellPhone_9cedde0b189fc03824ec4b72ec33390e_0.0009037545630056431.h5,D:\3d-grasp-pose-estimation\dataset\grasps\CellPhone_9cedde0b189fc03824ec4b72ec33390e_0.0009037545630056431.h5,CellPhone,9cedde0b189fc03824ec4b72ec33390e,0.040737428,0.0009037546,meshes/CellPhone/9cedde0b189fc03824ec4b72ec33390e.obj,2000,0.8965,0.6508349072399624,0.9873436899755176,True
CellPhone_9ddd4f60765fe56df7a6ba154b1bfb92_8.481981161704195e-05.h5,D:\3d-grasp-pose-estimation\dataset\grasps\CellPhone_9ddd4f60765fe56df7a6ba154b1bfb92_8.481981161704195e-05.h5,CellPhone,9ddd4f60765fe56df7a6ba154b1bfb92,0.4837715614,8.48198e-05,meshes/CellPhone/9ddd4f60765fe56df7a6ba154b1bfb92.obj,2000,0.203,0.1629887926474216,0.961354259326574,True
CellPhone_a0402aeeda1803b264ac3b2f693d10e5_0.0003344856522938842.h5,D:\3d-grasp-pose-estimation\dataset\grasps\CellPhone_a0402aeeda1803b264ac3b2f693d10e5_0.0003344856522938842.h5,CellPhone,a0402aeeda1803b264ac3b2f693d10e5,0.1462623718,0.0003344857,meshes/CellPhone/a0402aeeda1803b264ac3b2f693d10e5.obj,2000,0.8865,0.6419951761472098,0.9809805362489508,True
CellPhone_a2dedd1d1369d4ae25bdb70a4d3731d4_0.0033122996669930098.h5,D:\3d-grasp-pose-estimation\dataset\grasps\CellPhone_a2dedd1d1369d4ae25bdb70a4d3731d4_0.0033122996669930098.h5,CellPhone,a2dedd1d1369d4ae25bdb70a4d3731d4,0.1057642464,0.0033122997,meshes/CellPhone/a2dedd1d1369d4ae25bdb70a4d3731d4.obj,2000,0.677,0.5127007300617908,0.9807845765351764,True
CellPhone_a4387fd1049722f53adb21a59d529cb8_0.0012505256989272147.h5,D:\3d-grasp-pose-estimation\dataset\grasps\CellPhone_a4387fd1049722f53adb21a59d529cb8_0.0012505256989272147.h5,CellPhone,a4387fd1049722f53adb21a59d529cb8,0.0432247522,0.0012505257,meshes/CellPhone/a4387fd1049722f53adb21a59d529cb8.obj,2000,0.7935,0.521217148231597,0.9591897373740254,True
CellPhone_a6188e308c33e146821ccd94ca6205_0.029232584681387154.h5,D:\3d-grasp-pose-estimation\dataset\grasps\CellPhone_a6188e308c33e146821ccd94ca6205_0.029232584681387154.h5,CellPhone,a6188e308c33e146821ccd94ca6205,0.1392786674,0.0292325847,meshes/CellPhone/a6188e308c33e146821ccd94ca6205.obj,2000,0.8315,0.5674834286739471,0.9727424003137672,False
CellPhone_a8924202a504478af325eaa2da7ecc8_0.023255843553540843.h5,D:\3d-grasp-pose-estimation\dataset\grasps\CellPhone_a8924202a504478af325eaa2da7ecc8_0.023255843553540843.h5,CellPhone,a8924202a504478af325eaa2da7ecc8,0.0153609616,0.0232558436,meshes/CellPhone/a8924202a504478af325eaa2da7ecc8.obj,2000,0.774,0.4901799572120308,0.9438732870715923,False
CellPhone_a8924202a504478af325eaa2da7ecc8_0.03476624939609954.h5,D:\3d-grasp-pose-estimation\dataset\grasps\CellPhone_a8924202a504478af325eaa2da7ecc8_0.03476624939609954.h5,CellPhone,a8924202a504478af325eaa2da7ecc8,0.0513210621,0.0347662494,meshes/CellPhone/a8924202a504478af325eaa2da7ecc8.obj,2000,0.725,0.4531531035631733,0.969822678339641,False
CellPhone_ac0967f9fe8f63f46b2ba76eab0d2b1c_0.07949046921651963.h5,D:\3d-grasp-pose-estimation\dataset\grasps\CellPhone_ac0967f9fe8f63f46b2ba76eab0d2b1c_0.07949046921651963.h5,CellPhone,ac0967f9fe8f63f46b2ba76eab0d2b1c,0.2025847993,0.0794904692,meshes/CellPhone/ac0967f9fe8f63f46b2ba76eab0d2b1c.obj,2000,0.8585,0.3779234835998183,0.8966152421684335,False
CellPhone_ad4640047f1c3ee9291f5af4cc1dd120_0.000196302959770421.h5,D:\3d-grasp-pose-estimation\dataset\grasps\CellPhone_ad4640047f1c3ee9291f5af4cc1dd120_0.000196302959770421.h5,CellPhone,ad4640047f1c3ee9291f5af4cc1dd120,0.0264309379,0.000196303,meshes/CellPhone/ad4640047f1c3ee9291f5af4cc1dd120.obj,2000,0.684,0.5078801103321943,0.9650396645649508,True
CellPhone_ae86fa976ddb0f923bb35aa9d5fb636b_0.008351510668557627.h5,D:\3d-grasp-pose-estimation\dataset\grasps\CellPhone_ae86fa976ddb0f923bb35aa9d5fb636b_0.008351510668557627.h5,CellPhone,ae86fa976ddb0f923bb35aa9d5fb636b,0.0150783722,0.0083515107,meshes/CellPhone/ae86fa976ddb0f923bb35aa9d5fb636b.obj,2000,0.8295,0.5714347649644643,0.9646937643329134,True
CellPhone_b1feb3020d9380ba4fb324159a14f34e_0.0004908372409599516.h5,D:\3d-grasp-pose-estimation\dataset\grasps\CellPhone_b1feb3020d9380ba4fb324159a14f34e_0.0004908372409599516.h5,CellPhone,b1feb3020d9380ba4fb324159a14f34e,0.0446648982,0.0004908372,meshes/CellPhone/b1feb3020d9380ba4fb324159a14f34e.obj,2000,0.9135,0.6569261123768968,0.9700566342703196,True
CellPhone_b305303ce10b9caad197a144490f1a7c_0.0007943777762709902.h5,D:\3d-grasp-pose-estimation\dataset\grasps\CellPhone_b305303ce10b9caad197a144490f1a7c_0.0007943777762709902.h5,CellPhone,b305303ce10b9caad197a144490f1a7c,0.219334142,0.0007943778,meshes/CellPhone/b305303ce10b9caad197a144490f1a7c.obj,2000,0.6105,0.462095567988424,0.96717920278131,True
CellPhone_b45a8268ef0af4ced1e2e75d4f3c9502_0.0006568360898273383.h5,D:\3d-grasp-pose-estimation\dataset\grasps\CellPhone_b45a8268ef0af4ced1e2e75d4f3c9502_0.0006568360898273383.h5,CellPhone,b45a8268ef0af4ced1e2e75d4f3c9502,0.1488799854,0.0006568361,meshes/CellPhone/b45a8268ef0af4ced1e2e75d4f3c9502.obj,2000,0.694,0.5470579761881031,0.9877593634165504,True
CellPhone_b91bbf0a0d09d2eb243525d45e430520_0.0020093575124886546.h5,D:\3d-grasp-pose-estimation\dataset\grasps\CellPhone_b91bbf0a0d09d2eb243525d45e430520_0.0020093575124886546.h5,CellPhone,b91bbf0a0d09d2eb243525d45e430520,0.1112606159,0.0020093575,meshes/CellPhone/b91bbf0a0d09d2eb243525d45e430520.obj,2000,0.925,0.6686137475404689,0.969530184527576,True
CellPhone_bb0b34d466dbbda110bc2436075f6a52_0.040549234503359795.h5,D:\3d-grasp-pose-estimation\dataset\grasps\CellPhone_bb0b34d466dbbda110bc2436075f6a52_0.040549234503359795.h5,CellPhone,bb0b34d466dbbda110bc2436075f6a52,0.0645537196,0.0405492345,meshes/CellPhone/bb0b34d466dbbda110bc2436075f6a52.obj,2000,0.9165,0.4157537479796605,0.944230828491915,False
CellPhone_bfba0e8cdd5462e4fe103fdbd20df6_0.03696002947241942.h5,D:\3d-grasp-pose-estimation\dataset\grasps\CellPhone_bfba0e8cdd5462e4fe103fdbd20df6_0.03696002947241942.h5,CellPhone,bfba0e8cdd5462e4fe103fdbd20df6,0.1286979554,0.0369600295,meshes/CellPhone/bfba0e8cdd5462e4fe103fdbd20df6.obj,2000,0.847,0.2542452993259924,0.844225922019359,False
CellPhone_c13ce3bd7153ea262388b9322a31a5_0.013129357201738223.h5,D:\3d-grasp-pose-estimation\dataset\grasps\CellPhone_c13ce3bd7153ea262388b9322a31a5_0.013129357201738223.h5,CellPhone,c13ce3bd7153ea262388b9322a31a5,0.0139257484,0.0131293572,meshes/CellPhone/c13ce3bd7153ea262388b9322a31a5.obj,2000,0.87,0.6137773310854934,0.9785703545216646,False
CellPhone_c179b4234e00c6d2ba58668e02b0b051_0.033039459606653186.h5,D:\3d-grasp-pose-estimation\dataset\grasps\CellPhone_c179b4234e00c6d2ba58668e02b0b051_0.033039459606653186.h5,CellPhone,c179b4234e00c6d2ba58668e02b0b051,0.022879907,0.0330394596,meshes/CellPhone/c179b4234e00c6d2ba58668e02b0b051.obj,2000,0.8135,0.453224056310843,0.9380224362837414,False
CellPhone_c2884eed47300891697f9662a764c78_0.06143856814431245.h5,D:\3d-grasp-pose-estimation\dataset\grasps\CellPhone_c2884eed47300891697f9662a764c78_0.06143856814431245.h5,CellPhone,c2884eed47300891697f9662a764c78,0.2656116086,0.0614385681,meshes/CellPhone/c2884eed47300891697f9662a764c78.obj,2000,0.407,0.3266662350844022,0.9673920494392771,False
CellPhone_c29ff2cbafdcf988bd5b0af7009d604c_0.0002413714425622594.h5,D:\3d-grasp-pose-estimation\dataset\grasps\CellPhone_c29ff2cbafdcf988bd5b0af7009d604c_0.0002413714425622594.h5,CellPhone,c29ff2cbafdcf988bd5b0af7009d604c,0.0206973177,0.0002413714,meshes/CellPhone/c29ff2cbafdcf988bd5b0af7009d604c.obj,2000,0.9535,0.6696119370171941,0.9767653920710349,True
CellPhone_c346cf8bf70fabc9e615a342a5da23b6_0.0483642049013075.h5,D:\3d-grasp-pose-estimation\dataset\grasps\CellPhone_c346cf8bf70fabc9e615a342a5da23b6_0.0483642049013075.h5,CellPhone,c346cf8bf70fabc9e615a342a5da23b6,0.3097744401,0.0483642049,meshes/CellPhone/c346cf8bf70fabc9e615a342a5da23b6.obj,2000,0.237,0.154589374540315,0.9232510799652134,False
CellPhone_c68de337e8058d876c3d68c21e39d9c0_0.004126834396411386.h5,D:\3d-grasp-pose-estimation\dataset\grasps\CellPhone_c68de337e8058d876c3d68c21e39d9c0_0.004126834396411386.h5,CellPhone,c68de337e8058d876c3d68c21e39d9c0,0.0458074457,0.0041268344,meshes/CellPhone/c68de337e8058d876c3d68c21e39d9c0.obj,2000,0.8685,0.6366730523929107,0.9859442056340556,True
CellPhone_c68de337e8058d876c3d68c21e39d9c0_0.004378070906376424.h5,D:\3d-grasp-pose-estimation\dataset\grasps\CellPhone_c68de337e8058d876c3d68c21e39d9c0_0.004378070906376424.h5,CellPhone,c68de337e8058d876c3d68c21e39d9c0,0.0546931987,0.0043780709,meshes/CellPhone/c68de337e8058d876c3d68c21e39d9c0.obj,2000,0.884,0.6494605852441616,0.9754756240674912,True
CellPhone_c7c46fd26b992a68399d7a32e765770f_0.005423339963760861.h5,D:\3d-grasp-pose-estimation\dataset\grasps\CellPhone_c7c46fd26b992a68399d7a32e765770f_0.005423339963760861.h5,CellPhone,c7c46fd26b992a68399d7a32e765770f,0.109920499,0.00542334,meshes/CellPhone/c7c46fd26b992a68399d7a32e765770f.obj,2000,0.5655,0.3494165065418718,0.9440570871179048,True
CellPhone_c7fef6ae7f7f91814a0be3d856af9ad_0.014326472276867406.h5,D:\3d-grasp-pose-estimation\dataset\grasps\CellPhone_c7fef6ae7f7f91814a0be3d856af9ad_0.014326472276867406.h5,CellPhone,c7fef6ae7f7f91814a0be3d856af9ad,0.0034055239,0.0143264723,meshes/CellPhone/c7fef6ae7f7f91814a0be3d856af9ad.obj,2000,0.8945,0.5916134740505385,0.9602531413633258,False
CellPhone_caa0cf3c7bf2cc4e50e8879f012090b1_0.007356944565196029.h5,D:\3d-grasp-pose-estimation\dataset\grasps\CellPhone_caa0cf3c7bf2cc4e50e8879f012090b1_0.007356944565196029.h5,CellPhone,caa0cf3c7bf2cc4e50e8879f012090b1,0.1891457266,0.0073569446,meshes/CellPhone/caa0cf3c7bf2cc4e50e8879f012090b1.obj,2000,0.6455,0.5005132438168907,0.9577070278960592,True
CellPhone_cb3145362d4c4e615a342a5da23b6_0.042407953044905654.h5,D:\3d-grasp-pose-estimation\dataset\grasps\CellPhone_cb3145362d4c4e615a342a5da23b6_0.042407953044905654.h5,CellPhone,cb3145362d4c4e615a342a5da23b6,0.0916811075,0.042407953,meshes/CellPhone/cb3145362d4c4e615a342a5da23b6.obj,2000,0.8555,0.5032488954370599,0.9652481192734328,False
CellPhone_d1134b5b107fcfedb58c0249f6338472_0.00028222891502627603.h5,D:\3d-grasp-pose-estimation\dataset\grasps\CellPhone_d1134b5b107fcfedb58c0249f6338472_0.00028222891502627603.h5,CellPhone,d1134b5b107fcfedb58c0249f6338472,0.1718378065,0.0002822289,meshes/CellPhone/d1134b5b107fcfedb58c0249f6338472.obj,2000,0.716,0.5313950474743336,0.9723852310841704,True
CellPhone_d2023b9e8284e50f719849e3a9efc095_0.014175742030458786.h5,D:\3d-grasp-pose-estimation\dataset\grasps\CellPhone_d2023b9e8284e50f719849e3a9efc095_0.014175742030458786.h5,CellPhone,d2023b9e8284e50f719849e3a9efc095,0.0992413012,0.014175742,meshes/CellPhone/d2023b9e8284e50f719849e3a9efc095.obj,2000,0.895,0.5862093463459417,0.9675638592554782,False
CellPhone_dbc10ea4f133b92218e4480467ac75d4_0.0009164064201552461.h5,D:\3d-grasp-pose-estimation\dataset\grasps\CellPhone_dbc10ea4f133b92218e4480467ac75d4_0.0009164064201552461.h5,CellPhone,dbc10ea4f133b92218e4480467ac75d4,0.0572586576,0.0009164064,meshes/CellPhone/dbc10ea4f133b92218e4480467ac75d4.obj,2000,0.888,0.6402558714516898,0.9753595431945212,True
CellPhone_dc8108a14b6718ac980a39e0273687b1_0.024398614722294966.h5,D:\3d-grasp-pose-estimation\dataset\grasps\CellPhone_dc8108a14b6718ac980a39e0273687b1_0.024398614722294966.h5,CellPhone,dc8108a14b6718ac980a39e0273687b1,0.0411416363,0.0243986147,meshes/CellPhone/dc8108a14b6718ac980a39e0273687b1.obj,2000,0.914,0.5720986132965288,0.9569808775712304,False
CellPhone_decbc541efe459a742f1242fa6dff2cf_0.000763098025442014.h5,D:\3d-grasp-pose-estimation\dataset\grasps\CellPhone_decbc541efe459a742f1242fa6dff2cf_0.000763098025442014.h5,CellPhone,decbc541efe459a742f1242fa6dff2cf,0.0112710216,0.000763098,meshes/CellPhone/decbc541efe459a742f1242fa6dff2cf.obj,2000,0.709,0.4662332005130939,0.9261335645677236,True
CellPhone_df23ff3151aa1f0a3cb2f20e21cb06ff_0.00870374543830528.h5,D:\3d-grasp-pose-estimation\dataset\grasps\CellPhone_df23ff3151aa1f0a3cb2f20e21cb06ff_0.00870374543830528.h5,CellPhone,df23ff3151aa1f0a3cb2f20e21cb06ff,0.4008295279,0.0087037454,meshes/CellPhone/df23ff3151aa1f0a3cb2f20e21cb06ff.obj,2000,0.392,0.3022395510012448,0.9685893572769744,True
CellPhone_e1f4c110a670bab48b89df7bead6cd94_0.0014111234771607033.h5,D:\3d-grasp-pose-estimation\dataset\grasps\CellPhone_e1f4c110a670bab48b89df7bead6cd94_0.0014111234771607033.h5,CellPhone,e1f4c110a670bab48b89df7bead6cd94,0.491753247,0.0014111235,meshes/CellPhone/e1f4c110a670bab48b89df7bead6cd94.obj,2000,0.3945,0.3129562852065791,0.951450598620402,True
CellPhone_e5c31d3b8bed5d1925c70fb1df3f879b_0.0006380594700997145.h5,D:\3d-grasp-pose-estimation\dataset\grasps\CellPhone_e5c31d3b8bed5d1925c70fb1df3f879b_0.0006380594700997145.h5,CellPhone,e5c31d3b8bed5d1925c70fb1df3f879b,0.0476438465,0.0006380595,meshes/CellPhone/e5c31d3b8bed5d1925c70fb1df3f879b.obj,2000,0.961,0.6987356312586742,0.9852440064661652,True
CellPhone_e5e728d7d0600d5968f78fafaaa936eb_0.0006308826296059792.h5,D:\3d-grasp-pose-estimation\dataset\grasps\CellPhone_e5e728d7d0600d5968f78fafaaa936eb_0.0006308826296059792.h5,CellPhone,e5e728d7d0600d5968f78fafaaa936eb,0.0090299418,0.0006308826,meshes/CellPhone/e5e728d7d0600d5968f78fafaaa936eb.obj,2000,0.933,0.6486845120694098,0.9619002744722372,True
CellPhone_e5e728d7d0600d5968f78fafaaa936eb_0.0015799921599206474.h5,D:\3d-grasp-pose-estimation\dataset\grasps\CellPhone_e5e728d7d0600d5968f78fafaaa936eb_0.0015799921599206474.h5,CellPhone,e5e728d7d0600d5968f78fafaaa936eb,0.1418417359,0.0015799922,meshes/CellPhone/e5e728d7d0600d5968f78fafaaa936eb.obj,2000,0.9395,0.6930768410954763,0.9700721592185116,True
CellPhone_e679783f54c36220b99a2cc4ddf0d3f9_0.00023651042314593574.h5,D:\3d-grasp-pose-estimation\dataset\grasps\CellPhone_e679783f54c36220b99a2cc4ddf0d3f9_0.00023651042314593574.h5,CellPhone,e679783f54c36220b99a2cc4ddf0d3f9,0.2384717461,0.0002365104,meshes/CellPhone/e679783f54c36220b99a2cc4ddf0d3f9.obj,2000,0.5425,0.4152713508102589,0.9694145795795808,True
CellPhone_e70daec70daaea412b23f814327082fc_0.0005067070852771881.h5,D:\3d-grasp-pose-estimation\dataset\grasps\CellPhone_e70daec70daaea412b23f814327082fc_0.0005067070852771881.h5,CellPhone,e70daec70daaea412b23f814327082fc,0.0630408714,0.0005067071,meshes/CellPhone/e70daec70daaea412b23f814327082fc.obj,2000,0.8595,0.5913547194376682,0.972554446844416,True
CellPhone_e78b89af4afb0ea1a2c7c5886f4bbc93_0.009584585710853159.h5,D:\3d-grasp-pose-estimation\dataset\grasps\CellPhone_e78b89af4afb0ea1a2c7c5886f4bbc93_0.009584585710853159.h5,CellPhone,e78b89af4afb0ea1a2c7c5886f4bbc93,0.0072377296,0.0095845857,meshes/CellPhone/e78b89af4afb0ea1a2c7c5886f4bbc93.obj,2000,0.9465,0.5760166141132502,0.9649879236031852,True
CellPhone_e8c4ef4c74c631e83628c1e9941a8ab9_0.0007628423717526557.h5,D:\3d-grasp-pose-estimation\dataset\grasps\CellPhone_e8c4ef4c74c631e83628c1e9941a8ab9_0.0007628423717526557.h5,CellPhone,e8c4ef4c74c631e83628c1e9941a8ab9,0.1595564296,0.0007628424,meshes/CellPhone/e8c4ef4c74c631e83628c1e9941a8ab9.obj,2000,0.9105,0.6568895154679458,0.9647464974075988,True
CellPhone_e8d826158072a6bf1455397a420729a1_0.05167882437479331.h5,D:\3d-grasp-pose-estimation\dataset\grasps\CellPhone_e8d826158072a6bf1455397a420729a1_0.05167882437479331.h5,CellPhone,e8d826158072a6bf1455397a420729a1,0.0989299468,0.0516788244,meshes/CellPhone/e8d826158072a6bf1455397a420729a1.obj,2000,0.6935,0.1255220933705504,0.7243871480029903,False
CellPhone_eb42218d2a584af6259592a4a580c1e4_0.08703369614951796.h5,D:\3d-grasp-pose-estimation\dataset\grasps\CellPhone_eb42218d2a584af6259592a4a580c1e4_0.08703369614951796.h5,CellPhone,eb42218d2a584af6259592a4a580c1e4,0.0466508022,0.0870336961,meshes/CellPhone/eb42218d2a584af6259592a4a580c1e4.obj,2000,0.931,0.6749123783268186,0.9855018352968766,False
CellPhone_ee7ef8b40cc2c90d6b7170bfc4da1f8_0.034823234660981014.h5,D:\3d-grasp-pose-estimation\dataset\grasps\CellPhone_ee7ef8b40cc2c90d6b7170bfc4da1f8_0.034823234660981014.h5,CellPhone,ee7ef8b40cc2c90d6b7170bfc4da1f8,0.0269715739,0.0348232347,meshes/CellPhone/ee7ef8b40cc2c90d6b7170bfc4da1f8.obj,2000,0.962,0.6852647244263874,0.9771095631743107,False
CellPhone_f0b3e6f5bd34ca3cf0c6f578f0594c3_0.0015094211766954156.h5,D:\3d-grasp-pose-estimation\dataset\grasps\CellPhone_f0b3e6f5bd34ca3cf0c6f578f0594c3_0.0015094211766954156.h5,CellPhone,f0b3e6f5bd34ca3cf0c6f578f0594c3,0.1371144957,0.0015094212,meshes/CellPhone/f0b3e6f5bd34ca3cf0c6f578f0594c3.obj,2000,0.939,0.7095157352375661,0.9831421776161582,True
CellPhone_f3aac8f54f5f2a2f983ec12a2b33f18b_0.0036668078760733356.h5,D:\3d-grasp-pose-estimation\dataset\grasps\CellPhone_f3aac8f54f5f2a2f983ec12a2b33f18b_0.0036668078760733356.h5,CellPhone,f3aac8f54f5f2a2f983ec12a2b33f18b,0.0951527468,0.0036668079,meshes/CellPhone/f3aac8f54f5f2a2f983ec12a2b33f18b.obj,2000,0.943,0.6510915615178456,0.9545900315722844,True
CellPhone_f42fdbed4f5cae8fbecc5889eb0cb75b_0.031598477600793.h5,D:\3d-grasp-pose-estimation\dataset\grasps\CellPhone_f42fdbed4f5cae8fbecc5889eb0cb75b_0.031598477600793.h5,CellPhone,f42fdbed4f5cae8fbecc5889eb0cb75b,0.0416131626,0.0315984776,meshes/CellPhone/f42fdbed4f5cae8fbecc5889eb0cb75b.obj,2000,0.929,0.5806476517763637,0.9495889160474026,False
CellPhone_f6b4f01d4c9c09e6af1fe3c052ed3a8c_0.00019287275582683495.h5,D:\3d-grasp-pose-estimation\dataset\grasps\CellPhone_f6b4f01d4c9c09e6af1fe3c052ed3a8c_0.00019287275582683495.h5,CellPhone,f6b4f01d4c9c09e6af1fe3c052ed3a8c,0.0037648883,0.0001928728,meshes/CellPhone/f6b4f01d4c9c09e6af1fe3c052ed3a8c.obj,2000,0.8955,0.583083469668742,0.954422464744968,True
CellPhone_f8788ee72552e46d2cb30f9f0e012738_0.0010283397920542142.h5,D:\3d-grasp-pose-estimation\dataset\grasps\CellPhone_f8788ee72552e46d2cb30f9f0e012738_0.0010283397920542142.h5,CellPhone,f8788ee72552e46d2cb30f9f0e012738,0.0099641922,0.0010283398,meshes/CellPhone/f8788ee72552e46d2cb30f9f0e012738.obj,2000,0.971,0.671241309425431,0.9771543363492872,True
CellPhone_f9b16ef975f61442e615a342a5da23b6_0.024814655614434127.h5,D:\3d-grasp-pose-estimation\dataset\grasps\CellPhone_f9b16ef975f61442e615a342a5da23b6_0.024814655614434127.h5,CellPhone,f9b16ef975f61442e615a342a5da23b6,0.012846353,0.0248146556,meshes/CellPhone/f9b16ef975f61442e615a342a5da23b6.obj,2000,0.9045,0.5526062770609613,0.9597528928404836,False
CellPhone_fe9d97823a25e56d95e43220ee0eb824_0.0007568819274597737.h5,D:\3d-grasp-pose-estimation\dataset\grasps\CellPhone_fe9d97823a25e56d95e43220ee0eb824_0.0007568819274597737.h5,CellPhone,fe9d97823a25e56d95e43220ee0eb824,0.0394266648,0.0007568819,meshes/CellPhone/fe9d97823a25e56d95e43220ee0eb824.obj,2000,0.962,0.6627425718727257,0.9643255893121314,True
DeskLamp_102273fdf8d1b90041fbc1e2da054acb_0.00045124869948365835.h5,D:\3d-grasp-pose-estimation\dataset\grasps\DeskLamp_102273fdf8d1b90041fbc1e2da054acb_0.00045124869948365835.h5,DeskLamp,102273fdf8d1b90041fbc1e2da054acb,0.0053241352,0.0004512487,meshes/DeskLamp/102273fdf8d1b90041fbc1e2da054acb.obj,2000,0.6695,0.4581222709426687,0.96772304092648,True
DeskLamp_12d44fd814bc9b40ec2a7a1f5fe7365d_0.010637625455140397.h5,D:\3d-grasp-pose-estimation\dataset\grasps\DeskLamp_12d44fd814bc9b40ec2a7a1f5fe7365d_0.010637625455140397.h5,DeskLamp,12d44fd814bc9b40ec2a7a1f5fe7365d,0.0095435665,0.0106376255,meshes/DeskLamp/12d44fd814bc9b40ec2a7a1f5fe7365d.obj,2000,0.7815,0.5720079047915249,0.9833718924964804,False
DeskLamp_14656fe47266b0eb88e7662971dc736f_1.7001265237462207e-05.h5,D:\3d-grasp-pose-estimation\dataset\grasps\DeskLamp_14656fe47266b0eb88e7662971dc736f_1.7001265237462207e-05.h5,DeskLamp,14656fe47266b0eb88e7662971dc736f,0.0081462852,1.70013e-05,meshes/DeskLamp/14656fe47266b0eb88e7662971dc736f.obj,2000,0.869,0.6327705216482424,0.9837920566072038,True
DeskLamp_17b083510f14982b7eaeab1f0c9120b7_0.0029477072511454663.h5,D:\3d-grasp-pose-estimation\dataset\grasps\DeskLamp_17b083510f14982b7eaeab1f0c9120b7_0.0029477072511454663.h5,DeskLamp,17b083510f14982b7eaeab1f0c9120b7,0.0003329044,0.0029477073,meshes/DeskLamp/17b083510f14982b7eaeab1f0c9120b7.obj,2000,0.7295,0.4627200833714203,0.9599745422021544,True
DeskLamp_1852cf691d561b97760c1770d1a1230_0.011178977977233448.h5,D:\3d-grasp-pose-estimation\dataset\grasps\DeskLamp_1852cf691d561b97760c1770d1a1230_0.011178977977233448.h5,DeskLamp,1852cf691d561b97760c1770d1a1230,0.0426184329,0.011178978,meshes/DeskLamp/1852cf691d561b97760c1770d1a1230.obj,2000,0.8185,0.5633381506818107,0.952588473303177,False
DeskLamp_1e04e5dac618b8b114fbf06c3886b9e_0.0003184442753402791.h5,D:\3d-grasp-pose-estimation\dataset\grasps\DeskLamp_1e04e5dac618b8b114fbf06c3886b9e_0.0003184442753402791.h5,DeskLamp,1e04e5dac618b8b114fbf06c3886b9e,0.0028984424,0.0003184443,meshes/DeskLamp/1e04e5dac618b8b114fbf06c3886b9e.obj,2000,0.764,0.5439852675767577,0.9576648121091248,True
DeskLamp_1e8e7516bbcebffa9747aeab33832f4_0.005184387102189263.h5,D:\3d-grasp-pose-estimation\dataset\grasps\DeskLamp_1e8e7516bbcebffa9747aeab33832f4_0.005184387102189263.h5,DeskLamp,1e8e7516bbcebffa9747aeab33832f4,0.0922912783,0.0051843871,meshes/DeskLamp/1e8e7516bbcebffa9747aeab33832f4.obj,2000,0.865,0.6431545999009564,0.9900528321610867,True
DeskLamp_20ae63b10b3407b57eaeab1f0c9120b7_0.0017977981983714668.h5,D:\3d-grasp-pose-estimation\dataset\grasps\DeskLamp_20ae63b10b3407b57eaeab1f0c9120b7_0.0017977981983714668.h5,DeskLamp,20ae63b10b3407b57eaeab1f0c9120b7,0.0008630375,0.0017977982,meshes/DeskLamp/20ae63b10b3407b57eaeab1f0c9120b7.obj,2000,0.5975,0.3874620681600258,0.9779994732757864,True
DeskLamp_217bf5bf88842058b8a06a6203bc49a9_0.01528499560221237.h5,D:\3d-grasp-pose-estimation\dataset\grasps\DeskLamp_217bf5bf88842058b8a06a6203bc49a9_0.01528499560221237.h5,DeskLamp,217bf5bf88842058b8a06a6203bc49a9,0.1421042739,0.0152849956,meshes/DeskLamp/217bf5bf88842058b8a06a6203bc49a9.obj,2000,0.812,0.5866703447999232,0.9769302410650748,False
DeskLamp_2419edff383179cbc53c4281a65fe22a_0.005845985403422282.h5,D:\3d-grasp-pose-estimation\dataset\grasps\DeskLamp_2419edff383179cbc53c4281a65fe22a_0.005845985403422282.h5,DeskLamp,2419edff383179cbc53c4281a65fe22a,0.0042755548,0.0058459854,meshes/DeskLamp/2419edff383179cbc53c4281a65fe22a.obj,2000,0.693,0.4188841199193249,0.9521940700422352,True
DeskLamp_26bb7229b024a8549b0c8289d51d981b_0.009732675467143383.h5,D:\3d-grasp-pose-estimation\dataset\grasps\DeskLamp_26bb7229b024a8549b0c8289d51d981b_0.009732675467143383.h5,DeskLamp,26bb7229b024a8549b0c8289d51d981b,0.1198839089,0.0097326755,meshes/DeskLamp/26bb7229b024a8549b0c8289d51d981b.obj,2000,0.871,0.6028512406425914,0.974737607063614,True
DeskLamp_26f2f40fa7fc0c5538b28f94c165f833_0.026579656998432535.h5,D:\3d-grasp-pose-estimation\dataset\grasps\DeskLamp_26f2f40fa7fc0c5538b28f94c165f833_0.026579656998432535.h5,DeskLamp,26f2f40fa7fc0c5538b28f94c165f833,0.1454937059,0.026579657,meshes/DeskLamp/26f2f40fa7fc0c5538b28f94c165f833.obj,2000,0.758,0.6022805837602156,0.9872530549973608,False
DeskLamp_2fc19897a2f384ebc77d45d65dc3714_0.007419306194863159.h5,D:\3d-grasp-pose-estimation\dataset\grasps\DeskLamp_2fc19897a2f384ebc77d45d65dc3714_0.007419306194863159.h5,DeskLamp,2fc19897a2f384ebc77d45d65dc3714,0.0049839696,0.0074193062,meshes/DeskLamp/2fc19897a2f384ebc77d45d65dc3714.obj,2000,0.796,0.5682200744401691,0.9847248316976964,True
DeskLamp_3343296bb39a9e679410a04d09c14d1a_0.16483531931952727.h5,D:\3d-grasp-pose-estimation\dataset\grasps\DeskLamp_3343296bb39a9e679410a04d09c14d1a_0.16483531931952727.h5,DeskLamp,3343296bb39a9e679410a04d09c14d1a,0.0217134979,0.1648353193,meshes/DeskLamp/3343296bb39a9e679410a04d09c14d1a.obj,2000,0.7885,0.5706762674666049,0.979386209735944,False
DeskLamp_3394f58677a88dd877ce957e17dd9848_0.00990739947001409.h5,D:\3d-grasp-pose-estimation\dataset\grasps\DeskLamp_3394f58677a88dd877ce957e17dd9848_0.00990739947001409.h5,DeskLamp,3394f58677a88dd877ce957e17dd9848,0.0041433852,0.0099073995,meshes/DeskLamp/3394f58677a88dd877ce957e17dd9848.obj,2000,0.7,0.4605948003291436,0.9626242407615824,True
DeskLamp_342ea0134b504918cf5a37a70014c623_0.012592170607073487.h5,D:\3d-grasp-pose-estimation\dataset\grasps\DeskLamp_342ea0134b504918cf5a37a70014c623_0.012592170607073487.h5,DeskLamp,342ea0134b504918cf5a37a70014c623,0.019493273,0.0125921706,meshes/DeskLamp/342ea0134b504918cf5a37a70014c623.obj,2000,0.8715,0.5781285756184188,0.970748806279976,False
DeskLamp_350faadd1c52dffbc95f95e8112778e2_0.002071970799855616.h5,D:\3d-grasp-pose-estimation\dataset\grasps\DeskLamp_350faadd1c52dffbc95f95e8112778e2_0.002071970799855616.h5,DeskLamp,350faadd1c52dffbc95f95e8112778e2,0.0943252878,0.0020719708,meshes/DeskLamp/350faadd1c52dffbc95f95e8112778e2.obj,2000,0.8485,0.6553312479669107,0.9842761395546548,True
DeskLamp_375c6cce56f3967ed323d15bd4f8b2d_0.00028937117340364427.h5,D:\3d-grasp-pose-estimation\dataset\grasps\DeskLamp_375c6cce56f3967ed323d15bd4f8b2d_0.00028937117340364427.h5,DeskLamp,375c6cce56f3967ed323d15bd4f8b2d,0.0045634,0.0002893712,meshes/DeskLamp/375c6cce56f3967ed323d15bd4f8b2d.obj,2000,0.828,0.5413173166392065,0.9807239204548972,True
DeskLamp_385fa89d0af971cfe3f7a74e12a274ef_0.012235166522999932.h5,D:\3d-grasp-pose-estimation\dataset\grasps\DeskLamp_385fa89d0af971cfe3f7a74e12a274ef_0.012235166522999932.h5,DeskLamp,385fa89d0af971cfe3f7a74e12a274ef,0.0307196187,0.0122351665,meshes/DeskLamp/385fa89d0af971cfe3f7a74e12a274ef.obj,2000,0.8115,0.596420295564539,0.9626804084541344,False
DeskLamp_38cb236f6a521259cc2e054c56e9a85a_0.007691068664959561.h5,D:\3d-grasp-pose-estimation\dataset\grasps\DeskLamp_38cb236f6a521259cc2e054c56e9a85a_0.007691068664959561.h5,DeskLamp,38cb236f6a521259cc2e054c56e9a85a,0.0030651917,0.0076910687,meshes/DeskLamp/38cb236f6a521259cc2e054c56e9a85a.obj,2000,0.3465,0.2374271992494625,0.9658058106760802,True
DeskLamp_38cb236f6a521259cc2e054c56e9a85a_0.013341819825977054.h5,D:\3d-grasp-pose-estimation\dataset\grasps\DeskLamp_38cb236f6a521259cc2e054c56e9a85a_0.013341819825977054.h5,DeskLamp,38cb236f6a521259cc2e054c56e9a85a,0.0160008403,0.0133418198,meshes/DeskLamp/38cb236f6a521259cc2e054c56e9a85a.obj,2000,0.266,0.1869244329232558,0.9742622826816943,False
DeskLamp_3c5db21345130f0290f1eb8f29abcea8_0.00978523426177748.h5,D:\3d-grasp-pose-estimation\dataset\grasps\DeskLamp_3c5db21345130f0290f1eb8f29abcea8_0.00978523426177748.h5,DeskLamp,3c5db21345130f0290f1eb8f29abcea8,0.0079366619,0.0097852343,meshes/DeskLamp/3c5db21345130f0290f1eb8f29abcea8.obj,2000,0.8245,0.5886480446940807,0.991277169928964,True
DeskLamp_3ef55697cf7f68061173b43d09e96094_0.009575645156170657.h5,D:\3d-grasp-pose-estimation\dataset\grasps\DeskLamp_3ef55697cf7f68061173b43d09e96094_0.009575645156170657.h5,DeskLamp,3ef55697cf7f68061173b43d09e96094,0.0063292414,0.0095756452,meshes/DeskLamp/3ef55697cf7f68061173b43d09e96094.obj,2000,0.323,0.2218767252853528,0.9578955770762838,True
DeskLamp_41f3ad2781ee196bad0e80a2288e336_0.011661149411575122.h5,D:\3d-grasp-pose-estimation\dataset\grasps\DeskLamp_41f3ad2781ee196bad0e80a2288e336_0.011661149411575122.h5,DeskLamp,41f3ad2781ee196bad0e80a2288e336,0.0155357345,0.0116611494,meshes/DeskLamp/41f3ad2781ee196bad0e80a2288e336.obj,2000,0.858,0.4761854441361542,0.96110218130861,False
DeskLamp_44a45261946097233c3232c16536093d_0.0009797042354771665.h5,D:\3d-grasp-pose-estimation\dataset\grasps\DeskLamp_44a45261946097233c3232c16536093d_0.0009797042354771665.h5,DeskLamp,44a45261946097233c3232c16536093d,0.010310926,0.0009797042,meshes/DeskLamp/44a45261946097233c3232c16536093d.obj,2000,0.415,0.2923523253047801,0.9744416093004344,True
DeskLamp_44cd0ca3b96ea62c1759e141360faf0d_0.0012569321646420978.h5,D:\3d-grasp-pose-estimation\dataset\grasps\DeskLamp_44cd0ca3b96ea62c1759e141360faf0d_0.0012569321646420978.h5,DeskLamp,44cd0ca3b96ea62c1759e141360faf0d,0.0845900851,0.0012569322,meshes/DeskLamp/44cd0ca3b96ea62c1759e141360faf0d.obj,2000,0.3335,0.2901036145655728,0.986954698770166,True
DeskLamp_534c7e2c9495d7987b6fd5468f603b31_0.009567976020729719.h5,D:\3d-grasp-pose-estimation\dataset\grasps\DeskLamp_534c7e2c9495d7987b6fd5468f603b31_0.009567976020729719.h5,DeskLamp,534c7e2c9495d7987b6fd5468f603b31,0.088874793,0.009567976,meshes/DeskLamp/534c7e2c9495d7987b6fd5468f603b31.obj,2000,0.443,0.2987594722245827,0.9369816468981508,True
DeskLamp_54d9556d51287bb470a43c2d978e502e_0.25540365243771573.h5,D:\3d-grasp-pose-estimation\dataset\grasps\DeskLamp_54d9556d51287bb470a43c2d978e502e_0.25540365243771573.h5,DeskLamp,54d9556d51287bb470a43c2d978e502e,0.0813398416,0.2554036524,meshes/DeskLamp/54d9556d51287bb470a43c2d978e502e.obj,2000,0.7805,0.5190665286991268,0.9590905518921736,False
DeskLamp_551b22085945d144127621b5d3c4d1ab_0.002256019248389035.h5,D:\3d-grasp-pose-estimation\dataset\grasps\DeskLamp_551b22085945d144127621b5d3c4d1ab_0.002256019248389035.h5,DeskLamp,551b22085945d144127621b5d3c4d1ab,0.002482813,0.0022560192,meshes/DeskLamp/551b22085945d144127621b5d3c4d1ab.obj,2000,0.8345,0.6103384655031718,0.9864646221569,True
DeskLamp_56cfd1c474b7b88920c80e4850e77325_0.015357293148168813.h5,D:\3d-grasp-pose-estimation\dataset\grasps\DeskLamp_56cfd1c474b7b88920c80e4850e77325_0.015357293148168813.h5,DeskLamp,56cfd1c474b7b88920c80e4850e77325,0.0835288677,0.0153572931,meshes/DeskLamp/56cfd1c474b7b88920c80e4850e77325.obj,2000,0.9065,0.6419279605540703,0.9883566860890112,False
DeskLamp_5a65feb208819bfd87e7a3bcbc629447_0.016350784556059456.h5,D:\3d-grasp-pose-estimation\dataset\grasps\DeskLamp_5a65feb208819bfd87e7a3bcbc629447_0.016350784556059456.h5,DeskLamp,5a65feb208819bfd87e7a3bcbc629447,0.1210509937,0.0163507846,meshes/DeskLamp/5a65feb208819bfd87e7a3bcbc629447.obj,2000,0.892,0.5567466244969183,0.9862344487591266,False
DeskLamp_5aeb223a91320c39edd4171cd40b3feb_0.003339699253956931.h5,D:\3d-grasp-pose-estimation\dataset\grasps\DeskLamp_5aeb223a91320c39edd4171cd40b3feb_0.003339699253956931.h5,DeskLamp,5aeb223a91320c39edd4171cd40b3feb,0.0005443773,0.0033396993,meshes/DeskLamp/5aeb223a91320c39edd4171cd40b3feb.obj,2000,0.8645,0.5427234957653223,0.9665816733264554,True
DeskLamp_5aeb223a91320c39edd4171cd40b3feb_0.00608783956037723.h5,D:\3d-grasp-pose-estimation\dataset\grasps\DeskLamp_5aeb223a91320c39edd4171cd40b3feb_0.00608783956037723.h5,DeskLamp,5aeb223a91320c39edd4171cd40b3feb,0.003297369,0.0060878396,meshes/DeskLamp/5aeb223a91320c39edd4171cd40b3feb.obj,2000,0.812,0.5327335803642064,0.9787452492020376,True
DeskLamp_5ccad26a07aa1bddb04aedb0fb5e1f7c_0.0005482723614891669.h5,D:\3d-grasp-pose-estimation\dataset\grasps\DeskLamp_5ccad26a07aa1bddb04aedb0fb5e1f7c_0.0005482723614891669.h5,DeskLamp,5ccad26a07aa1bddb04aedb0fb5e1f7c,0.0017434906,0.0005482724,meshes/DeskLamp/5ccad26a07aa1bddb04aedb0fb5e1f7c.obj,2000,0.652,0.396678688800556,0.9592005711885248,True
DeskLamp_5ce52c3b5b69576732208e596b26ebc_0.00867156955872316.h5,D:\3d-grasp-pose-estimation\dataset\grasps\DeskLamp_5ce52c3b5b69576732208e596b26ebc_0.00867156955872316.h5,DeskLamp,5ce52c3b5b69576732208e596b26ebc,0.0104781798,0.0086715696,meshes/DeskLamp/5ce52c3b5b69576732208e596b26ebc.obj,2000,0.789,0.5181178516902873,0.9627385004307516,True
DeskLamp_5ce52c3b5b69576732208e596b26ebc_0.01570520528846876.h5,D:\3d-grasp-pose-estimation\dataset\grasps\DeskLamp_5ce52c3b5b69576732208e596b26ebc_0.01570520528846876.h5,DeskLamp,5ce52c3b5b69576732208e596b26ebc,0.0622477364,0.0157052053,meshes/DeskLamp/5ce52c3b5b69576732208e596b26ebc.obj,2000,0.7695,0.5636282527147314,0.983038046760131,False
DeskLamp_5d439ca92869a9b0ca957c27dc69c4ec_0.013095555785741477.h5,D:\3d-grasp-pose-estimation\dataset\grasps\DeskLamp_5d439ca92869a9b0ca957c27dc69c4ec_0.013095555785741477.h5,DeskLamp,5d439ca92869a9b0ca957c27dc69c4ec,0.0195017007,0.0130955558,meshes/DeskLamp/5d439ca92869a9b0ca957c27dc69c4ec.obj,2000,0.6655,0.4677378237745691,0.9853942097029048,False
DeskLamp_656d25df742a84877e44e3c724db889f_0.006332338422121711.h5,D:\3d-grasp-pose-estimation\dataset\grasps\DeskLamp_656d25df742a84877e44e3c724db889f_0.006332338422121711.h5,DeskLamp,656d25df742a84877e44e3c724db889f,0.0020609105,0.0063323384,meshes/DeskLamp/656d25df742a84877e44e3c724db889f.obj,2000,0.504,0.33272078940052,0.954572808381861,True
DeskLamp_67f50d2bf77aec1be55d7f7950723ffc_0.010560002834340346.h5,D:\3d-grasp-pose-estimation\dataset\grasps\DeskLamp_67f50d2bf77aec1be55d7f7950723ffc_0.010560002834340346.h5,DeskLamp,67f50d2bf77aec1be55d7f7950723ffc,0.0135307791,0.0105600028,meshes/DeskLamp/67f50d2bf77aec1be55d7f7950723ffc.obj,2000,0.8315,0.3472926255193705,0.9184412655556669,False
DeskLamp_680e5d7185a51e26a50ffe9b7408540a_0.01244514056656845.h5,D:\3d-grasp-pose-estimation\dataset\grasps\DeskLamp_680e5d7185a51e26a50ffe9b7408540a_0.01244514056656845.h5,DeskLamp,680e5d7185a51e26a50ffe9b7408540a,0.0070311681,0.0124451406,meshes/DeskLamp/680e5d7185a51e26a50ffe9b7408540a.obj,2000,0.897,0.6850999341098813,0.975004822034299,False
DeskLamp_686dfa4449cbe192baf31bf516806a37_3.325792151342271e-06.h5,D:\3d-grasp-pose-estimation\dataset\grasps\DeskLamp_686dfa4449cbe192baf31bf516806a37_3.325792151342271e-06.h5,DeskLamp,686dfa4449cbe192baf31bf516806a37,0.0004654554,3.3258e-06,meshes/DeskLamp/686dfa4449cbe192baf31bf516806a37.obj,2000,0.709,0.4753621640947147,0.9678622559743124,True
DeskLamp_69ae5e9ce88c9262dd0bffa2f83687b2_0.005447483914089031.h5,D:\3d-grasp-pose-estimation\dataset\grasps\DeskLamp_69ae5e9ce88c9262dd0bffa2f83687b2_0.005447483914089031.h5,DeskLamp,69ae5e9ce88c9262dd0bffa2f83687b2,0.0050468679,0.0054474839,meshes/DeskLamp/69ae5e9ce88c9262dd0bffa2f83687b2.obj,2000,0.5905,0.4006690311646857,0.931248525104946,True
DeskLamp_6b42816b1e70429f61bcdcc7d95ea51c_0.012102651667291933.h5,D:\3d-grasp-pose-estimation\dataset\grasps\DeskLamp_6b42816b1e70429f61bcdcc7d95ea51c_0.012102651667291933.h5,DeskLamp,6b42816b1e70429f61bcdcc7d95ea51c,0.0115551922,0.0121026517,meshes/DeskLamp/6b42816b1e70429f61bcdcc7d95ea51c.obj,2000,0.8535,0.5977277796551557,0.9756111647513054,False
DeskLamp_71a0d21c70eb712b73d51c4b6fb27996_0.0002838760890524439.h5,D:\3d-grasp-pose-estimation\dataset\grasps\DeskLamp_71a0d21c70eb712b73d51c4b6fb27996_0.0002838760890524439.h5,DeskLamp,71a0d21c70eb712b73d51c4b6fb27996,0.0295379184,0.0002838761,meshes/DeskLamp/71a0d21c70eb712b73d51c4b6fb27996.obj,2000,0.5915,0.3982259666542154,0.9247573121770652,True
DeskLamp_72099a83e9a058ace715cd506e17332_0.020159072701450936.h5,D:\3d-grasp-pose-estimation\dataset\grasps\DeskLamp_72099a83e9a058ace715cd506e17332_0.020159072701450936.h5,DeskLamp,72099a83e9a058ace715cd506e17332,0.0670748386,0.0201590727,meshes/DeskLamp/72099a83e9a058ace715cd506e17332.obj,2000,0.5135,0.3535557092119418,0.9749345921616362,False
DeskLamp_7474deb91f55a63840719e09f7e71f01_0.002360397768302347.h5,D:\3d-grasp-pose-estimation\dataset\grasps\DeskLamp_7474deb91f55a63840719e09f7e71f01_0.002360397768302347.h5,DeskLamp,7474deb91f55a63840719e09f7e71f01,0.001864967,0.0023603978,meshes/DeskLamp/7474deb91f55a63840719e09f7e71f01.obj,2000,0.603,0.3096955036792751,0.932181049407506,True
DeskLamp_7b41e8307e85ab0b87e834be7739917e_0.01347381274274477.h5,D:\3d-grasp-pose-estimation\dataset\grasps\DeskLamp_7b41e8307e85ab0b87e834be7739917e_0.01347381274274477.h5,DeskLamp,7b41e8307e85ab0b87e834be7739917e,0.0509841238,0.0134738127,meshes/DeskLamp/7b41e8307e85ab0b87e834be7739917e.obj,2000,0.6675,0.4793462301133117,0.9794907906239368,False
DeskLamp_7c9d5e292e78c65b5298386582afecd3_0.028210674227566238.h5,D:\3d-grasp-pose-estimation\dataset\grasps\DeskLamp_7c9d5e292e78c65b5298386582afecd3_0.028210674227566238.h5,DeskLamp,7c9d5e292e78c65b5298386582afecd3,0.0324172621,0.0282106742,meshes/DeskLamp/7c9d5e292e78c65b5298386582afecd3.obj,2000,0.5525,0.3808266871626066,0.9755720988552272,False
DeskLamp_7f5bc32085dfbbb88e7662971dc736f_7.4443535734668425e-06.h5,D:\3d-grasp-pose-estimation\dataset\grasps\DeskLamp_7f5bc32085dfbbb88e7662971dc736f_7.4443535734668425e-06.h5,DeskLamp,7f5bc32085dfbbb88e7662971dc736f,0.0007877069,7.4444e-06,meshes/DeskLamp/7f5bc32085dfbbb88e7662971dc736f.obj,2000,0.878,0.5175590950565038,0.9879833299956872,True
DeskLamp_7f87c2d69678e4b786f83b8ca78f942f_0.004570878322748072.h5,D:\3d-grasp-pose-estimation\dataset\grasps\DeskLamp_7f87c2d69678e4b786f83b8ca78f942f_0.004570878322748072.h5,DeskLamp,7f87c2d69678e4b786f83b8ca78f942f,0.0017702281,0.0045708783,meshes/DeskLamp/7f87c2d69678e4b786f83b8ca78f942f.obj,2000,0.7835,0.52868168014419,0.9753974986966518,True
DeskLamp_8010191bdd123581a7e0a9557e913c86_0.009084012517016862.h5,D:\3d-grasp-pose-estimation\dataset\grasps\DeskLamp_8010191bdd123581a7e0a9557e913c86_0.009084012517016862.h5,DeskLamp,8010191bdd123581a7e0a9557e913c86,0.0067293264,0.0090840125,meshes/DeskLamp/8010191bdd123581a7e0a9557e913c86.obj,2000,0.954,0.6746228138607058,0.97464896157046,True
DeskLamp_89ad10075443cc8ece868a9ece283694_0.002624329187190345.h5,D:\3d-grasp-pose-estimation\dataset\grasps\DeskLamp_89ad10075443cc8ece868a9ece283694_0.002624329187190345.h5,DeskLamp,89ad10075443cc8ece868a9ece283694,0.0238098358,0.0026243292,meshes/DeskLamp/89ad10075443cc8ece868a9ece283694.obj,2000,0.806,0.5119849363685004,0.97278573958649,True
DeskLamp_8cb3f83d6ca1a4849364e552d5e4060f_0.00019038235005989007.h5,D:\3d-grasp-pose-estimation\dataset\grasps\DeskLamp_8cb3f83d6ca1a4849364e552d5e4060f_0.00019038235005989007.h5,DeskLamp,8cb3f83d6ca1a4849364e552d5e4060f,0.0295432658,0.0001903824,meshes/DeskLamp/8cb3f83d6ca1a4849364e552d5e4060f.obj,2000,0.7155,0.5372932274306259,0.9803377028654824,True
DeskLamp_8e9c28fc5813a5bdcf004563556ddb36_0.0014363772686062349.h5,D:\3d-grasp-pose-estimation\dataset\grasps\DeskLamp_8e9c28fc5813a5bdcf004563556ddb36_0.0014363772686062349.h5,DeskLamp,8e9c28fc5813a5bdcf004563556ddb36,0.0003614403,0.0014363773,meshes/DeskLamp/8e9c28fc5813a5bdcf004563556ddb36.obj,2000,0.648,0.3798954595010281,0.971054188375542,True
DeskLamp_9150920591733fae0fa444666ebe22d_0.00040412697796679396.h5,D:\3d-grasp-pose-estimation\dataset\grasps\DeskLamp_9150920591733fae0fa444666ebe22d_0.00040412697796679396.h5,DeskLamp,9150920591733fae0fa444666ebe22d,0.000746145,0.000404127,meshes/DeskLamp/9150920591733fae0fa444666ebe22d.obj,2000,0.8005,0.5404854242843148,0.9638641617815604,True
DeskLamp_96cb3e2cc58dfa356e114e8ad5df3594_0.0006495634346006103.h5,D:\3d-grasp-pose-estimation\dataset\grasps\DeskLamp_96cb3e2cc58dfa356e114e8ad5df3594_0.0006495634346006103.h5,DeskLamp,96cb3e2cc58dfa356e114e8ad5df3594,0.0020587049,0.0006495634,meshes/DeskLamp/96cb3e2cc58dfa356e114e8ad5df3594.obj,2000,0.887,0.6103541279194818,0.9477517192021064,True
DeskLamp_97451a6fbef7ef3fb81cf51cd930fe3f_0.012576571071787727.h5,D:\3d-grasp-pose-estimation\dataset\grasps\DeskLamp_97451a6fbef7ef3fb81cf51cd930fe3f_0.012576571071787727.h5,DeskLamp,97451a6fbef7ef3fb81cf51cd930fe3f,0.0169663077,0.0125765711,meshes/DeskLamp/97451a6fbef7ef3fb81cf51cd930fe3f.obj,2000,0.774,0.5724260643256941,0.9811779043222684,False
DeskLamp_9c3646d9db630e1d6bab719bf4ec73ef_0.012252169965925565.h5,D:\3d-grasp-pose-estimation\dataset\grasps\DeskLamp_9c3646d9db630e1d6bab719bf4ec73ef_0.012252169965925565.h5,DeskLamp,9c3646d9db630e1d6bab719bf4ec73ef,0.0093516785,0.01225217,meshes/DeskLamp/9c3646d9db630e1d6bab719bf4ec73ef.obj,2000,0.406,0.2785748467066024,0.9728915825386064,False
DeskLamp_9c3646d9db630e1d6bab719bf4ec73ef_0.022216057586290732.h5,D:\3d-grasp-pose-estimation\dataset\grasps\DeskLamp_9c3646d9db630e1d6bab719bf4ec73ef_0.022216057586290732.h5,DeskLamp,9c3646d9db630e1d6bab719bf4ec73ef,0.055750852,0.0222160576,meshes/DeskLamp/9c3646d9db630e1d6bab719bf4ec73ef.obj,2000,0.6755,0.4848891338683121,0.9862448691884788,False
DeskLamp_9d0420e382a2fb64c29a7766c473b5f6_0.012350298042948042.h5,D:\3d-grasp-pose-estimation\dataset\grasps\DeskLamp_9d0420e382a2fb64c29a7766c473b5f6_0.012350298042948042.h5,DeskLamp,9d0420e382a2fb64c29a7766c473b5f6,0.1383898592,0.012350298,meshes/DeskLamp/9d0420e382a2fb64c29a7766c473b5f6.obj,2000,0.823,0.5780374074476753,0.9900443309768624,False
DeskLamp_a00974344d29c09f47cb1d3e6a634bb4_5.633317470650542e-05.h5,D:\3d-grasp-pose-estimation\dataset\grasps\DeskLamp_a00974344d29c09f47cb1d3e6a634bb4_5.633317470650542e-05.h5,DeskLamp,a00974344d29c09f47cb1d3e6a634bb4,0.0004395516,5.63332e-05,meshes/DeskLamp/a00974344d29c09f47cb1d3e6a634bb4.obj,2000,0.802,0.4885311939793167,0.9796749900005928,True
DeskLamp_a0a87d63af355b45615810b8eabca5b3_0.0009186216707328129.h5,D:\3d-grasp-pose-estimation\dataset\grasps\DeskLamp_a0a87d63af355b45615810b8eabca5b3_0.0009186216707328129.h5,DeskLamp,a0a87d63af355b45615810b8eabca5b3,0.0029750594,0.0009186217,meshes/DeskLamp/a0a87d63af355b45615810b8eabca5b3.obj,2000,0.7845,0.516141920417047,0.9818128910070528,True
DeskLamp_aad4385b33b9ac689477a5b6be522ae2_0.004218594944686987.h5,D:\3d-grasp-pose-estimation\dataset\grasps\DeskLamp_aad4385b33b9ac689477a5b6be522ae2_0.004218594944686987.h5,DeskLamp,aad4385b33b9ac689477a5b6be522ae2,0.0032514941,0.0042185949,meshes/DeskLamp/aad4385b33b9ac689477a5b6be522ae2.obj,2000,0.9,0.675652730324699,0.9889031702830672,True
DeskLamp_ab53b6e7b2f87cb5c1935c9110af1bff_0.024698695072108767.h5,D:\3d-grasp-pose-estimation\dataset\grasps\DeskLamp_ab53b6e7b2f87cb5c1935c9110af1bff_0.024698695072108767.h5,DeskLamp,ab53b6e7b2f87cb5c1935c9110af1bff,0.0974425845,0.0246986951,meshes/DeskLamp/ab53b6e7b2f87cb5c1935c9110af1bff.obj,2000,0.4545,0.3421383805218619,0.9788950980164938,False
DeskLamp_ac1a847c544a6045ebe5d7d602762f5_0.001115818588652332.h5,D:\3d-grasp-pose-estimation\dataset\grasps\DeskLamp_ac1a847c544a6045ebe5d7d602762f5_0.001115818588652332.h5,DeskLamp,ac1a847c544a6045ebe5d7d602762f5,0.056324211,0.0011158186,meshes/DeskLamp/ac1a847c544a6045ebe5d7d602762f5.obj,2000,0.73,0.5361281569468115,0.9886840514058002,True
DeskLamp_af3d58dc258e0fe06ef604d255267aae_0.0009273948018739219.h5,D:\3d-grasp-pose-estimation\dataset\grasps\DeskLamp_af3d58dc258e0fe06ef604d255267aae_0.0009273948018739219.h5,DeskLamp,af3d58dc258e0fe06ef604d255267aae,0.082179586,0.0009273948,meshes/DeskLamp/af3d58dc258e0fe06ef604d255267aae.obj,2000,0.817,0.6180511877866746,0.9850302800516272,True
DeskLamp_af5fc197a9151acb8aa35a62b4d4d73f_0.0033518493195137163.h5,D:\3d-grasp-pose-estimation\dataset\grasps\DeskLamp_af5fc197a9151acb8aa35a62b4d4d73f_0.0033518493195137163.h5,DeskLamp,af5fc197a9151acb8aa35a62b4d4d73f,0.0025417419,0.0033518493,meshes/DeskLamp/af5fc197a9151acb8aa35a62b4d4d73f.obj,2000,0.8605,0.5373326144000979,0.9861738444209894,True
DeskLamp_b0a54abc16ab9a1ba0224f0fe38eeee2_0.010356835622303745.h5,D:\3d-grasp-pose-estimation\dataset\grasps\DeskLamp_b0a54abc16ab9a1ba0224f0fe38eeee2_0.010356835622303745.h5,DeskLamp,b0a54abc16ab9a1ba0224f0fe38eeee2,0.0027410592,0.0103568356,meshes/DeskLamp/b0a54abc16ab9a1ba0224f0fe38eeee2.obj,2000,0.4535,0.295269112399702,0.9065906133274776,False
DeskLamp_b6953f683e8b3feb9571d807bcd25673_0.0003913180373833333.h5,D:\3d-grasp-pose-estimation\dataset\grasps\DeskLamp_b6953f683e8b3feb9571d807bcd25673_0.0003913180373833333.h5,DeskLamp,b6953f683e8b3feb9571d807bcd25673,0.0574441159,0.000391318,meshes/DeskLamp/b6953f683e8b3feb9571d807bcd25673.obj,2000,0.8865,0.6566572399793793,0.9857072658833448,True
DeskLamp_baccf5d0ae29d36e9a4be081d49fa50d_0.001927488258277076.h5,D:\3d-grasp-pose-estimation\dataset\grasps\DeskLamp_baccf5d0ae29d36e9a4be081d49fa50d_0.001927488258277076.h5,DeskLamp,baccf5d0ae29d36e9a4be081d49fa50d,0.0338921838,0.0019274883,meshes/DeskLamp/baccf5d0ae29d36e9a4be081d49fa50d.obj,2000,0.394,0.2696078269892933,0.9825819489800136,True
DeskLamp_c041b8a8e0014f2788e7662971dc736f_2.163249292872411e-05.h5,D:\3d-grasp-pose-estimation\dataset\grasps\DeskLamp_c041b8a8e0014f2788e7662971dc736f_2.163249292872411e-05.h5,DeskLamp,c041b8a8e0014f2788e7662971dc736f,0.0199822905,2.16325e-05,meshes/DeskLamp/c041b8a8e0014f2788e7662971dc736f.obj,2000,0.802,0.5587442674062828,0.977811179819178,True
DeskLamp_c041b8a8e0014f2788e7662971dc736f_8.765355183782161e-06.h5,D:\3d-grasp-pose-estimation\dataset\grasps\DeskLamp_c041b8a8e0014f2788e7662971dc736f_8.765355183782161e-06.h5,DeskLamp,c041b8a8e0014f2788e7662971dc736f,0.001329334,8.7654e-06,meshes/DeskLamp/c041b8a8e0014f2788e7662971dc736f.obj,2000,0.766,0.4928228181957313,0.9709259307951889,True
DeskLamp_c05273997fd65e7b88e7662971dc736f_1.52487487662068e-05.h5,D:\3d-grasp-pose-estimation\dataset\grasps\DeskLamp_c05273997fd65e7b88e7662971dc736f_1.52487487662068e-05.h5,DeskLamp,c05273997fd65e7b88e7662971dc736f,0.00134185,1.52487e-05,meshes/DeskLamp/c05273997fd65e7b88e7662971dc736f.obj,2000,0.925,0.5932600100457712,0.9589138008863411,True
DeskLamp_c0644ddc5cac342b565ae30b0a8151d8_0.0033350184550323195.h5,D:\3d-grasp-pose-estimation\dataset\grasps\DeskLamp_c0644ddc5cac342b565ae30b0a8151d8_0.0033350184550323195.h5,DeskLamp,c0644ddc5cac342b565ae30b0a8151d8,0.0006256451,0.0033350185,meshes/DeskLamp/c0644ddc5cac342b565ae30b0a8151d8.obj,2000,0.7955,0.461304545989547,0.9717255481952688,True
DeskLamp_c0644ddc5cac342b565ae30b0a8151d8_0.006139436587535778.h5,D:\3d-grasp-pose-estimation\dataset\grasps\DeskLamp_c0644ddc5cac342b565ae30b0a8151d8_0.006139436587535778.h5,DeskLamp,c0644ddc5cac342b565ae30b0a8151d8,0.0039031828,0.0061394366,meshes/DeskLamp/c0644ddc5cac342b565ae30b0a8151d8.obj,2000,0.76,0.4986059692632782,0.9839048519294632,True
DeskLamp_c49a84d7b0f5e75fa0e305364736d936_0.01757960318171663.h5,D:\3d-grasp-pose-estimation\dataset\grasps\DeskLamp_c49a84d7b0f5e75fa0e305364736d936_0.01757960318171663.h5,DeskLamp,c49a84d7b0f5e75fa0e305364736d936,0.014625038,0.0175796032,meshes/DeskLamp/c49a84d7b0f5e75fa0e305364736d936.obj,2000,0.3885,0.2555074129033989,0.965914893177917,False
DeskLamp_ce798635ececbffd5ac3a75efa13522c_0.0039677490980100545.h5,D:\3d-grasp-pose-estimation\dataset\grasps\DeskLamp_ce798635ececbffd5ac3a75efa13522c_0.0039677490980100545.h5,DeskLamp,ce798635ececbffd5ac3a75efa13522c,0.0066616255,0.0039677491,meshes/DeskLamp/ce798635ececbffd5ac3a75efa13522c.obj,2000,0.3825,0.2859626488959659,0.9316569797026552,True
DeskLamp_cf200978d89b0c61651f12570b24936_0.00681303870903333.h5,D:\3d-grasp-pose-estimation\dataset\grasps\DeskLamp_cf200978d89b0c61651f12570b24936_0.00681303870903333.h5,DeskLamp,cf200978d89b0c61651f12570b24936,0.0042740722,0.0068130387,meshes/DeskLamp/cf200978d89b0c61651f12570b24936.obj,2000,0.8315,0.6002604724721236,0.9678785047732452,True
DeskLamp_cf200978d89b0c61651f12570b24936_0.00929341297206535.h5,D:\3d-grasp-pose-estimation\dataset\grasps\DeskLamp_cf200978d89b0c61651f12570b24936_0.00929341297206535.h5,DeskLamp,cf200978d89b0c61651f12570b24936,0.010847883,0.009293413,meshes/DeskLamp/cf200978d89b0c61651f12570b24936.obj,2000,0.861,0.6485889898188889,0.986824790980184,True
DeskLamp_cf50c3fafc7b94e87eaeab1f0c9120b7_0.008956941929041746.h5,D:\3d-grasp-pose-estimation\dataset\grasps\DeskLamp_cf50c3fafc7b94e87eaeab1f0c9120b7_0.008956941929041746.h5,DeskLamp,cf50c3fafc7b94e87eaeab1f0c9120b7,0.0094986908,0.0089569419,meshes/DeskLamp/cf50c3fafc7b94e87eaeab1f0c9120b7.obj,2000,0.6595,0.4328577067669482,0.9777196229613077,True
DeskLamp_d062f9dc10765bb4e87b2e5bbe5da611_0.0006258057013112361.h5,D:\3d-grasp-pose-estimation\dataset\grasps\DeskLamp_d062f9dc10765bb4e87b2e5bbe5da611_0.0006258057013112361.h5,DeskLamp,d062f9dc10765bb4e87b2e5bbe5da611,0.0055853223,0.0006258057,meshes/DeskLamp/d062f9dc10765bb4e87b2e5bbe5da611.obj,2000,0.735,0.5237123366621145,0.9820324564049594,True
DeskLamp_d1ba336c09928deefc91db1746a83b15_0.00017563000608982984.h5,D:\3d-grasp-pose-estimation\dataset\grasps\DeskLamp_d1ba336c09928deefc91db1746a83b15_0.00017563000608982984.h5,DeskLamp,d1ba336c09928deefc91db1746a83b15,0.0031022766,0.00017563,meshes/DeskLamp/d1ba336c09928deefc91db1746a83b15.obj,2000,0.713,0.4640973436714646,0.963052311578273,True
DeskLamp_d3194dd3e07881828f58d8b19de93f99_0.003694348792950199.h5,D:\3d-grasp-pose-estimation\dataset\grasps\DeskLamp_d3194dd3e07881828f58d8b19de93f99_0.003694348792950199.h5,DeskLamp,d3194dd3e07881828f58d8b19de93f99,0.0018155853,0.0036943488,meshes/DeskLamp/d3194dd3e07881828f58d8b19de93f99.obj,2000,0.721,0.4836134259573932,0.9414378489651412,True
DeskLamp_d3b7e793523ca1a87e591a0b02757e6d_0.0005903324719970318.h5,D:\3d-grasp-pose-estimation\dataset\grasps\DeskLamp_d3b7e793523ca1a87e591a0b02757e6d_0.0005903324719970318.h5,DeskLamp,d3b7e793523ca1a87e591a0b02757e6d,0.0053725895,0.0005903325,meshes/DeskLamp/d3b7e793523ca1a87e591a0b02757e6d.obj,2000,0.6935,0.4873817501471162,0.992648838962496,True
DeskLamp_d5e278feb6007ccb88e7662971dc736f_1.525278670805271e-05.h5,D:\3d-grasp-pose-estimation\dataset\grasps\DeskLamp_d5e278feb6007ccb88e7662971dc736f_1.525278670805271e-05.h5,DeskLamp,d5e278feb6007ccb88e7662971dc736f,0.0061176073,1.52528e-05,meshes/DeskLamp/d5e278feb6007ccb88e7662971dc736f.obj,2000,0.8295,0.5718094881270367,0.9767178200546166,True
DeskLamp_d7a10c837316de2f3ca265f557f5dc3e_0.008992057696224947.h5,D:\3d-grasp-pose-estimation\dataset\grasps\DeskLamp_d7a10c837316de2f3ca265f557f5dc3e_0.008992057696224947.h5,DeskLamp,d7a10c837316de2f3ca265f557f5dc3e,0.0118699873,0.0089920577,meshes/DeskLamp/d7a10c837316de2f3ca265f557f5dc3e.obj,2000,0.423,0.284572522984397,0.956770404184591,True
DeskLamp_d83fc71f3978130e335fe03ac3704320_0.0007172594844358963.h5,D:\3d-grasp-pose-estimation\dataset\grasps\DeskLamp_d83fc71f3978130e335fe03ac3704320_0.0007172594844358963.h5,DeskLamp,d83fc71f3978130e335fe03ac3704320,0.0059663671,0.0007172595,meshes/DeskLamp/d83fc71f3978130e335fe03ac3704320.obj,2000,0.748,0.5508305586255217,0.972958797526076,True
DeskLamp_d939b56b53aa7e7c42f80363988bcb92_0.019510762557099506.h5,D:\3d-grasp-pose-estimation\dataset\grasps\DeskLamp_d939b56b53aa7e7c42f80363988bcb92_0.019510762557099506.h5,DeskLamp,d939b56b53aa7e7c42f80363988bcb92,0.1191964053,0.0195107626,meshes/DeskLamp/d939b56b53aa7e7c42f80363988bcb92.obj,2000,0.421,0.159085421724787,0.8729512733490238,False
DeskLamp_dde3b4bb9fb1ad25e0d089cf3411494c_0.024260780174255973.h5,D:\3d-grasp-pose-estimation\dataset\grasps\DeskLamp_dde3b4bb9fb1ad25e0d089cf3411494c_0.024260780174255973.h5,DeskLamp,dde3b4bb9fb1ad25e0d089cf3411494c,0.1236887703,0.0242607802,meshes/DeskLamp/dde3b4bb9fb1ad25e0d089cf3411494c.obj,2000,0.8755,0.6797763049556497,0.9819098760975408,False
DeskLamp_e20889cbe2d917787d616ef0c11d6a7f_0.01760653177822745.h5,D:\3d-grasp-pose-estimation\dataset\grasps\DeskLamp_e20889cbe2d917787d616ef0c11d6a7f_0.01760653177822745.h5,DeskLamp,e20889cbe2d917787d616ef0c11d6a7f,0.0232540034,0.0176065318,meshes/DeskLamp/e20889cbe2d917787d616ef0c11d6a7f.obj,2000,0.8325,0.569291145378081,0.9520768759651072,False
DeskLamp_eb0d19ccdeb98cff88e7662971dc736f_1.6369969299763567e-05.h5,D:\3d-grasp-pose-estimation\dataset\grasps\DeskLamp_eb0d19ccdeb98cff88e7662971dc736f_1.6369969299763567e-05.h5,DeskLamp,eb0d19ccdeb98cff88e7662971dc736f,0.0077209082,1.637e-05,meshes/DeskLamp/eb0d19ccdeb98cff88e7662971dc736f.obj,2000,0.8215,0.5704991675609796,0.9791207232900786,True
DeskLamp_ec9d203d934686fe1ca70d5205a82b_0.0001261227540333193.h5,D:\3d-grasp-pose-estimation\dataset\grasps\DeskLamp_ec9d203d934686fe1ca70d5205a82b_0.0001261227540333193.h5,DeskLamp,ec9d203d934686fe1ca70d5205a82b,0.0365892735,0.0001261228,meshes/DeskLamp/ec9d203d934686fe1ca70d5205a82b.obj,2000,0.794,0.538331619570794,0.9535139415706408,True
DeskLamp_ec9d203d934686fe1ca70d5205a82b_7.037935420270137e-05.h5,D:\3d-grasp-pose-estimation\dataset\grasps\DeskLamp_ec9d203d934686fe1ca70d5205a82b_7.037935420270137e-05.h5,DeskLamp,ec9d203d934686fe1ca70d5205a82b,0.0063578354,7.03794e-05,meshes/DeskLamp/ec9d203d934686fe1ca70d5205a82b.obj,2000,0.7535,0.4960154005612381,0.9788915846855796,True
DeskLamp_eed75b804ca9d0961cb94426caef3438_0.005753583004812713.h5,D:\3d-grasp-pose-estimation\dataset\grasps\DeskLamp_eed75b804ca9d0961cb94426caef3438_0.005753583004812713.h5,DeskLamp,eed75b804ca9d0961cb94426caef3438,0.024708436,0.005753583,meshes/DeskLamp/eed75b804ca9d0961cb94426caef3438.obj,2000,0.6155,0.4377760969327403,0.9405641318430163,True
DeskLamp_eeffd79536a7ab3e597ff152ef65c9c3_0.027415502996544577.h5,D:\3d-grasp-pose-estimation\dataset\grasps\DeskLamp_eeffd79536a7ab3e597ff152ef65c9c3_0.027415502996544577.h5,DeskLamp,eeffd79536a7ab3e597ff152ef65c9c3,0.1685440119,0.027415503,meshes/DeskLamp/eeffd79536a7ab3e597ff152ef65c9c3.obj,2000,0.63,0.4807462539051295,0.9893709064906518,False
DeskLamp_efb047ee54f6a024fd5f00d1c8d5ab1_0.0004550009977666119.h5,D:\3d-grasp-pose-estimation\dataset\grasps\DeskLamp_efb047ee54f6a024fd5f00d1c8d5ab1_0.0004550009977666119.h5,DeskLamp,efb047ee54f6a024fd5f00d1c8d5ab1,0.0244613389,0.000455001,meshes/DeskLamp/efb047ee54f6a024fd5f00d1c8d5ab1.obj,2000,0.914,0.6636286536915179,0.9804769372773042,True
DeskLamp_f89d2cd5a2853485dc26eaa9eecf351c_0.00279535046536249.h5,D:\3d-grasp-pose-estimation\dataset\grasps\DeskLamp_f89d2cd5a2853485dc26eaa9eecf351c_0.00279535046536249.h5,DeskLamp,f89d2cd5a2853485dc26eaa9eecf351c,0.2411565748,0.0027953505,meshes/DeskLamp/f89d2cd5a2853485dc26eaa9eecf351c.obj,2000,0.712,0.517205736792071,0.9608155892907472,True
DeskLamp_fc519dfcfd7fb873d810b14a81e12eca_0.015409455700300242.h5,D:\3d-grasp-pose-estimation\dataset\grasps\DeskLamp_fc519dfcfd7fb873d810b14a81e12eca_0.015409455700300242.h5,DeskLamp,fc519dfcfd7fb873d810b14a81e12eca,0.0478773791,0.0154094557,meshes/DeskLamp/fc519dfcfd7fb873d810b14a81e12eca.obj,2000,0.8725,0.6223140117585719,0.980416918496702,False
DeskLamp_ff59e57d71c63cd5cebf287c8b07173c_0.008119552927240464.h5,D:\3d-grasp-pose-estimation\dataset\grasps\DeskLamp_ff59e57d71c63cd5cebf287c8b07173c_0.008119552927240464.h5,DeskLamp,ff59e57d71c63cd5cebf287c8b07173c,0.0272978648,0.0081195529,meshes/DeskLamp/ff59e57d71c63cd5cebf287c8b07173c.obj,2000,0.667,0.4569533868339575,0.9889407618683568,True
Flashlight_5c7bf45b0f847489181be2d6e974dccd_0.0002439484847777283.h5,D:\3d-grasp-pose-estimation\dataset\grasps\Flashlight_5c7bf45b0f847489181be2d6e974dccd_0.0002439484847777283.h5,Flashlight,5c7bf45b0f847489181be2d6e974dccd,0.1598149303,0.0002439485,meshes/Flashlight/5c7bf45b0f847489181be2d6e974dccd.obj,2000,0.387,0.3345860786040169,0.993068716628378,True
Flashlight_614c2672926d86d96b84415a3f1393b_0.026190124407560817.h5,D:\3d-grasp-pose-estimation\dataset\grasps\Flashlight_614c2672926d86d96b84415a3f1393b_0.026190124407560817.h5,Flashlight,614c2672926d86d96b84415a3f1393b,0.0437791497,0.0261901244,meshes/Flashlight/614c2672926d86d96b84415a3f1393b.obj,2000,0.735,0.5932866281041549,0.9757887962719536,False
Flashlight_6182be9b916ade25dd25a522583661aa_0.019753071991015773.h5,D:\3d-grasp-pose-estimation\dataset\grasps\Flashlight_6182be9b916ade25dd25a522583661aa_0.019753071991015773.h5,Flashlight,6182be9b916ade25dd25a522583661aa,0.0067911961,0.019753072,meshes/Flashlight/6182be9b916ade25dd25a522583661aa.obj,2000,0.881,0.6821777069390764,0.96514391872638,False
Flashlight_6182be9b916ade25dd25a522583661aa_0.06536559920176715.h5,D:\3d-grasp-pose-estimation\dataset\grasps\Flashlight_6182be9b916ade25dd25a522583661aa_0.06536559920176715.h5,Flashlight,6182be9b916ade25dd25a522583661aa,0.2460877922,0.0653655992,meshes/Flashlight/6182be9b916ade25dd25a522583661aa.obj,2000,0.0305,0.0242185452924711,0.9815526975983004,False
Flashlight_70cfc22ffe0e9835fc3223d52c1f21a9_0.00016308204571667943.h5,D:\3d-grasp-pose-estimation\dataset\grasps\Flashlight_70cfc22ffe0e9835fc3223d52c1f21a9_0.00016308204571667943.h5,Flashlight,70cfc22ffe0e9835fc3223d52c1f21a9,0.0082288805,0.000163082,meshes/Flashlight/70cfc22ffe0e9835fc3223d52c1f21a9.obj,2000,0.7175,0.5678344948674883,0.9739403558349444,True
Flashlight_70cfc22ffe0e9835fc3223d52c1f21a9_0.00016415378409247362.h5,D:\3d-grasp-pose-estimation\dataset\grasps\Flashlight_70cfc22ffe0e9835fc3223d52c1f21a9_0.00016415378409247362.h5,Flashlight,70cfc22ffe0e9835fc3223d52c1f21a9,0.0083921841,0.0001641538,meshes/Flashlight/70cfc22ffe0e9835fc3223d52c1f21a9.obj,2000,0.7585,0.594083213480051,0.976336541441157,True
Flashlight_7981d1894a5b3c371b92a1339af2f7ce_0.032894096932486405.h5,D:\3d-grasp-pose-estimation\dataset\grasps\Flashlight_7981d1894a5b3c371b92a1339af2f7ce_0.032894096932486405.h5,Flashlight,7981d1894a5b3c371b92a1339af2f7ce,0.0234579342,0.0328940969,meshes/Flashlight/7981d1894a5b3c371b92a1339af2f7ce.obj,2000,0.8235,0.6505479801346961,0.9815257323373758,False
Flashlight_915540c9c81ddc63a5901d93c937a07e_0.044156721298974695.h5,D:\3d-grasp-pose-estimation\dataset\grasps\Flashlight_915540c9c81ddc63a5901d93c937a07e_0.044156721298974695.h5,Flashlight,915540c9c81ddc63a5901d93c937a07e,0.0970977044,0.0441567213,meshes/Flashlight/915540c9c81ddc63a5901d93c937a07e.obj,2000,0.526,0.4368656642898432,0.9886903483499676,False
Flashlight_9b8eef439813d9945322b45f6e8d738b_0.02141011403240661.h5,D:\3d-grasp-pose-estimation\dataset\grasps\Flashlight_9b8eef439813d9945322b45f6e8d738b_0.02141011403240661.h5,Flashlight,9b8eef439813d9945322b45f6e8d738b,0.2898834452,0.021410114,meshes/Flashlight/9b8eef439813d9945322b45f6e8d738b.obj,2000,0.5135,0.4080089906587849,0.9679288486676706,False
Flashlight_b8a2d0816b4e4dd9be0355c8334334a8_0.034193737682032314.h5,D:\3d-grasp-pose-estimation\dataset\grasps\Flashlight_b8a2d0816b4e4dd9be0355c8334334a8_0.034193737682032314.h5,Flashlight,b8a2d0816b4e4dd9be0355c8334334a8,0.106361405,0.0341937377,meshes/Flashlight/b8a2d0816b4e4dd9be0355c8334334a8.obj,2000,0.715,0.4423176368237971,0.9649938315574312,False
Flashlight_bb688501cebfc06c723ede5cd5a5e220_0.0005686041613087022.h5,D:\3d-grasp-pose-estimation\dataset\grasps\Flashlight_bb688501cebfc06c723ede5cd5a5e220_0.0005686041613087022.h5,Flashlight,bb688501cebfc06c723ede5cd5a5e220,0.0223874975,0.0005686042,meshes/Flashlight/bb688501cebfc06c723ede5cd5a5e220.obj,2000,0.87,0.6887950386123917,0.9750063837340676,True
Flashlight_d3afd0ef3bf3b87a2c4a81f1d7e1fb38_0.052086878216038995.h5,D:\3d-grasp-pose-estimation\dataset\grasps\Flashlight_d3afd0ef3bf3b87a2c4a81f1d7e1fb38_0.052086878216038995.h5,Flashlight,d3afd0ef3bf3b87a2c4a81f1d7e1fb38,0.4499792461,0.0520868782,meshes/Flashlight/d3afd0ef3bf3b87a2c4a81f1d7e1fb38.obj,2000,0.0,0.0,0.0,False
Flashlight_e65b2f77490365659840461069957c82_0.010076959301783242.h5,D:\3d-grasp-pose-estimation\dataset\grasps\Flashlight_e65b2f77490365659840461069957c82_0.010076959301783242.h5,Flashlight,e65b2f77490365659840461069957c82,0.0997381454,0.0100769593,meshes/Flashlight/e65b2f77490365659840461069957c82.obj,2000,0.682,0.5644043085040744,0.9890912088641374,False
Flashlight_fbb6a1fb01f08eb1575f032b182448e5_6.70646170595575e-05.h5,D:\3d-grasp-pose-estimation\dataset\grasps\Flashlight_fbb6a1fb01f08eb1575f032b182448e5_6.70646170595575e-05.h5,Flashlight,fbb6a1fb01f08eb1575f032b182448e5,0.0049658956,6.70646e-05,meshes/Flashlight/fbb6a1fb01f08eb1575f032b182448e5.obj,2000,0.8915,0.627200500546704,0.9598773309356696,True
Mug_10f6e09036350e92b3f21f1137c3c347_0.0002682457830986903.h5,D:\3d-grasp-pose-estimation\dataset\grasps\Mug_10f6e09036350e92b3f21f1137c3c347_0.0002682457830986903.h5,Mug,10f6e09036350e92b3f21f1137c3c347,0.0130879738,0.0002682458,meshes/Mug/10f6e09036350e92b3f21f1137c3c347.obj,2000,0.645,0.4996931719039881,0.9900557280743328,True
Mug_10f6e09036350e92b3f21f1137c3c347_0.00028563716822276134.h5,D:\3d-grasp-pose-estimation\dataset\grasps\Mug_10f6e09036350e92b3f21f1137c3c347_0.00028563716822276134.h5,Mug,10f6e09036350e92b3f21f1137c3c347,0.0158022113,0.0002856372,meshes/Mug/10f6e09036350e92b3f21f1137c3c347.obj,2000,0.864,0.6427158058183055,0.9774456500546737,True
Mug_128ecbc10df5b05d96eaf1340564a4de_0.0013421115752322193.h5,D:\3d-grasp-pose-estimation\dataset\grasps\Mug_128ecbc10df5b05d96eaf1340564a4de_0.0013421115752322193.h5,Mug,128ecbc10df5b05d96eaf1340564a4de,0.0157251947,0.0013421116,meshes/Mug/128ecbc10df5b05d96eaf1340564a4de.obj,2000,0.2765,0.2207861759508728,0.9744443504384608,True
Mug_128ecbc10df5b05d96eaf1340564a4de_0.0017788254548529554.h5,D:\3d-grasp-pose-estimation\dataset\grasps\Mug_128ecbc10df5b05d96eaf1340564a4de_0.0017788254548529554.h5,Mug,128ecbc10df5b05d96eaf1340564a4de,0.0366125664,0.0017788255,meshes/Mug/128ecbc10df5b05d96eaf1340564a4de.obj,2000,0.7465,0.5520700846731698,0.9757538823297596,True
Mug_159e56c18906830278d8f8c02c47cde0_0.02613657211507507.h5,D:\3d-grasp-pose-estimation\dataset\grasps\Mug_159e56c18906830278d8f8c02c47cde0_0.02613657211507507.h5,Mug,159e56c18906830278d8f8c02c47cde0,0.0085722485,0.0261365721,meshes/Mug/159e56c18906830278d8f8c02c47cde0.obj,2000,0.4125,0.324485220772403,0.9814087307174958,False
Mug_159e56c18906830278d8f8c02c47cde0_0.04226213061335679.h5,D:\3d-grasp-pose-estimation\dataset\grasps\Mug_159e56c18906830278d8f8c02c47cde0_0.04226213061335679.h5,Mug,159e56c18906830278d8f8c02c47cde0,0.0362412386,0.0422621306,meshes/Mug/159e56c18906830278d8f8c02c47cde0.obj,2000,0.83,0.6081471031286299,0.9607626518541176,False
Mug_187859d3c3a2fd23f54e1b6f41fdd78a_0.025693213682502512.h5,D:\3d-grasp-pose-estimation\dataset\grasps\Mug_187859d3c3a2fd23f54e1b6f41fdd78a_0.025693213682502512.h5,Mug,187859d3c3a2fd23f54e1b6f41fdd78a,0.0415852453,0.0256932137,meshes/Mug/187859d3c3a2fd23f54e1b6f41fdd78a.obj,2000,0.83,0.6232246532306777,0.9753450164157084,False
Mug_187859d3c3a2fd23f54e1b6f41fdd78a_0.026361220901560414.h5,D:\3d-grasp-pose-estimation\dataset\grasps\Mug_187859d3c3a2fd23f54e1b6f41fdd78a_0.026361220901560414.h5,Mug,187859d3c3a2fd23f54e1b6f41fdd78a,0.0449138767,0.0263612209,meshes/Mug/187859d3c3a2fd23f54e1b6f41fdd78a.obj,2000,0.8455,0.6457410336876578,0.9722836293683386,False
Mug_1ea9ea99ac8ed233bf355ac8109b9988_0.00015690117591903456.h5,D:\3d-grasp-pose-estimation\dataset\grasps\Mug_1ea9ea99ac8ed233bf355ac8109b9988_0.00015690117591903456.h5,Mug,1ea9ea99ac8ed233bf355ac8109b9988,0.0204791867,0.0001569012,meshes/Mug/1ea9ea99ac8ed233bf355ac8109b9988.obj,2000,0.5835,0.460580206610828,0.978216141575174,True
Mug_1ea9ea99ac8ed233bf355ac8109b9988_0.00016407252808445613.h5,D:\3d-grasp-pose-estimation\dataset\grasps\Mug_1ea9ea99ac8ed233bf355ac8109b9988_0.00016407252808445613.h5,Mug,1ea9ea99ac8ed233bf355ac8109b9988,0.0234175642,0.0001640725,meshes/Mug/1ea9ea99ac8ed233bf355ac8109b9988.obj,2000,0.5705,0.4502354907773914,0.980524340154516,True
Mug_2073dd06f62b46d43c8079bde16af00d_0.0016645897945526554.h5,D:\3d-grasp-pose-estimation\dataset\grasps\Mug_2073dd06f62b46d43c8079bde16af00d_0.0016645897945526554.h5,Mug,2073dd06f62b46d43c8079bde16af00d,0.0263560109,0.0016645898,meshes/Mug/2073dd06f62b46d43c8079bde16af00d.obj,2000,0.783,0.5222777380484003,0.9217942803270294,True
Mug_2073dd06f62b46d43c8079bde16af00d_0.0016911014876028402.h5,D:\3d-grasp-pose-estimation\dataset\grasps\Mug_2073dd06f62b46d43c8079bde16af00d_0.0016911014876028402.h5,Mug,2073dd06f62b46d43c8079bde16af00d,0.0276354799,0.0016911015,meshes/Mug/2073dd06f62b46d43c8079bde16af00d.obj,2000,0.7955,0.5291128967868557,0.9443074893571914,True
Mug_23fb2a2231263e261a9ac99425d3b306_0.00038748778493825193.h5,D:\3d-grasp-pose-estimation\dataset\grasps\Mug_23fb2a2231263e261a9ac99425d3b306_0.00038748778493825193.h5,Mug,23fb2a2231263e261a9ac99425d3b306,0.0111204667,0.0003874878,meshes/Mug/23fb2a2231263e261a9ac99425d3b306.obj,2000,0.4355,0.2670959725603267,0.9925865703886052,True
Mug_23fb2a2231263e261a9ac99425d3b306_0.0004178787993398171.h5,D:\3d-grasp-pose-estimation\dataset\grasps\Mug_23fb2a2231263e261a9ac99425d3b306_0.0004178787993398171.h5,Mug,23fb2a2231263e261a9ac99425d3b306,0.0139476159,0.0004178788,meshes/Mug/23fb2a2231263e261a9ac99425d3b306.obj,2000,0.6565,0.4035241359493648,0.9256846848409364,True
Mug_24651c3767aa5089e19f4cee87249aca_0.0001694943312161994.h5,D:\3d-grasp-pose-estimation\dataset\grasps\Mug_24651c3767aa5089e19f4cee87249aca_0.0001694943312161994.h5,Mug,24651c3767aa5089e19f4cee87249aca,0.0249613939,0.0001694943,meshes/Mug/24651c3767aa5089e19f4cee87249aca.obj,2000,0.5175,0.4024434103473736,0.977930456365214,True
Mug_24651c3767aa5089e19f4cee87249aca_0.00027433266588554995.h5,D:\3d-grasp-pose-estimation\dataset\grasps\Mug_24651c3767aa5089e19f4cee87249aca_0.00027433266588554995.h5,Mug,24651c3767aa5089e19f4cee87249aca,0.1058365981,0.0002743327,meshes/Mug/24651c3767aa5089e19f4cee87249aca.obj,2000,0.8385,0.6390763755825499,0.9922238857055968,True
Mug_2997f21fa426e18a6ab1a25d0e8f3590_0.01929277648152453.h5,D:\3d-grasp-pose-estimation\dataset\grasps\Mug_2997f21fa426e18a6ab1a25d0e8f3590_0.01929277648152453.h5,Mug,2997f21fa426e18a6ab1a25d0e8f3590,0.0625044459,0.0192927765,meshes/Mug/2997f21fa426e18a6ab1a25d0e8f3590.obj,2000,0.891,0.639106723235991,0.9662189858137537,False
Mug_2997f21fa426e18a6ab1a25d0e8f3590_0.021360488699532477.h5,D:\3d-grasp-pose-estimation\dataset\grasps\Mug_2997f21fa426e18a6ab1a25d0e8f3590_0.021360488699532477.h5,Mug,2997f21fa426e18a6ab1a25d0e8f3590,0.0848321092,0.0213604887,meshes/Mug/2997f21fa426e18a6ab1a25d0e8f3590.obj,2000,0.911,0.6557405938001752,0.9805401663457566,False
Mug_336122c3105440d193e42e2720468bf0_0.023509882862863946.h5,D:\3d-grasp-pose-estimation\dataset\grasps\Mug_336122c3105440d193e42e2720468bf0_0.023509882862863946.h5,Mug,336122c3105440d193e42e2720468bf0,0.0234939385,0.0235098829,meshes/Mug/336122c3105440d193e42e2720468bf0.obj,2000,0.5405,0.4124330321728687,0.9933607627843876,False
Mug_336122c3105440d193e42e2720468bf0_0.02757814315434862.h5,D:\3d-grasp-pose-estimation\dataset\grasps\Mug_336122c3105440d193e42e2720468bf0_0.02757814315434862.h5,Mug,336122c3105440d193e42e2720468bf0,0.0379227215,0.0275781432,meshes/Mug/336122c3105440d193e42e2720468bf0.obj,2000,0.7355,0.5471509141429539,0.960339747598432,False
Mug_37f56901a07da69dac6b8e58caf61f95_0.015336398375355305.h5,D:\3d-grasp-pose-estimation\dataset\grasps\Mug_37f56901a07da69dac6b8e58caf61f95_0.015336398375355305.h5,Mug,37f56901a07da69dac6b8e58caf61f95,0.0045630158,0.0153363984,meshes/Mug/37f56901a07da69dac6b8e58caf61f95.obj,2000,0.5355,0.4096411163050965,0.956405152909596,False
Mug_37f56901a07da69dac6b8e58caf61f95_0.016879079015257148.h5,D:\3d-grasp-pose-estimation\dataset\grasps\Mug_37f56901a07da69dac6b8e58caf61f95_0.016879079015257148.h5,Mug,37f56901a07da69dac6b8e58caf61f95,0.0060831436,0.016879079,meshes/Mug/37f56901a07da69dac6b8e58caf61f95.obj,2000,0.5385,0.4078596936244399,0.97652910345008,False
Mug_40f9a6cc6b2c3b3a78060a3a3a55e18f_0.0006670441940038386.h5,D:\3d-grasp-pose-estimation\dataset\grasps\Mug_40f9a6cc6b2c3b3a78060a3a3a55e18f_0.0006670441940038386.h5,Mug,40f9a6cc6b2c3b3a78060a3a3a55e18f,0.031842809,0.0006670442,meshes/Mug/40f9a6cc6b2c3b3a78060a3a3a55e18f.obj,2000,0.9015,0.6583742557621388,0.955969152082428,True
Mug_40f9a6cc6b2c3b3a78060a3a3a55e18f_0.0006674992015899916.h5,D:\3d-grasp-pose-estimation\dataset\grasps\Mug_40f9a6cc6b2c3b3a78060a3a3a55e18f_0.0006674992015899916.h5,Mug,40f9a6cc6b2c3b3a78060a3a3a55e18f,0.0319080158,0.0006674992,meshes/Mug/40f9a6cc6b2c3b3a78060a3a3a55e18f.obj,2000,0.8345,0.6116598722286979,0.963713329214944,True
Mug_414772162ef70ec29109ad7f9c200d62_0.0008565924686492948.h5,D:\3d-grasp-pose-estimation\dataset\grasps\Mug_414772162ef70ec29109ad7f9c200d62_0.0008565924686492948.h5,Mug,414772162ef70ec29109ad7f9c200d62,0.0113630625,0.0008565925,meshes/Mug/414772162ef70ec29109ad7f9c200d62.obj,2000,0.6185,0.4791126132571707,0.9790529764250512,True
Mug_414772162ef70ec29109ad7f9c200d62_0.000940948999408272.h5,D:\3d-grasp-pose-estimation\dataset\grasps\Mug_414772162ef70ec29109ad7f9c200d62_0.000940948999408272.h5,Mug,414772162ef70ec29109ad7f9c200d62,0.0150615926,0.000940949,meshes/Mug/414772162ef70ec29109ad7f9c200d62.obj,2000,0.6625,0.5276819899535851,0.9807693816678577,True
Mug_46ed9dad0440c043d33646b0990bb4a_0.0009404509430158377.h5,D:\3d-grasp-pose-estimation\dataset\grasps\Mug_46ed9dad0440c043d33646b0990bb4a_0.0009404509430158377.h5,Mug,46ed9dad0440c043d33646b0990bb4a,0.0215893561,0.0009404509,meshes/Mug/46ed9dad0440c043d33646b0990bb4a.obj,2000,0.602,0.4694714433825186,0.9894676104812522,True
Mug_46ed9dad0440c043d33646b0990bb4a_0.0011089042331559266.h5,D:\3d-grasp-pose-estimation\dataset\grasps\Mug_46ed9dad0440c043d33646b0990bb4a_0.0011089042331559266.h5,Mug,46ed9dad0440c043d33646b0990bb4a,0.035392674,0.0011089042,meshes/Mug/46ed9dad0440c043d33646b0990bb4a.obj,2000,0.879,0.664948935529769,0.953306564836059,True
Mug_48e260a614c0fd4434a8988fdcee4fde_0.011669292432970015.h5,D:\3d-grasp-pose-estimation\dataset\grasps\Mug_48e260a614c0fd4434a8988fdcee4fde_0.011669292432970015.h5,Mug,48e260a614c0fd4434a8988fdcee4fde,0.0109169989,0.0116692924,meshes/Mug/48e260a614c0fd4434a8988fdcee4fde.obj,2000,0.4795,0.3888434709935158,0.976725794167961,False
Mug_48e260a614c0fd4434a8988fdcee4fde_0.011748643961086411.h5,D:\3d-grasp-pose-estimation\dataset\grasps\Mug_48e260a614c0fd4434a8988fdcee4fde_0.011748643961086411.h5,Mug,48e260a614c0fd4434a8988fdcee4fde,0.0111412245,0.011748644,meshes/Mug/48e260a614c0fd4434a8988fdcee4fde.obj,2000,0.4345,0.3545611534063113,0.975706195500385,False
Mug_52273f4b17505e898ef19a48ac4fcfdf_0.0001992062781959207.h5,D:\3d-grasp-pose-estimation\dataset\grasps\Mug_52273f4b17505e898ef19a48ac4fcfdf_0.0001992062781959207.h5,Mug,52273f4b17505e898ef19a48ac4fcfdf,0.0111790155,0.0001992063,meshes/Mug/52273f4b17505e898ef19a48ac4fcfdf.obj,2000,0.2845,0.2219618052703391,0.9623307431398822,True
Mug_52273f4b17505e898ef19a48ac4fcfdf_0.0002162272052522585.h5,D:\3d-grasp-pose-estimation\dataset\grasps\Mug_52273f4b17505e898ef19a48ac4fcfdf_0.0002162272052522585.h5,Mug,52273f4b17505e898ef19a48ac4fcfdf,0.0142963608,0.0002162272,meshes/Mug/52273f4b17505e898ef19a48ac4fcfdf.obj,2000,0.3005,0.2367351117049223,0.9611750320188696,True
Mug_542235fc88d22e1e3406473757712946_0.0010392777518850788.h5,D:\3d-grasp-pose-estimation\dataset\grasps\Mug_542235fc88d22e1e3406473757712946_0.0010392777518850788.h5,Mug,542235fc88d22e1e3406473757712946,0.0321489351,0.0010392778,meshes/Mug/542235fc88d22e1e3406473757712946.obj,2000,0.4015,0.2679848857230155,0.9757469333582234,True
Mug_542235fc88d22e1e3406473757712946_0.0012365245537198674.h5,D:\3d-grasp-pose-estimation\dataset\grasps\Mug_542235fc88d22e1e3406473757712946_0.0012365245537198674.h5,Mug,542235fc88d22e1e3406473757712946,0.0541476901,0.0012365246,meshes/Mug/542235fc88d22e1e3406473757712946.obj,2000,0.546,0.3738317404213335,0.9706758231005596,True
Mug_546648204a20b712dfb0e477a80dcc95_0.0015381099056098802.h5,D:\3d-grasp-pose-estimation\dataset\grasps\Mug_546648204a20b712dfb0e477a80dcc95_0.0015381099056098802.h5,Mug,546648204a20b712dfb0e477a80dcc95,0.0560004194,0.0015381099,meshes/Mug/546648204a20b712dfb0e477a80dcc95.obj,2000,0.3325,0.2817526150114702,0.9905924847645944,True
Mug_546648204a20b712dfb0e477a80dcc95_0.0016301357431915422.h5,D:\3d-grasp-pose-estimation\dataset\grasps\Mug_546648204a20b712dfb0e477a80dcc95_0.0016301357431915422.h5,Mug,546648204a20b712dfb0e477a80dcc95,0.0666653989,0.0016301357,meshes/Mug/546648204a20b712dfb0e477a80dcc95.obj,2000,0.302,0.2617277855949865,0.9940130077600936,True
Mug_547b3284875a6ce535deb3b0c692a2a_0.024041403099134072.h5,D:\3d-grasp-pose-estimation\dataset\grasps\Mug_547b3284875a6ce535deb3b0c692a2a_0.024041403099134072.h5,Mug,547b3284875a6ce535deb3b0c692a2a,0.0122000218,0.0240414031,meshes/Mug/547b3284875a6ce535deb3b0c692a2a.obj,2000,0.423,0.2886689847269979,0.9920485750921992,False
Mug_547b3284875a6ce535deb3b0c692a2a_0.02991094626916992.h5,D:\3d-grasp-pose-estimation\dataset\grasps\Mug_547b3284875a6ce535deb3b0c692a2a_0.02991094626916992.h5,Mug,547b3284875a6ce535deb3b0c692a2a,0.0234947937,0.0299109463,meshes/Mug/547b3284875a6ce535deb3b0c692a2a.obj,2000,0.796,0.5555762922326958,0.9602459375850216,False
Mug_57f73714cbc425e44ae022a8f6e258a7_0.018923936541415925.h5,D:\3d-grasp-pose-estimation\dataset\grasps\Mug_57f73714cbc425e44ae022a8f6e258a7_0.018923936541415925.h5,Mug,57f73714cbc425e44ae022a8f6e258a7,0.0199682626,0.0189239365,meshes/Mug/57f73714cbc425e44ae022a8f6e258a7.obj,2000,0.363,0.2892469134057045,0.9868915446806378,False
Mug_57f73714cbc425e44ae022a8f6e258a7_0.025017634476699264.h5,D:\3d-grasp-pose-estimation\dataset\grasps\Mug_57f73714cbc425e44ae022a8f6e258a7_0.025017634476699264.h5,Mug,57f73714cbc425e44ae022a8f6e258a7,0.0461364909,0.0250176345,meshes/Mug/57f73714cbc425e44ae022a8f6e258a7.obj,2000,0.6015,0.4502533636558924,0.9564088402267948,False
Mug_5b0c679eb8a2156c4314179664d18101_0.022300327671089217.h5,D:\3d-grasp-pose-estimation\dataset\grasps\Mug_5b0c679eb8a2156c4314179664d18101_0.022300327671089217.h5,Mug,5b0c679eb8a2156c4314179664d18101,0.0536474288,0.0223003277,meshes/Mug/5b0c679eb8a2156c4314179664d18101.obj,2000,0.513,0.3976967266514796,0.9941361785219732,False
Mug_5b0c679eb8a2156c4314179664d18101_0.02500768927845182.h5,D:\3d-grasp-pose-estimation\dataset\grasps\Mug_5b0c679eb8a2156c4314179664d18101_0.02500768927845182.h5,Mug,5b0c679eb8a2156c4314179664d18101,0.0756546928,0.0250076893,meshes/Mug/5b0c679eb8a2156c4314179664d18101.obj,2000,0.584,0.4223105558546569,0.9753586907190656,False
Mug_5b515d0b0c6740d5c5fe7f65b41f3b19_0.016545947701934367.h5,D:\3d-grasp-pose-estimation\dataset\grasps\Mug_5b515d0b0c6740d5c5fe7f65b41f3b19_0.016545947701934367.h5,Mug,5b515d0b0c6740d5c5fe7f65b41f3b19,0.022173222,0.0165459477,meshes/Mug/5b515d0b0c6740d5c5fe7f65b41f3b19.obj,2000,0.206,0.1558930359493829,0.9860665302568872,False
Mug_5d72df6bc7e93e6dd0cd466c08863ebd_0.004078831302497621.h5,D:\3d-grasp-pose-estimation\dataset\grasps\Mug_5d72df6bc7e93e6dd0cd466c08863ebd_0.004078831302497621.h5,Mug,5d72df6bc7e93e6dd0cd466c08863ebd,0.0049341818,0.0040788313,meshes/Mug/5d72df6bc7e93e6dd0cd466c08863ebd.obj,2000,0.507,0.3661354236771337,0.9591379973641104,True
Mug_5d72df6bc7e93e6dd0cd466c08863ebd_0.0047699147237361805.h5,D:\3d-grasp-pose-estimation\dataset\grasps\Mug_5d72df6bc7e93e6dd0cd466c08863ebd_0.0047699147237361805.h5,Mug,5d72df6bc7e93e6dd0cd466c08863ebd,0.0078911402,0.0047699147,meshes/Mug/5d72df6bc7e93e6dd0cd466c08863ebd.obj,2000,0.551,0.3963833237935674,0.9492919873155554,True
Mug_62634df2ad8f19b87d1b7935311a2ed0_0.02328042176991366.h5,D:\3d-grasp-pose-estimation\dataset\grasps\Mug_62634df2ad8f19b87d1b7935311a2ed0_0.02328042176991366.h5,Mug,62634df2ad8f19b87d1b7935311a2ed0,0.0449468797,0.0232804218,meshes/Mug/62634df2ad8f19b87d1b7935311a2ed0.obj,2000,0.8355,0.6218574503118041,0.961780237505512,False
Mug_62634df2ad8f19b87d1b7935311a2ed0_0.02439438710115097.h5,D:\3d-grasp-pose-estimation\dataset\grasps\Mug_62634df2ad8f19b87d1b7935311a2ed0_0.02439438710115097.h5,Mug,62634df2ad8f19b87d1b7935311a2ed0,0.0517126447,0.0243943871,meshes/Mug/62634df2ad8f19b87d1b7935311a2ed0.obj,2000,0.84,0.6255200987996361,0.968347328093556,False
Mug_6a9b31e1298ca1109c515ccf0f61e75f_0.022534275256680822.h5,D:\3d-grasp-pose-estimation\dataset\grasps\Mug_6a9b31e1298ca1109c515ccf0f61e75f_0.022534275256680822.h5,Mug,6a9b31e1298ca1109c515ccf0f61e75f,0.0226750217,0.0225342753,meshes/Mug/6a9b31e1298ca1109c515ccf0f61e75f.obj,2000,0.6065,0.4788722659278687,0.9929110285971192,False
Mug_6a9b31e1298ca1109c515ccf0f61e75f_0.029998777830639544.h5,D:\3d-grasp-pose-estimation\dataset\grasps\Mug_6a9b31e1298ca1109c515ccf0f61e75f_0.029998777830639544.h5,Mug,6a9b31e1298ca1109c515ccf0f61e75f,0.0534967762,0.0299987778,meshes/Mug/6a9b31e1298ca1109c515ccf0f61e75f.obj,2000,0.8415,0.6391832757116006,0.975515400119348,False
Mug_6aec84952a5ffcf33f60d03e1cb068dc_0.02151784785668408.h5,D:\3d-grasp-pose-estimation\dataset\grasps\Mug_6aec84952a5ffcf33f60d03e1cb068dc_0.02151784785668408.h5,Mug,6aec84952a5ffcf33f60d03e1cb068dc,0.0171774486,0.0215178479,meshes/Mug/6aec84952a5ffcf33f60d03e1cb068dc.obj,2000,0.469,0.3850951316978479,0.966168929518514,False
Mug_6aec84952a5ffcf33f60d03e1cb068dc_0.03025553833329781.h5,D:\3d-grasp-pose-estimation\dataset\grasps\Mug_6aec84952a5ffcf33f60d03e1cb068dc_0.03025553833329781.h5,Mug,6aec84952a5ffcf33f60d03e1cb068dc,0.047750378,0.0302555383,meshes/Mug/6aec84952a5ffcf33f60d03e1cb068dc.obj,2000,0.6775,0.5121625476558537,0.9729480825778228,False
Mug_71995893d717598c9de7b195ccfa970_0.0007179961866821134.h5,D:\3d-grasp-pose-estimation\dataset\grasps\Mug_71995893d717598c9de7b195ccfa970_0.0007179961866821134.h5,Mug,71995893d717598c9de7b195ccfa970,0.0380577492,0.0007179962,meshes/Mug/71995893d717598c9de7b195ccfa970.obj,2000,0.816,0.5998507567536232,0.972733738705676,True
Mug_71995893d717598c9de7b195ccfa970_0.0007342507232451631.h5,D:\3d-grasp-pose-estimation\dataset\grasps\Mug_71995893d717598c9de7b195ccfa970_0.0007342507232451631.h5,Mug,71995893d717598c9de7b195ccfa970,0.0407014458,0.0007342507,meshes/Mug/71995893d717598c9de7b195ccfa970.obj,2000,0.8445,0.62004876374887,0.9588427195952994,True
Mug_7223820f07fd6b55e453535335057818_0.015551998509716471.h5,D:\3d-grasp-pose-estimation\dataset\grasps\Mug_7223820f07fd6b55e453535335057818_0.015551998509716471.h5,Mug,7223820f07fd6b55e453535335057818,0.0038963031,0.0155519985,meshes/Mug/7223820f07fd6b55e453535335057818.obj,2000,0.378,0.2241469323861404,0.9426001382025608,False
Mug_7223820f07fd6b55e453535335057818_0.02115066712264872.h5,D:\3d-grasp-pose-estimation\dataset\grasps\Mug_7223820f07fd6b55e453535335057818_0.02115066712264872.h5,Mug,7223820f07fd6b55e453535335057818,0.0098009083,0.0211506671,meshes/Mug/7223820f07fd6b55e453535335057818.obj,2000,0.772,0.4917519483329419,0.9830955854506832,False
Mug_85d5e7be548357baee0fa456543b8166_0.013915745438755706.h5,D:\3d-grasp-pose-estimation\dataset\grasps\Mug_85d5e7be548357baee0fa456543b8166_0.013915745438755706.h5,Mug,85d5e7be548357baee0fa456543b8166,0.0332627756,0.0139157454,meshes/Mug/85d5e7be548357baee0fa456543b8166.obj,2000,0.731,0.5480952163815603,0.990492881799174,False
Mug_85d5e7be548357baee0fa456543b8166_0.016559998989885954.h5,D:\3d-grasp-pose-estimation\dataset\grasps\Mug_85d5e7be548357baee0fa456543b8166_0.016559998989885954.h5,Mug,85d5e7be548357baee0fa456543b8166,0.0560557254,0.016559999,meshes/Mug/85d5e7be548357baee0fa456543b8166.obj,2000,0.813,0.5563084643744753,0.9814174146966108,False
Mug_8b1dca1414ba88cb91986c63a4d7a99a_0.0003901101800752242.h5,D:\3d-grasp-pose-estimation\dataset\grasps\Mug_8b1dca1414ba88cb91986c63a4d7a99a_0.0003901101800752242.h5,Mug,8b1dca1414ba88cb91986c63a4d7a99a,0.0220255967,0.0003901102,meshes/Mug/8b1dca1414ba88cb91986c63a4d7a99a.obj,2000,0.65,0.461022163150348,0.9541372313404176,True
Mug_8b1dca1414ba88cb91986c63a4d7a99a_0.0004028201528345601.h5,D:\3d-grasp-pose-estimation\dataset\grasps\Mug_8b1dca1414ba88cb91986c63a4d7a99a_0.0004028201528345601.h5,Mug,8b1dca1414ba88cb91986c63a4d7a99a,0.0242493109,0.0004028202,meshes/Mug/8b1dca1414ba88cb91986c63a4d7a99a.obj,2000,0.6745,0.4790817584014646,0.9556459639121818,True
Mug_9ff8400080c77feac2ad6fd1941624c3_0.023398546980356757.h5,D:\3d-grasp-pose-estimation\dataset\grasps\Mug_9ff8400080c77feac2ad6fd1941624c3_0.023398546980356757.h5,Mug,9ff8400080c77feac2ad6fd1941624c3,0.0539620955,0.023398547,meshes/Mug/9ff8400080c77feac2ad6fd1941624c3.obj,2000,0.5875,0.4056806965387095,0.9659682294341128,False
Mug_9ff8400080c77feac2ad6fd1941624c3_0.02694297264398477.h5,D:\3d-grasp-pose-estimation\dataset\grasps\Mug_9ff8400080c77feac2ad6fd1941624c3_0.02694297264398477.h5,Mug,9ff8400080c77feac2ad6fd1941624c3,0.0823869963,0.0269429726,meshes/Mug/9ff8400080c77feac2ad6fd1941624c3.obj,2000,0.7715,0.5266934295424762,0.9559366487069628,False
Mug_b46a9c35587a38f6e87dab59b7e63362_0.004372440815730329.h5,D:\3d-grasp-pose-estimation\dataset\grasps\Mug_b46a9c35587a38f6e87dab59b7e63362_0.004372440815730329.h5,Mug,b46a9c35587a38f6e87dab59b7e63362,0.0368298962,0.0043724408,meshes/Mug/b46a9c35587a38f6e87dab59b7e63362.obj,2000,0.074,0.0547148881387077,0.958248563596414,True
Mug_b46a9c35587a38f6e87dab59b7e63362_0.004452038925431954.h5,D:\3d-grasp-pose-estimation\dataset\grasps\Mug_b46a9c35587a38f6e87dab59b7e63362_0.004452038925431954.h5,Mug,b46a9c35587a38f6e87dab59b7e63362,0.0388781449,0.0044520389,meshes/Mug/b46a9c35587a38f6e87dab59b7e63362.obj,2000,0.085,0.0614680744133731,0.9533161186555632,True
Mug_b6f30c63c946c286cf6897d8875cfd5e_0.0002948897214307824.h5,D:\3d-grasp-pose-estimation\dataset\grasps\Mug_b6f30c63c946c286cf6897d8875cfd5e_0.0002948897214307824.h5,Mug,b6f30c63c946c286cf6897d8875cfd5e,0.0065044239,0.0002948897,meshes/Mug/b6f30c63c946c286cf6897d8875cfd5e.obj,2000,0.5435,0.4308218648189686,0.9603299575491008,True
Mug_b6f30c63c946c286cf6897d8875cfd5e_0.0003392050556951731.h5,D:\3d-grasp-pose-estimation\dataset\grasps\Mug_b6f30c63c946c286cf6897d8875cfd5e_0.0003392050556951731.h5,Mug,b6f30c63c946c286cf6897d8875cfd5e,0.0098995825,0.0003392051,meshes/Mug/b6f30c63c946c286cf6897d8875cfd5e.obj,2000,0.472,0.3795952323911249,0.9683803718140588,True
Mug_b7841572364fd9ce1249ffc39a0c3c0b_0.0003944227048461527.h5,D:\3d-grasp-pose-estimation\dataset\grasps\Mug_b7841572364fd9ce1249ffc39a0c3c0b_0.0003944227048461527.h5,Mug,b7841572364fd9ce1249ffc39a0c3c0b,0.0383176502,0.0003944227,meshes/Mug/b7841572364fd9ce1249ffc39a0c3c0b.obj,2000,0.4715,0.3896209023988526,0.98794309073785,True
Mug_b7841572364fd9ce1249ffc39a0c3c0b_0.0005132314961492771.h5,D:\3d-grasp-pose-estimation\dataset\grasps\Mug_b7841572364fd9ce1249ffc39a0c3c0b_0.0005132314961492771.h5,Mug,b7841572364fd9ce1249ffc39a0c3c0b,0.084421497,0.0005132315,meshes/Mug/b7841572364fd9ce1249ffc39a0c3c0b.obj,2000,0.627,0.4642923582964676,0.95153598985817,True
Mug_b811555ccf5ef6c4948fa2daa427fe1f_0.00029015538875761323.h5,D:\3d-grasp-pose-estimation\dataset\grasps\Mug_b811555ccf5ef6c4948fa2daa427fe1f_0.00029015538875761323.h5,Mug,b811555ccf5ef6c4948fa2daa427fe1f,0.0112991986,0.0002901554,meshes/Mug/b811555ccf5ef6c4948fa2daa427fe1f.obj,2000,0.583,0.4602877925940685,0.9834736431125424,True
Mug_b811555ccf5ef6c4948fa2daa427fe1f_0.00037084959247255287.h5,D:\3d-grasp-pose-estimation\dataset\grasps\Mug_b811555ccf5ef6c4948fa2daa427fe1f_0.00037084959247255287.h5,Mug,b811555ccf5ef6c4948fa2daa427fe1f,0.0235911514,0.0003708496,meshes/Mug/b811555ccf5ef6c4948fa2daa427fe1f.obj,2000,0.554,0.4272764375971671,0.99089271784452,True
Mug_b88bcf33f25c6cb15b4f129f868dedb_0.018975946878272806.h5,D:\3d-grasp-pose-estimation\dataset\grasps\Mug_b88bcf33f25c6cb15b4f129f868dedb_0.018975946878272806.h5,Mug,b88bcf33f25c6cb15b4f129f868dedb,0.004797401,0.0189759469,meshes/Mug/b88bcf33f25c6cb15b4f129f868dedb.obj,2000,0.6025,0.4666996688822327,0.9744827764110524,False
Mug_b88bcf33f25c6cb15b4f129f868dedb_0.0251334948498337.h5,D:\3d-grasp-pose-estimation\dataset\grasps\Mug_b88bcf33f25c6cb15b4f129f868dedb_0.0251334948498337.h5,Mug,b88bcf33f25c6cb15b4f129f868dedb,0.0111469049,0.0251334948,meshes/Mug/b88bcf33f25c6cb15b4f129f868dedb.obj,2000,0.8605,0.6519896917085138,0.9782293589070516,False
Mug_ba10400c108e5c3f54e1b6f41fdd78a_0.01695507616001961.h5,D:\3d-grasp-pose-estimation\dataset\grasps\Mug_ba10400c108e5c3f54e1b6f41fdd78a_0.01695507616001961.h5,Mug,ba10400c108e5c3f54e1b6f41fdd78a,0.0119507185,0.0169550762,meshes/Mug/ba10400c108e5c3f54e1b6f41fdd78a.obj,2000,0.5505,0.4422545328626332,0.9897432781292568,False
Mug_ba10400c108e5c3f54e1b6f41fdd78a_0.022364389927363854.h5,D:\3d-grasp-pose-estimation\dataset\grasps\Mug_ba10400c108e5c3f54e1b6f41fdd78a_0.022364389927363854.h5,Mug,ba10400c108e5c3f54e1b6f41fdd78a,0.0274262196,0.0223643899,meshes/Mug/ba10400c108e5c3f54e1b6f41fdd78a.obj,2000,0.552,0.4275795761623389,0.9939529430042664,False
Mug_c51b79493419eccdc1584fff35347dc6_0.014195431896740591.h5,D:\3d-grasp-pose-estimation\dataset\grasps\Mug_c51b79493419eccdc1584fff35347dc6_0.014195431896740591.h5,Mug,c51b79493419eccdc1584fff35347dc6,0.0068763412,0.0141954319,meshes/Mug/c51b79493419eccdc1584fff35347dc6.obj,2000,0.252,0.1887000200335654,0.943403797255578,False
Mug_c51b79493419eccdc1584fff35347dc6_0.021424338912662176.h5,D:\3d-grasp-pose-estimation\dataset\grasps\Mug_c51b79493419eccdc1584fff35347dc6_0.021424338912662176.h5,Mug,c51b79493419eccdc1584fff35347dc6,0.02363926,0.0214243389,meshes/Mug/c51b79493419eccdc1584fff35347dc6.obj,2000,0.799,0.5725605778627796,0.9503630826022128,False
Mug_c7f8d39c406fee941050b055aafa6fb8_0.000968889255000649.h5,D:\3d-grasp-pose-estimation\dataset\grasps\Mug_c7f8d39c406fee941050b055aafa6fb8_0.000968889255000649.h5,Mug,c7f8d39c406fee941050b055aafa6fb8,0.0342366691,0.0009688893,meshes/Mug/c7f8d39c406fee941050b055aafa6fb8.obj,2000,0.482,0.4118113239197714,0.9937857505714256,True
Mug_c7f8d39c406fee941050b055aafa6fb8_0.0011552945362642403.h5,D:\3d-grasp-pose-estimation\dataset\grasps\Mug_c7f8d39c406fee941050b055aafa6fb8_0.0011552945362642403.h5,Mug,c7f8d39c406fee941050b055aafa6fb8,0.0580426516,0.0011552945,meshes/Mug/c7f8d39c406fee941050b055aafa6fb8.obj,2000,0.3485,0.237429081271021,0.9865905921947808,True
Mug_cf777e14ca2c7a19b4aad3cc5ce7ee8_0.0014629281758254072.h5,D:\3d-grasp-pose-estimation\dataset\grasps\Mug_cf777e14ca2c7a19b4aad3cc5ce7ee8_0.0014629281758254072.h5,Mug,cf777e14ca2c7a19b4aad3cc5ce7ee8,0.0097871704,0.0014629282,meshes/Mug/cf777e14ca2c7a19b4aad3cc5ce7ee8.obj,2000,0.511,0.4036548143380469,0.9794202606888904,True
Mug_cf777e14ca2c7a19b4aad3cc5ce7ee8_0.002438413955982699.h5,D:\3d-grasp-pose-estimation\dataset\grasps\Mug_cf777e14ca2c7a19b4aad3cc5ce7ee8_0.002438413955982699.h5,Mug,cf777e14ca2c7a19b4aad3cc5ce7ee8,0.0453221437,0.002438414,meshes/Mug/cf777e14ca2c7a19b4aad3cc5ce7ee8.obj,2000,0.7795,0.5759956773031486,0.9554096728960616,True
Mug_d0a3fdd33c7e1eb040bc4e38b9ba163e_0.000838958303236852.h5,D:\3d-grasp-pose-estimation\dataset\grasps\Mug_d0a3fdd33c7e1eb040bc4e38b9ba163e_0.000838958303236852.h5,Mug,d0a3fdd33c7e1eb040bc4e38b9ba163e,0.013925983,0.0008389583,meshes/Mug/d0a3fdd33c7e1eb040bc4e38b9ba163e.obj,2000,0.4635,0.3643844028204556,0.9856539044647404,True
Mug_d0a3fdd33c7e1eb040bc4e38b9ba163e_0.001060874996190496.h5,D:\3d-grasp-pose-estimation\dataset\grasps\Mug_d0a3fdd33c7e1eb040bc4e38b9ba163e_0.001060874996190496.h5,Mug,d0a3fdd33c7e1eb040bc4e38b9ba163e,0.0281577126,0.001060875,meshes/Mug/d0a3fdd33c7e1eb040bc4e38b9ba163e.obj,2000,0.7055,0.5174724724520617,0.990842959712237,True
Mug_d309d5f8038df4121198791a5b8655c_0.0006966963658794552.h5,D:\3d-grasp-pose-estimation\dataset\grasps\Mug_d309d5f8038df4121198791a5b8655c_0.0006966963658794552.h5,Mug,d309d5f8038df4121198791a5b8655c,0.0041646733,0.0006966964,meshes/Mug/d309d5f8038df4121198791a5b8655c.obj,2000,0.4185,0.3062346884003881,0.9240338707295498,True
Mug_d309d5f8038df4121198791a5b8655c_0.001105333003557475.h5,D:\3d-grasp-pose-estimation\dataset\grasps\Mug_d309d5f8038df4121198791a5b8655c_0.001105333003557475.h5,Mug,d309d5f8038df4121198791a5b8655c,0.0166314346,0.001105333,meshes/Mug/d309d5f8038df4121198791a5b8655c.obj,2000,0.388,0.3042703070717011,0.97385436185731,True
Mug_d75af64aa166c24eacbe2257d0988c9c_0.0010000590907862997.h5,D:\3d-grasp-pose-estimation\dataset\grasps\Mug_d75af64aa166c24eacbe2257d0988c9c_0.0010000590907862997.h5,Mug,d75af64aa166c24eacbe2257d0988c9c,0.0307580533,0.0010000591,meshes/Mug/d75af64aa166c24eacbe2257d0988c9c.obj,2000,0.734,0.5322009279698885,0.951144826483712,True
Mug_d75af64aa166c24eacbe2257d0988c9c_0.001047015918964548.h5,D:\3d-grasp-pose-estimation\dataset\grasps\Mug_d75af64aa166c24eacbe2257d0988c9c_0.001047015918964548.h5,Mug,d75af64aa166c24eacbe2257d0988c9c,0.0352973184,0.0010470159,meshes/Mug/d75af64aa166c24eacbe2257d0988c9c.obj,2000,0.7855,0.5650038883434675,0.9556102083813124,True
Mug_d7ba704184d424dfd56d9106430c3fe_0.0017459419744014202.h5,D:\3d-grasp-pose-estimation\dataset\grasps\Mug_d7ba704184d424dfd56d9106430c3fe_0.0017459419744014202.h5,Mug,d7ba704184d424dfd56d9106430c3fe,0.0180065605,0.001745942,meshes/Mug/d7ba704184d424dfd56d9106430c3fe.obj,2000,0.187,0.1415519474918203,0.9780921563738962,True
Mug_d7ba704184d424dfd56d9106430c3fe_0.002092529386306073.h5,D:\3d-grasp-pose-estimation\dataset\grasps\Mug_d7ba704184d424dfd56d9106430c3fe_0.002092529386306073.h5,Mug,d7ba704184d424dfd56d9106430c3fe,0.0309995967,0.0020925294,meshes/Mug/d7ba704184d424dfd56d9106430c3fe.obj,2000,0.5885,0.4238463224053154,0.980441403536685,True
Mug_ddb298766897e864ac135f3d5ba90fd1_0.00042717910512392505.h5,D:\3d-grasp-pose-estimation\dataset\grasps\Mug_ddb298766897e864ac135f3d5ba90fd1_0.00042717910512392505.h5,Mug,ddb298766897e864ac135f3d5ba90fd1,0.0388033174,0.0004271791,meshes/Mug/ddb298766897e864ac135f3d5ba90fd1.obj,2000,0.4675,0.3824651089101803,0.9894835804966928,True
Mug_ddb298766897e864ac135f3d5ba90fd1_0.0005035922110339647.h5,D:\3d-grasp-pose-estimation\dataset\grasps\Mug_ddb298766897e864ac135f3d5ba90fd1_0.0005035922110339647.h5,Mug,ddb298766897e864ac135f3d5ba90fd1,0.0635734623,0.0005035922,meshes/Mug/ddb298766897e864ac135f3d5ba90fd1.obj,2000,0.74,0.5333178879005804,0.9515168774974024,True
Mug_df026976dc03197213ac44947b92716e_0.0010605096520320866.h5,D:\3d-grasp-pose-estimation\dataset\grasps\Mug_df026976dc03197213ac44947b92716e_0.0010605096520320866.h5,Mug,df026976dc03197213ac44947b92716e,0.0153720153,0.0010605097,meshes/Mug/df026976dc03197213ac44947b92716e.obj,2000,0.6695,0.4921921181286645,0.9883330591392216,True
Mug_df026976dc03197213ac44947b92716e_0.0012044667340898698.h5,D:\3d-grasp-pose-estimation\dataset\grasps\Mug_df026976dc03197213ac44947b92716e_0.0012044667340898698.h5,Mug,df026976dc03197213ac44947b92716e,0.0225201543,0.0012044667,meshes/Mug/df026976dc03197213ac44947b92716e.obj,2000,0.882,0.6492731541528339,0.9891757421452996,True
Mug_e79d807e1093c6174e716404e6ec3a5f_0.027416889448829376.h5,D:\3d-grasp-pose-estimation\dataset\grasps\Mug_e79d807e1093c6174e716404e6ec3a5f_0.027416889448829376.h5,Mug,e79d807e1093c6174e716404e6ec3a5f,0.0235492647,0.0274168894,meshes/Mug/e79d807e1093c6174e716404e6ec3a5f.obj,2000,0.7885,0.5943172189111762,0.9912880553943948,False
Mug_e79d807e1093c6174e716404e6ec3a5f_0.02884033126018974.h5,D:\3d-grasp-pose-estimation\dataset\grasps\Mug_e79d807e1093c6174e716404e6ec3a5f_0.02884033126018974.h5,Mug,e79d807e1093c6174e716404e6ec3a5f,0.0274109155,0.0288403313,meshes/Mug/e79d807e1093c6174e716404e6ec3a5f.obj,2000,0.7975,0.5984138035009403,0.961978884679647,False
Mug_e984fd7e97c2be347eaeab1f0c9120b7_2.912825013039118e-07.h5,D:\3d-grasp-pose-estimation\dataset\grasps\Mug_e984fd7e97c2be347eaeab1f0c9120b7_2.912825013039118e-07.h5,Mug,e984fd7e97c2be347eaeab1f0c9120b7,0.0152412322,2.913e-07,meshes/Mug/e984fd7e97c2be347eaeab1f0c9120b7.obj,2000,0.286,0.2124829299469273,0.9502362198313904,True
Mug_e984fd7e97c2be347eaeab1f0c9120b7_2.9440685675774274e-07.h5,D:\3d-grasp-pose-estimation\dataset\grasps\Mug_e984fd7e97c2be347eaeab1f0c9120b7_2.9440685675774274e-07.h5,Mug,e984fd7e97c2be347eaeab1f0c9120b7,0.0157369532,2.944e-07,meshes/Mug/e984fd7e97c2be347eaeab1f0c9120b7.obj,2000,0.279,0.2107591753043382,0.9708029510599576,True
Mug_e9bd4ee553eb35c1d5ccc40b510e4bd_0.0034589339330725315.h5,D:\3d-grasp-pose-estimation\dataset\grasps\Mug_e9bd4ee553eb35c1d5ccc40b510e4bd_0.0034589339330725315.h5,Mug,e9bd4ee553eb35c1d5ccc40b510e4bd,0.0094904509,0.0034589339,meshes/Mug/e9bd4ee553eb35c1d5ccc40b510e4bd.obj,2000,0.648,0.5147859289703047,0.976329932716108,True
Mug_e9bd4ee553eb35c1d5ccc40b510e4bd_0.005609339615190528.h5,D:\3d-grasp-pose-estimation\dataset\grasps\Mug_e9bd4ee553eb35c1d5ccc40b510e4bd_0.005609339615190528.h5,Mug,e9bd4ee553eb35c1d5ccc40b510e4bd,0.0404757822,0.0056093396,meshes/Mug/e9bd4ee553eb35c1d5ccc40b510e4bd.obj,2000,0.9005,0.6700596435101137,0.9792648936957904,True
Mug_ea33ad442b032208d778b73d04298f62_0.016870897276377337.h5,D:\3d-grasp-pose-estimation\dataset\grasps\Mug_ea33ad442b032208d778b73d04298f62_0.016870897276377337.h5,Mug,ea33ad442b032208d778b73d04298f62,0.0300814738,0.0168708973,meshes/Mug/ea33ad442b032208d778b73d04298f62.obj,2000,0.5285,0.4194716533776061,0.9924995523809184,False
Mug_ea33ad442b032208d778b73d04298f62_0.018848242506975393.h5,D:\3d-grasp-pose-estimation\dataset\grasps\Mug_ea33ad442b032208d778b73d04298f62_0.018848242506975393.h5,Mug,ea33ad442b032208d778b73d04298f62,0.0419466372,0.0188482425,meshes/Mug/ea33ad442b032208d778b73d04298f62.obj,2000,0.624,0.4867641752828455,0.9956408812116262,False
Mug_f1c5b9bb744afd96d6e1954365b10b52_0.022876206873769147.h5,D:\3d-grasp-pose-estimation\dataset\grasps\Mug_f1c5b9bb744afd96d6e1954365b10b52_0.022876206873769147.h5,Mug,f1c5b9bb744afd96d6e1954365b10b52,0.0167108871,0.0228762069,meshes/Mug/f1c5b9bb744afd96d6e1954365b10b52.obj,2000,0.477,0.3898519701726741,0.981495727070692,False
Mug_f1c5b9bb744afd96d6e1954365b10b52_0.030413222119619127.h5,D:\3d-grasp-pose-estimation\dataset\grasps\Mug_f1c5b9bb744afd96d6e1954365b10b52_0.030413222119619127.h5,Mug,f1c5b9bb744afd96d6e1954365b10b52,0.0392676364,0.0304132221,meshes/Mug/f1c5b9bb744afd96d6e1954365b10b52.obj,2000,0.708,0.5341517045564703,0.9624641890748984,False
Pencil_1199a072702783fca326b007412ad4b1_0.021581444651684656.h5,D:\3d-grasp-pose-estimation\dataset\grasps\Pencil_1199a072702783fca326b007412ad4b1_0.021581444651684656.h5,Pencil,1199a072702783fca326b007412ad4b1,0.0016238039,0.0215814447,meshes/Pencil/1199a072702783fca326b007412ad4b1.obj,2000,0.9315,0.663612284408742,0.9579732898342668,False
Pencil_163034d9b96201beba48c111b1850fd_0.05355150177825684.h5,D:\3d-grasp-pose-estimation\dataset\grasps\Pencil_163034d9b96201beba48c111b1850fd_0.05355150177825684.h5,Pencil,163034d9b96201beba48c111b1850fd,0.0183580961,0.0535515018,meshes/Pencil/163034d9b96201beba48c111b1850fd.obj,2000,0.9135,0.6610165074759565,0.9680020376816668,False
Pencil_16bfbe99ccb1ed2cf54e1b6f41fdd78a_0.03877221877701179.h5,D:\3d-grasp-pose-estimation\dataset\grasps\Pencil_16bfbe99ccb1ed2cf54e1b6f41fdd78a_0.03877221877701179.h5,Pencil,16bfbe99ccb1ed2cf54e1b6f41fdd78a,0.0097743584,0.0387722188,meshes/Pencil/16bfbe99ccb1ed2cf54e1b6f41fdd78a.obj,2000,0.941,0.7148900513989249,0.9489611524845036,False
Pencil_1bf3d5cc59b63cd6e979876000467c9c_0.006412530250653664.h5,D:\3d-grasp-pose-estimation\dataset\grasps\Pencil_1bf3d5cc59b63cd6e979876000467c9c_0.006412530250653664.h5,Pencil,1bf3d5cc59b63cd6e979876000467c9c,0.0375253691,0.0064125303,meshes/Pencil/1bf3d5cc59b63cd6e979876000467c9c.obj,2000,0.918,0.7245755566593264,0.979729449187639,True
Pencil_219ce66612fd8d5499595b5eac8bb350_0.0428625810026541.h5,D:\3d-grasp-pose-estimation\dataset\grasps\Pencil_219ce66612fd8d5499595b5eac8bb350_0.0428625810026541.h5,Pencil,219ce66612fd8d5499595b5eac8bb350,0.0051585561,0.042862581,meshes/Pencil/219ce66612fd8d5499595b5eac8bb350.obj,2000,0.969,0.528237348680198,0.9374790483842308,False
Pencil_21b24d7acc390a3972a5c49c981e6593_0.02360369939689528.h5,D:\3d-grasp-pose-estimation\dataset\grasps\Pencil_21b24d7acc390a3972a5c49c981e6593_0.02360369939689528.h5,Pencil,21b24d7acc390a3972a5c49c981e6593,0.0006671044,0.0236036994,meshes/Pencil/21b24d7acc390a3972a5c49c981e6593.obj,2000,0.962,0.6399945533292312,0.8917432095780408,False
Pencil_227ed5be9d4981e57c2d6ee0f8315ede_0.0012443965528790098.h5,D:\3d-grasp-pose-estimation\dataset\grasps\Pencil_227ed5be9d4981e57c2d6ee0f8315ede_0.0012443965528790098.h5,Pencil,227ed5be9d4981e57c2d6ee0f8315ede,0.0167618705,0.0012443966,meshes/Pencil/227ed5be9d4981e57c2d6ee0f8315ede.obj,2000,0.849,0.6456930247401956,0.9772569790564604,True
Pencil_23e2046a065ce27522877e5441bbb8bd_0.036884146747986554.h5,D:\3d-grasp-pose-estimation\dataset\grasps\Pencil_23e2046a065ce27522877e5441bbb8bd_0.036884146747986554.h5,Pencil,23e2046a065ce27522877e5441bbb8bd,0.0019679385,0.0368841467,meshes/Pencil/23e2046a065ce27522877e5441bbb8bd.obj,2000,0.8925,0.6243668647633785,0.9504667073905464,False
Pencil_2a49f4f2ad923b77a1c637e821f12a67_0.006127023513075759.h5,D:\3d-grasp-pose-estimation\dataset\grasps\Pencil_2a49f4f2ad923b77a1c637e821f12a67_0.006127023513075759.h5,Pencil,2a49f4f2ad923b77a1c637e821f12a67,0.0005917739,0.0061270235,meshes/Pencil/2a49f4f2ad923b77a1c637e821f12a67.obj,2000,0.975,0.6567521471128441,0.9485014525854392,True
Pencil_2a49f4f2ad923b77a1c637e821f12a67_0.00795449870840806.h5,D:\3d-grasp-pose-estimation\dataset\grasps\Pencil_2a49f4f2ad923b77a1c637e821f12a67_0.00795449870840806.h5,Pencil,2a49f4f2ad923b77a1c637e821f12a67,0.0012949279,0.0079544987,meshes/Pencil/2a49f4f2ad923b77a1c637e821f12a67.obj,2000,0.9715,0.6535086882810327,0.9341035199250162,True
Pencil_2b5dd21c9645c4c45ad909ab756c9f8b_0.00045615803396576615.h5,D:\3d-grasp-pose-estimation\dataset\grasps\Pencil_2b5dd21c9645c4c45ad909ab756c9f8b_0.00045615803396576615.h5,Pencil,2b5dd21c9645c4c45ad909ab756c9f8b,0.0047313369,0.000456158,meshes/Pencil/2b5dd21c9645c4c45ad909ab756c9f8b.obj,2000,0.91,0.6651341980325266,0.9530370315877836,True
Pencil_2b5dd21c9645c4c45ad909ab756c9f8b_0.0006731877093626585.h5,D:\3d-grasp-pose-estimation\dataset\grasps\Pencil_2b5dd21c9645c4c45ad909ab756c9f8b_0.0006731877093626585.h5,Pencil,2b5dd21c9645c4c45ad909ab756c9f8b,0.0152071008,0.0006731877,meshes/Pencil/2b5dd21c9645c4c45ad909ab756c9f8b.obj,2000,0.926,0.7078099880162365,0.9643863111292678,True
Pencil_3537584773badbfde015d304bda1df1d_0.0006127053465484708.h5,D:\3d-grasp-pose-estimation\dataset\grasps\Pencil_3537584773badbfde015d304bda1df1d_0.0006127053465484708.h5,Pencil,3537584773badbfde015d304bda1df1d,0.0098533165,0.0006127053,meshes/Pencil/3537584773badbfde015d304bda1df1d.obj,2000,0.932,0.6656172271375683,0.959059248596324,True
Pencil_370867e6cf6f4ef8b5f19880cadbe491_0.0053479531116545406.h5,D:\3d-grasp-pose-estimation\dataset\grasps\Pencil_370867e6cf6f4ef8b5f19880cadbe491_0.0053479531116545406.h5,Pencil,370867e6cf6f4ef8b5f19880cadbe491,0.0697463082,0.0053479531,meshes/Pencil/370867e6cf6f4ef8b5f19880cadbe491.obj,2000,0.762,0.6190679916742959,0.9769768971187844,True
Pencil_3a647e754130d4266d400c53630ac401_0.010816029670998343.h5,D:\3d-grasp-pose-estimation\dataset\grasps\Pencil_3a647e754130d4266d400c53630ac401_0.010816029670998343.h5,Pencil,3a647e754130d4266d400c53630ac401,0.0002888938,0.0108160297,meshes/Pencil/3a647e754130d4266d400c53630ac401.obj,2000,0.967,0.6204748764649453,0.9251034246553196,False
Pencil_3f49e3df38acc6b0d3974d4fce0adc53_0.0002738290848140535.h5,D:\3d-grasp-pose-estimation\dataset\grasps\Pencil_3f49e3df38acc6b0d3974d4fce0adc53_0.0002738290848140535.h5,Pencil,3f49e3df38acc6b0d3974d4fce0adc53,0.0218207068,0.0002738291,meshes/Pencil/3f49e3df38acc6b0d3974d4fce0adc53.obj,2000,0.8815,0.6657643293058128,0.975501114188466,True
Pencil_4a06b2376ec1d05b3fd75834ebd059c4_0.00011699154502117765.h5,D:\3d-grasp-pose-estimation\dataset\grasps\Pencil_4a06b2376ec1d05b3fd75834ebd059c4_0.00011699154502117765.h5,Pencil,4a06b2376ec1d05b3fd75834ebd059c4,0.0245251986,0.0001169915,meshes/Pencil/4a06b2376ec1d05b3fd75834ebd059c4.obj,2000,0.8895,0.6849701589183221,0.9800995789302236,True
Pencil_4bd3c433c5888d04c39ad9186be3fec9_0.05117015606846677.h5,D:\3d-grasp-pose-estimation\dataset\grasps\Pencil_4bd3c433c5888d04c39ad9186be3fec9_0.05117015606846677.h5,Pencil,4bd3c433c5888d04c39ad9186be3fec9,0.0275669684,0.0511701561,meshes/Pencil/4bd3c433c5888d04c39ad9186be3fec9.obj,2000,0.87,0.5158694013717113,0.9646446662484,False
Pencil_5351e7432492a2d9c5a0ee4d02b25563_0.0005251800187591037.h5,D:\3d-grasp-pose-estimation\dataset\grasps\Pencil_5351e7432492a2d9c5a0ee4d02b25563_0.0005251800187591037.h5,Pencil,5351e7432492a2d9c5a0ee4d02b25563,0.0156871438,0.00052518,meshes/Pencil/5351e7432492a2d9c5a0ee4d02b25563.obj,2000,0.8805,0.6417497039554927,0.9833330168766536,True
Pencil_5351e7432492a2d9c5a0ee4d02b25563_0.0006354444320159873.h5,D:\3d-grasp-pose-estimation\dataset\grasps\Pencil_5351e7432492a2d9c5a0ee4d02b25563_0.0006354444320159873.h5,Pencil,5351e7432492a2d9c5a0ee4d02b25563,0.0277876634,0.0006354444,meshes/Pencil/5351e7432492a2d9c5a0ee4d02b25563.obj,2000,0.841,0.6202504510638761,0.9647487340128728,True
Pencil_541832c4bc43fa818ab1eb18c5f53fa_0.0001998977456332334.h5,D:\3d-grasp-pose-estimation\dataset\grasps\Pencil_541832c4bc43fa818ab1eb18c5f53fa_0.0001998977456332334.h5,Pencil,541832c4bc43fa818ab1eb18c5f53fa,0.0042104338,0.0001998977,meshes/Pencil/541832c4bc43fa818ab1eb18c5f53fa.obj,2000,0.96,0.6642239096280277,0.9560635535965974,True
Pencil_5580924f960463d5aa26b0b13ca3661_0.06111745772742018.h5,D:\3d-grasp-pose-estimation\dataset\grasps\Pencil_5580924f960463d5aa26b0b13ca3661_0.06111745772742018.h5,Pencil,5580924f960463d5aa26b0b13ca3661,0.018656318,0.0611174577,meshes/Pencil/5580924f960463d5aa26b0b13ca3661.obj,2000,0.949,0.7155237903073997,0.9736833940050494,False
Pencil_5715a65412125ba75088a2f36f524b7d_0.009995923616527336.h5,D:\3d-grasp-pose-estimation\dataset\grasps\Pencil_5715a65412125ba75088a2f36f524b7d_0.009995923616527336.h5,Pencil,5715a65412125ba75088a2f36f524b7d,0.0003181628,0.0099959236,meshes/Pencil/5715a65412125ba75088a2f36f524b7d.obj,2000,0.9525,0.5962947531269485,0.9073177712704986,True
Pencil_5db4780fb3202c845cf9a6bcc38ca7cc_0.17434155659735023.h5,D:\3d-grasp-pose-estimation\dataset\grasps\Pencil_5db4780fb3202c845cf9a6bcc38ca7cc_0.17434155659735023.h5,Pencil,5db4780fb3202c845cf9a6bcc38ca7cc,0.0780483321,0.1743415566,meshes/Pencil/5db4780fb3202c845cf9a6bcc38ca7cc.obj,2000,0.6335,0.2892594212386811,0.8883306352833947,False
Pencil_641f2e1d13875de4405738a4d4d0fc7f_0.012894510368415393.h5,D:\3d-grasp-pose-estimation\dataset\grasps\Pencil_641f2e1d13875de4405738a4d4d0fc7f_0.012894510368415393.h5,Pencil,641f2e1d13875de4405738a4d4d0fc7f,0.0003389369,0.0128945104,meshes/Pencil/641f2e1d13875de4405738a4d4d0fc7f.obj,2000,0.819,0.4681144107451787,0.9220205829930176,False
Pencil_64931cef8097da781b42cc426459cc26_0.001216591637430383.h5,D:\3d-grasp-pose-estimation\dataset\grasps\Pencil_64931cef8097da781b42cc426459cc26_0.001216591637430383.h5,Pencil,64931cef8097da781b42cc426459cc26,0.0280153669,0.0012165916,meshes/Pencil/64931cef8097da781b42cc426459cc26.obj,2000,0.857,0.6172992549425683,0.9698926090538548,True
Pencil_6571b20bc739a9f9405738a4d4d0fc7f_0.02209697276492215.h5,D:\3d-grasp-pose-estimation\dataset\grasps\Pencil_6571b20bc739a9f9405738a4d4d0fc7f_0.02209697276492215.h5,Pencil,6571b20bc739a9f9405738a4d4d0fc7f,0.0036639332,0.0220969728,meshes/Pencil/6571b20bc739a9f9405738a4d4d0fc7f.obj,2000,0.925,0.6760485615368322,0.9639606362231488,False
Pencil_657f4ceae6dfd569e4a0343342fcaf0_0.01790332176424724.h5,D:\3d-grasp-pose-estimation\dataset\grasps\Pencil_657f4ceae6dfd569e4a0343342fcaf0_0.01790332176424724.h5,Pencil,657f4ceae6dfd569e4a0343342fcaf0,0.0018501755,0.0179033218,meshes/Pencil/657f4ceae6dfd569e4a0343342fcaf0.obj,2000,0.929,0.6667808666924614,0.955717001205747,False
Pencil_6639c01d743afc72c91b64488bbe5573_0.0001920320847812657.h5,D:\3d-grasp-pose-estimation\dataset\grasps\Pencil_6639c01d743afc72c91b64488bbe5573_0.0001920320847812657.h5,Pencil,6639c01d743afc72c91b64488bbe5573,0.0009700872,0.0001920321,meshes/Pencil/6639c01d743afc72c91b64488bbe5573.obj,2000,0.961,0.6134043823731616,0.879161911763902,True
Pencil_66a47e61a76c12d878fb37c7a4fa99b8_0.04996887688292661.h5,D:\3d-grasp-pose-estimation\dataset\grasps\Pencil_66a47e61a76c12d878fb37c7a4fa99b8_0.04996887688292661.h5,Pencil,66a47e61a76c12d878fb37c7a4fa99b8,0.004472114,0.0499688769,meshes/Pencil/66a47e61a76c12d878fb37c7a4fa99b8.obj,2000,0.9565,0.6841518345604497,0.9503503935391115,False
Pencil_66f8756bf4ab28d1782557e7a01bec2e_0.000328236714351292.h5,D:\3d-grasp-pose-estimation\dataset\grasps\Pencil_66f8756bf4ab28d1782557e7a01bec2e_0.000328236714351292.h5,Pencil,66f8756bf4ab28d1782557e7a01bec2e,0.0208748932,0.0003282367,meshes/Pencil/66f8756bf4ab28d1782557e7a01bec2e.obj,2000,0.911,0.7017984777769513,0.9794286082494384,True
Pencil_6712613a93a9cf0d398968fd209b2972_0.023590915069711296.h5,D:\3d-grasp-pose-estimation\dataset\grasps\Pencil_6712613a93a9cf0d398968fd209b2972_0.023590915069711296.h5,Pencil,6712613a93a9cf0d398968fd209b2972,0.001437756,0.0235909151,meshes/Pencil/6712613a93a9cf0d398968fd209b2972.obj,2000,0.931,0.6616319683637831,0.9274956580818656,False
Pencil_67ed8e9cca1e1e89c890e9e5b63a07d7_0.0016147747330267825.h5,D:\3d-grasp-pose-estimation\dataset\grasps\Pencil_67ed8e9cca1e1e89c890e9e5b63a07d7_0.0016147747330267825.h5,Pencil,67ed8e9cca1e1e89c890e9e5b63a07d7,0.022407851,0.0016147747,meshes/Pencil/67ed8e9cca1e1e89c890e9e5b63a07d7.obj,2000,0.8705,0.670921077775289,0.9749874551500696,True
Pencil_6db9d631ff966a5b6e839cadad6117f7_0.0012403501584857715.h5,D:\3d-grasp-pose-estimation\dataset\grasps\Pencil_6db9d631ff966a5b6e839cadad6117f7_0.0012403501584857715.h5,Pencil,6db9d631ff966a5b6e839cadad6117f7,0.0010544408,0.0012403502,meshes/Pencil/6db9d631ff966a5b6e839cadad6117f7.obj,2000,0.907,0.564933601815447,0.9319468320366336,True
Pencil_6de63a5f1874884324f58288a11555cb_0.00441455372755705.h5,D:\3d-grasp-pose-estimation\dataset\grasps\Pencil_6de63a5f1874884324f58288a11555cb_0.00441455372755705.h5,Pencil,6de63a5f1874884324f58288a11555cb,0.0088682623,0.0044145537,meshes/Pencil/6de63a5f1874884324f58288a11555cb.obj,2000,0.8865,0.6566363437712726,0.960146526906522,True
Pencil_6de63a5f1874884324f58288a11555cb_0.005073099170413003.h5,D:\3d-grasp-pose-estimation\dataset\grasps\Pencil_6de63a5f1874884324f58288a11555cb_0.005073099170413003.h5,Pencil,6de63a5f1874884324f58288a11555cb,0.0134585467,0.0050730992,meshes/Pencil/6de63a5f1874884324f58288a11555cb.obj,2000,0.878,0.6566082371519865,0.9587982272666248,True
Pencil_6fa71ae77dd291c15b17c2a5cd4d64a1_0.04081263851034163.h5,D:\3d-grasp-pose-estimation\dataset\grasps\Pencil_6fa71ae77dd291c15b17c2a5cd4d64a1_0.04081263851034163.h5,Pencil,6fa71ae77dd291c15b17c2a5cd4d64a1,0.0099273753,0.0408126385,meshes/Pencil/6fa71ae77dd291c15b17c2a5cd4d64a1.obj,2000,0.9235,0.650670312064173,0.9710201140929908,False
Pencil_7635c709c0c0f17a93680c5a9a367b4a_0.0003656110059900378.h5,D:\3d-grasp-pose-estimation\dataset\grasps\Pencil_7635c709c0c0f17a93680c5a9a367b4a_0.0003656110059900378.h5,Pencil,7635c709c0c0f17a93680c5a9a367b4a,0.0020911218,0.000365611,meshes/Pencil/7635c709c0c0f17a93680c5a9a367b4a.obj,2000,0.939,0.6516340883779285,0.9319589299579752,True
Pencil_782d9897f5add67ff62a9172c29ee54f_0.006850095388173446.h5,D:\3d-grasp-pose-estimation\dataset\grasps\Pencil_782d9897f5add67ff62a9172c29ee54f_0.006850095388173446.h5,Pencil,782d9897f5add67ff62a9172c29ee54f,0.002141589,0.0068500954,meshes/Pencil/782d9897f5add67ff62a9172c29ee54f.obj,2000,0.967,0.63061179194732,0.9359392176195304,True
Pencil_7ad3f75b58b4c170f5304dc8cfbb76e1_0.04486008189041844.h5,D:\3d-grasp-pose-estimation\dataset\grasps\Pencil_7ad3f75b58b4c170f5304dc8cfbb76e1_0.04486008189041844.h5,Pencil,7ad3f75b58b4c170f5304dc8cfbb76e1,0.0108860285,0.0448600819,meshes/Pencil/7ad3f75b58b4c170f5304dc8cfbb76e1.obj,2000,0.942,0.6736339542665019,0.9641244583077254,False
Pencil_7eaca9a2ff3a8bda79c6dd4823b456a9_0.0551146516725661.h5,D:\3d-grasp-pose-estimation\dataset\grasps\Pencil_7eaca9a2ff3a8bda79c6dd4823b456a9_0.0551146516725661.h5,Pencil,7eaca9a2ff3a8bda79c6dd4823b456a9,0.0100577036,0.0551146517,meshes/Pencil/7eaca9a2ff3a8bda79c6dd4823b456a9.obj,2000,0.716,0.5434675035098487,0.9602818118883248,False
Pencil_8074afcf6a37f4147e9151ed018cea4_0.00031901584547769065.h5,D:\3d-grasp-pose-estimation\dataset\grasps\Pencil_8074afcf6a37f4147e9151ed018cea4_0.00031901584547769065.h5,Pencil,8074afcf6a37f4147e9151ed018cea4,0.0094552515,0.0003190158,meshes/Pencil/8074afcf6a37f4147e9151ed018cea4.obj,2000,0.92,0.6844440990740543,0.9673618012578764,True
Pencil_8367ffab27bf74475fc48afee309ebd5_0.0021242250390222893.h5,D:\3d-grasp-pose-estimation\dataset\grasps\Pencil_8367ffab27bf74475fc48afee309ebd5_0.0021242250390222893.h5,Pencil,8367ffab27bf74475fc48afee309ebd5,0.0104723095,0.002124225,meshes/Pencil/8367ffab27bf74475fc48afee309ebd5.obj,2000,0.922,0.6929772294821712,0.9541751296526432,True
Pencil_839923a17af633dfb29a5ca18b250f3b_0.00018655146298593447.h5,D:\3d-grasp-pose-estimation\dataset\grasps\Pencil_839923a17af633dfb29a5ca18b250f3b_0.00018655146298593447.h5,Pencil,839923a17af633dfb29a5ca18b250f3b,0.0080373532,0.0001865515,meshes/Pencil/839923a17af633dfb29a5ca18b250f3b.obj,2000,0.8625,0.6653940387686594,0.9659802231989948,True
Pencil_83cb9de7071ef25a6ef3e946e96cc65c_0.0010167557631099594.h5,D:\3d-grasp-pose-estimation\dataset\grasps\Pencil_83cb9de7071ef25a6ef3e946e96cc65c_0.0010167557631099594.h5,Pencil,83cb9de7071ef25a6ef3e946e96cc65c,0.0067879735,0.0010167558,meshes/Pencil/83cb9de7071ef25a6ef3e946e96cc65c.obj,2000,0.876,0.6151356420643403,0.9545877877195535,True
Pencil_87593298595dfd9824c5e2f912285e29_0.0005783503319179821.h5,D:\3d-grasp-pose-estimation\dataset\grasps\Pencil_87593298595dfd9824c5e2f912285e29_0.0005783503319179821.h5,Pencil,87593298595dfd9824c5e2f912285e29,0.005690189,0.0005783503,meshes/Pencil/87593298595dfd9824c5e2f912285e29.obj,2000,0.97,0.6818520143716291,0.9543730285467128,True
Pencil_8bf01717c0d166fd271f8bae2df0a074_0.04456657676796872.h5,D:\3d-grasp-pose-estimation\dataset\grasps\Pencil_8bf01717c0d166fd271f8bae2df0a074_0.04456657676796872.h5,Pencil,8bf01717c0d166fd271f8bae2df0a074,0.0342602491,0.0445665768,meshes/Pencil/8bf01717c0d166fd271f8bae2df0a074.obj,2000,0.844,0.5794989555736134,0.9471665053672094,False
Pencil_8c84c47315c6f4422e46c5f5500a7c31_0.0003674395041786282.h5,D:\3d-grasp-pose-estimation\dataset\grasps\Pencil_8c84c47315c6f4422e46c5f5500a7c31_0.0003674395041786282.h5,Pencil,8c84c47315c6f4422e46c5f5500a7c31,0.0656176994,0.0003674395,meshes/Pencil/8c84c47315c6f4422e46c5f5500a7c31.obj,2000,0.677,0.5616491049586818,0.9860278591737718,True
Pencil_8d0354dfa8c3ee8e62bbb378da4fdb53_0.088915705420778.h5,D:\3d-grasp-pose-estimation\dataset\grasps\Pencil_8d0354dfa8c3ee8e62bbb378da4fdb53_0.088915705420778.h5,Pencil,8d0354dfa8c3ee8e62bbb378da4fdb53,0.0155809211,0.0889157054,meshes/Pencil/8d0354dfa8c3ee8e62bbb378da4fdb53.obj,2000,0.934,0.7313716316769348,0.984026552572577,False
Pencil_8d38d165a79729b063915d3d0e86b8e1_0.0162370511042486.h5,D:\3d-grasp-pose-estimation\dataset\grasps\Pencil_8d38d165a79729b063915d3d0e86b8e1_0.0162370511042486.h5,Pencil,8d38d165a79729b063915d3d0e86b8e1,0.0001379248,0.0162370511,meshes/Pencil/8d38d165a79729b063915d3d0e86b8e1.obj,2000,0.2535,0.0929286294726036,0.8436599813071084,False
Pencil_8e41e635833699d72eb0505088d40b01_0.00033680500896876814.h5,D:\3d-grasp-pose-estimation\dataset\grasps\Pencil_8e41e635833699d72eb0505088d40b01_0.00033680500896876814.h5,Pencil,8e41e635833699d72eb0505088d40b01,0.0197282859,0.000336805,meshes/Pencil/8e41e635833699d72eb0505088d40b01.obj,2000,0.793,0.6216863833453434,0.9638491442376508,True
Pencil_8fe50e032e11a11ec55ebd33a2e21af7_0.004999818277097719.h5,D:\3d-grasp-pose-estimation\dataset\grasps\Pencil_8fe50e032e11a11ec55ebd33a2e21af7_0.004999818277097719.h5,Pencil,8fe50e032e11a11ec55ebd33a2e21af7,0.0895603836,0.0049998183,meshes/Pencil/8fe50e032e11a11ec55ebd33a2e21af7.obj,2000,0.6705,0.5149105874453728,0.981066122479954,True
Pencil_90fe992837b6236bc7646f006e91923f_0.0008045637863307892.h5,D:\3d-grasp-pose-estimation\dataset\grasps\Pencil_90fe992837b6236bc7646f006e91923f_0.0008045637863307892.h5,Pencil,90fe992837b6236bc7646f006e91923f,0.0073886437,0.0008045638,meshes/Pencil/90fe992837b6236bc7646f006e91923f.obj,2000,0.952,0.6574084852451569,0.9388950454737592,True
Pencil_91bf9fb8d545a2ab17217386867d08cc_5.5218585562525394e-05.h5,D:\3d-grasp-pose-estimation\dataset\grasps\Pencil_91bf9fb8d545a2ab17217386867d08cc_5.5218585562525394e-05.h5,Pencil,91bf9fb8d545a2ab17217386867d08cc,0.0023586941,5.52186e-05,meshes/Pencil/91bf9fb8d545a2ab17217386867d08cc.obj,2000,0.9395,0.6904736101476702,0.9512881426537764,True
Pencil_984efc86e4c094333cbb9b2355ce3eb8_0.027853557756447246.h5,D:\3d-grasp-pose-estimation\dataset\grasps\Pencil_984efc86e4c094333cbb9b2355ce3eb8_0.027853557756447246.h5,Pencil,984efc86e4c094333cbb9b2355ce3eb8,0.0019976095,0.0278535578,meshes/Pencil/984efc86e4c094333cbb9b2355ce3eb8.obj,2000,0.974,0.6895223136802447,0.92876403198872,False
Pencil_99e6ae038de18ef1f286a2b2bf6f4b73_0.031677761860750206.h5,D:\3d-grasp-pose-estimation\dataset\grasps\Pencil_99e6ae038de18ef1f286a2b2bf6f4b73_0.031677761860750206.h5,Pencil,99e6ae038de18ef1f286a2b2bf6f4b73,0.0032239809,0.0316777619,meshes/Pencil/99e6ae038de18ef1f286a2b2bf6f4b73.obj,2000,0.94,0.7037214895741865,0.9600303834249228,False
Pencil_9ff1c3a225933646d95cbd7188c1a0ec_0.013518717293240242.h5,D:\3d-grasp-pose-estimation\dataset\grasps\Pencil_9ff1c3a225933646d95cbd7188c1a0ec_0.013518717293240242.h5,Pencil,9ff1c3a225933646d95cbd7188c1a0ec,0.0036439335,0.0135187173,meshes/Pencil/9ff1c3a225933646d95cbd7188c1a0ec.obj,2000,0.9025,0.6423216731854534,0.9572798087508968,False
Pencil_a0f6c31cb843bb36e6277a09e44dcf27_0.0019818728202774085.h5,D:\3d-grasp-pose-estimation\dataset\grasps\Pencil_a0f6c31cb843bb36e6277a09e44dcf27_0.0019818728202774085.h5,Pencil,a0f6c31cb843bb36e6277a09e44dcf27,0.0018085184,0.0019818728,meshes/Pencil/a0f6c31cb843bb36e6277a09e44dcf27.obj,2000,0.9365,0.6879483855956976,0.9700267080171792,True
Pencil_a10b93b119fe2c9db594bbf2c494ab81_0.0002225215214653916.h5,D:\3d-grasp-pose-estimation\dataset\grasps\Pencil_a10b93b119fe2c9db594bbf2c494ab81_0.0002225215214653916.h5,Pencil,a10b93b119fe2c9db594bbf2c494ab81,0.0069598338,0.0002225215,meshes/Pencil/a10b93b119fe2c9db594bbf2c494ab81.obj,2000,0.9275,0.662841044704393,0.939371274442928,True
Pencil_a10b93b119fe2c9db594bbf2c494ab81_0.00032982334523365387.h5,D:\3d-grasp-pose-estimation\dataset\grasps\Pencil_a10b93b119fe2c9db594bbf2c494ab81_0.00032982334523365387.h5,Pencil,a10b93b119fe2c9db594bbf2c494ab81,0.0226635001,0.0003298233,meshes/Pencil/a10b93b119fe2c9db594bbf2c494ab81.obj,2000,0.8975,0.6474759245782448,0.9592241376795448,True
Pencil_a5a31d0573ff268c6d0f5b53cebca098_0.018685146736425805.h5,D:\3d-grasp-pose-estimation\dataset\grasps\Pencil_a5a31d0573ff268c6d0f5b53cebca098_0.018685146736425805.h5,Pencil,a5a31d0573ff268c6d0f5b53cebca098,0.0023970787,0.0186851467,meshes/Pencil/a5a31d0573ff268c6d0f5b53cebca098.obj,2000,0.9065,0.3350818950666075,0.7907998233514659,False
Pencil_a6a2bfb5003c7812e4ed148c36c1d02e_0.00016113565346682587.h5,D:\3d-grasp-pose-estimation\dataset\grasps\Pencil_a6a2bfb5003c7812e4ed148c36c1d02e_0.00016113565346682587.h5,Pencil,a6a2bfb5003c7812e4ed148c36c1d02e,0.0002190763,0.0001611357,meshes/Pencil/a6a2bfb5003c7812e4ed148c36c1d02e.obj,2000,0.6325,0.3403502523593785,0.9478287860563888,True
Pencil_a7787ba523465ea1ef2e227a41551d79_0.00040252149862831575.h5,D:\3d-grasp-pose-estimation\dataset\grasps\Pencil_a7787ba523465ea1ef2e227a41551d79_0.00040252149862831575.h5,Pencil,a7787ba523465ea1ef2e227a41551d79,0.0096291586,0.0004025215,meshes/Pencil/a7787ba523465ea1ef2e227a41551d79.obj,2000,0.633,0.4339773946926131,0.972041121987952,True
Pencil_a95dd52a76a3dff5513c73fd461b230a_2.961021300611467e-05.h5,D:\3d-grasp-pose-estimation\dataset\grasps\Pencil_a95dd52a76a3dff5513c73fd461b230a_2.961021300611467e-05.h5,Pencil,a95dd52a76a3dff5513c73fd461b230a,0.000470415,2.96102e-05,meshes/Pencil/a95dd52a76a3dff5513c73fd461b230a.obj,2000,0.9695,0.6267416703075789,0.925149386120878,True
Pencil_aa36574169cb624dd3adf3090c701f7_4.843609845959931e-05.h5,D:\3d-grasp-pose-estimation\dataset\grasps\Pencil_aa36574169cb624dd3adf3090c701f7_4.843609845959931e-05.h5,Pencil,aa36574169cb624dd3adf3090c701f7,0.0094707428,4.84361e-05,meshes/Pencil/aa36574169cb624dd3adf3090c701f7.obj,2000,0.88,0.6457491223159132,0.9529176698310186,True
Pencil_aa36574169cb624dd3adf3090c701f7_4.872300019184792e-05.h5,D:\3d-grasp-pose-estimation\dataset\grasps\Pencil_aa36574169cb624dd3adf3090c701f7_4.872300019184792e-05.h5,Pencil,aa36574169cb624dd3adf3090c701f7,0.0096400359,4.8723e-05,meshes/Pencil/aa36574169cb624dd3adf3090c701f7.obj,2000,0.9115,0.6836438417393307,0.9565024024619256,True
Pencil_b0c10d29be15317b8f95db010cd08ee9_0.044564162228147276.h5,D:\3d-grasp-pose-estimation\dataset\grasps\Pencil_b0c10d29be15317b8f95db010cd08ee9_0.044564162228147276.h5,Pencil,b0c10d29be15317b8f95db010cd08ee9,0.0041780616,0.0445641622,meshes/Pencil/b0c10d29be15317b8f95db010cd08ee9.obj,2000,0.958,0.5607165291688802,0.9410396035810228,False
Pencil_b8e65485504399d97409eda897a032a1_6.326834873742661e-05.h5,D:\3d-grasp-pose-estimation\dataset\grasps\Pencil_b8e65485504399d97409eda897a032a1_6.326834873742661e-05.h5,Pencil,b8e65485504399d97409eda897a032a1,0.0086720687,6.32683e-05,meshes/Pencil/b8e65485504399d97409eda897a032a1.obj,2000,0.911,0.6844388565385595,0.9686167911349078,True
Pencil_c0479deba016f81ee8ce293298cb8c1f_0.0026020797458375993.h5,D:\3d-grasp-pose-estimation\dataset\grasps\Pencil_c0479deba016f81ee8ce293298cb8c1f_0.0026020797458375993.h5,Pencil,c0479deba016f81ee8ce293298cb8c1f,0.0018396251,0.0026020797,meshes/Pencil/c0479deba016f81ee8ce293298cb8c1f.obj,2000,0.916,0.6226911767496671,0.946281848519457,True
Pencil_c22d177a994f375e13b26514934fe9c4_0.0001937562669980915.h5,D:\3d-grasp-pose-estimation\dataset\grasps\Pencil_c22d177a994f375e13b26514934fe9c4_0.0001937562669980915.h5,Pencil,c22d177a994f375e13b26514934fe9c4,0.0012253708,0.0001937563,meshes/Pencil/c22d177a994f375e13b26514934fe9c4.obj,2000,0.931,0.6225281397123826,0.9182262002135072,True
Pencil_c2c4f86abbf038e5af3fff96383de017_0.01030360783878671.h5,D:\3d-grasp-pose-estimation\dataset\grasps\Pencil_c2c4f86abbf038e5af3fff96383de017_0.01030360783878671.h5,Pencil,c2c4f86abbf038e5af3fff96383de017,0.0006922556,0.0103036078,meshes/Pencil/c2c4f86abbf038e5af3fff96383de017.obj,2000,0.9215,0.5827876714582808,0.9304753081560488,False
Pencil_ca1d3369cce99790cc49567b27f202c2_0.00032200618503433915.h5,D:\3d-grasp-pose-estimation\dataset\grasps\Pencil_ca1d3369cce99790cc49567b27f202c2_0.00032200618503433915.h5,Pencil,ca1d3369cce99790cc49567b27f202c2,0.0074301142,0.0003220062,meshes/Pencil/ca1d3369cce99790cc49567b27f202c2.obj,2000,0.8895,0.6485080135630815,0.9538533064286157,True
Pencil_cdb82f4b34804520821a29f3de4d7cce_0.06522237180071055.h5,D:\3d-grasp-pose-estimation\dataset\grasps\Pencil_cdb82f4b34804520821a29f3de4d7cce_0.06522237180071055.h5,Pencil,cdb82f4b34804520821a29f3de4d7cce,0.0109035545,0.0652223718,meshes/Pencil/cdb82f4b34804520821a29f3de4d7cce.obj,2000,0.892,0.6504272266373484,0.953400301835493,False
Pencil_ce40aed68a22dfa52baa6b8aa1acece9_0.04288449157421645.h5,D:\3d-grasp-pose-estimation\dataset\grasps\Pencil_ce40aed68a22dfa52baa6b8aa1acece9_0.04288449157421645.h5,Pencil,ce40aed68a22dfa52baa6b8aa1acece9,0.0051155145,0.0428844916,meshes/Pencil/ce40aed68a22dfa52baa6b8aa1acece9.obj,2000,0.948,0.7331285580832521,0.969090695131664,False
Pencil_d0ce65bd6a1d403815a69a2b87020ac_0.00011383882887176146.h5,D:\3d-grasp-pose-estimation\dataset\grasps\Pencil_d0ce65bd6a1d403815a69a2b87020ac_0.00011383882887176146.h5,Pencil,d0ce65bd6a1d403815a69a2b87020ac,0.0025258017,0.0001138388,meshes/Pencil/d0ce65bd6a1d403815a69a2b87020ac.obj,2000,0.922,0.6765605717545415,0.9463462874146868,True
Pencil_d1e4af76761bc99196f9ae6927d24261_0.002577262481140167.h5,D:\3d-grasp-pose-estimation\dataset\grasps\Pencil_d1e4af76761bc99196f9ae6927d24261_0.002577262481140167.h5,Pencil,d1e4af76761bc99196f9ae6927d24261,0.008786179,0.0025772625,meshes/Pencil/d1e4af76761bc99196f9ae6927d24261.obj,2000,0.943,0.6568007652408817,0.9642124748071308,True
Pencil_d22cfab6479b8ec2741e88434245c899_0.00011204145000558167.h5,D:\3d-grasp-pose-estimation\dataset\grasps\Pencil_d22cfab6479b8ec2741e88434245c899_0.00011204145000558167.h5,Pencil,d22cfab6479b8ec2741e88434245c899,0.0013960793,0.0001120415,meshes/Pencil/d22cfab6479b8ec2741e88434245c899.obj,2000,0.9845,0.671327758611993,0.9064743909096076,True
Pencil_d294fd4bca461b1d1f03fbe6090ffd40_0.002826482241798968.h5,D:\3d-grasp-pose-estimation\dataset\grasps\Pencil_d294fd4bca461b1d1f03fbe6090ffd40_0.002826482241798968.h5,Pencil,d294fd4bca461b1d1f03fbe6090ffd40,0.0100110329,0.0028264822,meshes/Pencil/d294fd4bca461b1d1f03fbe6090ffd40.obj,2000,0.9155,0.6453976156527139,0.9400091247282046,True
Pencil_d962ac6117eb8890c2c72e575af174cd_0.00012123620576982754.h5,D:\3d-grasp-pose-estimation\dataset\grasps\Pencil_d962ac6117eb8890c2c72e575af174cd_0.00012123620576982754.h5,Pencil,d962ac6117eb8890c2c72e575af174cd,0.004475722,0.0001212362,meshes/Pencil/d962ac6117eb8890c2c72e575af174cd.obj,2000,0.953,0.7123401590543947,0.9591905891993712,True
Pencil_d962ac6117eb8890c2c72e575af174cd_7.242843097755987e-05.h5,D:\3d-grasp-pose-estimation\dataset\grasps\Pencil_d962ac6117eb8890c2c72e575af174cd_7.242843097755987e-05.h5,Pencil,d962ac6117eb8890c2c72e575af174cd,0.0009543185,7.24284e-05,meshes/Pencil/d962ac6117eb8890c2c72e575af174cd.obj,2000,0.9475,0.6544410368943081,0.9289229286859128,True
Pencil_db1789ea92d69c2acfdeb6e3109e4a9c_0.04334754706926311.h5,D:\3d-grasp-pose-estimation\dataset\grasps\Pencil_db1789ea92d69c2acfdeb6e3109e4a9c_0.04334754706926311.h5,Pencil,db1789ea92d69c2acfdeb6e3109e4a9c,0.003082018,0.0433475471,meshes/Pencil/db1789ea92d69c2acfdeb6e3109e4a9c.obj,2000,0.906,0.6433241687657735,0.9622531687573772,False
Pencil_fce3804024f560073f0ddc6f164e8e3d_0.0005245462787731009.h5,D:\3d-grasp-pose-estimation\dataset\grasps\Pencil_fce3804024f560073f0ddc6f164e8e3d_0.0005245462787731009.h5,Pencil,fce3804024f560073f0ddc6f164e8e3d,0.0044485628,0.0005245463,meshes/Pencil/fce3804024f560073f0ddc6f164e8e3d.obj,2000,0.9385,0.6654499927578201,0.959411552668993,True
PowerStrip_3ebc74beecdb42d1d3dad974dc098fa1_0.008703769924240944.h5,D:\3d-grasp-pose-estimation\dataset\grasps\PowerStrip_3ebc74beecdb42d1d3dad974dc098fa1_0.008703769924240944.h5,PowerStrip,3ebc74beecdb42d1d3dad974dc098fa1,0.0089937488,0.0087037699,meshes/PowerStrip/3ebc74beecdb42d1d3dad974dc098fa1.obj,2000,0.938,0.6420334716910815,0.9423384299175724,True
PowerStrip_6cb9ba94a63ff60888bf39e10d433fc8_0.025757427960674695.h5,D:\3d-grasp-pose-estimation\dataset\grasps\PowerStrip_6cb9ba94a63ff60888bf39e10d433fc8_0.025757427960674695.h5,PowerStrip,6cb9ba94a63ff60888bf39e10d433fc8,0.4056750989,0.025757428,meshes/PowerStrip/6cb9ba94a63ff60888bf39e10d433fc8.obj,2000,0.304,0.236604141397626,0.9589213517186498,False
PowerStrip_78ab9744a27cad1eb3ee04e2bcfd53c5_0.015709623508719746.h5,D:\3d-grasp-pose-estimation\dataset\grasps\PowerStrip_78ab9744a27cad1eb3ee04e2bcfd53c5_0.015709623508719746.h5,PowerStrip,78ab9744a27cad1eb3ee04e2bcfd53c5,0.0046788681,0.0157096235,meshes/PowerStrip/78ab9744a27cad1eb3ee04e2bcfd53c5.obj,2000,0.9395,0.6564502035592568,0.9575038691105938,False
PowerStrip_c3f1944d562738f7daaccab222ac90bc_0.015062171910400548.h5,D:\3d-grasp-pose-estimation\dataset\grasps\PowerStrip_c3f1944d562738f7daaccab222ac90bc_0.015062171910400548.h5,PowerStrip,c3f1944d562738f7daaccab222ac90bc,0.0110436833,0.0150621719,meshes/PowerStrip/c3f1944d562738f7daaccab222ac90bc.obj,2000,0.926,0.5843382252042056,0.95136980166386,False
PowerStrip_ecf192b5e49e1b111191025061735ea3_0.008814158280284971.h5,D:\3d-grasp-pose-estimation\dataset\grasps\PowerStrip_ecf192b5e49e1b111191025061735ea3_0.008814158280284971.h5,PowerStrip,ecf192b5e49e1b111191025061735ea3,0.0042903301,0.0088141583,meshes/PowerStrip/ecf192b5e49e1b111191025061735ea3.obj,2000,0.895,0.6067424814417232,0.941337280660845,True
PowerStrip_f2a8e0f4e3b69cb09a5da615e9db9948_0.006552832027171602.h5,D:\3d-grasp-pose-estimation\dataset\grasps\PowerStrip_f2a8e0f4e3b69cb09a5da615e9db9948_0.006552832027171602.h5,PowerStrip,f2a8e0f4e3b69cb09a5da615e9db9948,0.000182798,0.006552832,meshes/PowerStrip/f2a8e0f4e3b69cb09a5da615e9db9948.obj,2000,0.9525,0.5066306687123894,0.9194487582582777,True
Speaker_101354f9d8dede686f7b08d9de913afe_0.0030139396133486364.h5,D:\3d-grasp-pose-estimation\dataset\grasps\Speaker_101354f9d8dede686f7b08d9de913afe_0.0030139396133486364.h5,Speaker,101354f9d8dede686f7b08d9de913afe,0.0239952006,0.0030139396,meshes/Speaker/101354f9d8dede686f7b08d9de913afe.obj,2000,0.458,0.4105163261964417,0.9852350565779314,True
Speaker_15fb39da1ab90994a9504db65c138da5_0.00045914374467176524.h5,D:\3d-grasp-pose-estimation\dataset\grasps\Speaker_15fb39da1ab90994a9504db65c138da5_0.00045914374467176524.h5,Speaker,15fb39da1ab90994a9504db65c138da5,0.5052984564,0.0004591437,meshes/Speaker/15fb39da1ab90994a9504db65c138da5.obj,2000,0.0,0.0,0.0,True
Speaker_16d8b1fde755f7f96bc5197cc4c47fe8_0.00029550445628633986.h5,D:\3d-grasp-pose-estimation\dataset\grasps\Speaker_16d8b1fde755f7f96bc5197cc4c47fe8_0.00029550445628633986.h5,Speaker,16d8b1fde755f7f96bc5197cc4c47fe8,0.0076529518,0.0002955045,meshes/Speaker/16d8b1fde755f7f96bc5197cc4c47fe8.obj,2000,0.6245,0.4161061333152478,0.9275690117661888,True
Speaker_18abbf4da8320e69438aef443c33bffd_0.00517893416645607.h5,D:\3d-grasp-pose-estimation\dataset\grasps\Speaker_18abbf4da8320e69438aef443c33bffd_0.00517893416645607.h5,Speaker,18abbf4da8320e69438aef443c33bffd,0.0248589722,0.0051789342,meshes/Speaker/18abbf4da8320e69438aef443c33bffd.obj,2000,0.8785,0.6588863555378696,0.9885127563007812,True
Speaker_1a4ec387ea6820345778775dfd5ca46a_0.004405836004468139.h5,D:\3d-grasp-pose-estimation\dataset\grasps\Speaker_1a4ec387ea6820345778775dfd5ca46a_0.004405836004468139.h5,Speaker,1a4ec387ea6820345778775dfd5ca46a,0.0541506279,0.004405836,meshes/Speaker/1a4ec387ea6820345778775dfd5ca46a.obj,2000,0.319,0.2568251110824689,0.9836984985405046,True
Speaker_1f59ba1fc5d296a817a0d4867f131bc_0.03216112085239115.h5,D:\3d-grasp-pose-estimation\dataset\grasps\Speaker_1f59ba1fc5d296a817a0d4867f131bc_0.03216112085239115.h5,Speaker,1f59ba1fc5d296a817a0d4867f131bc,2.081544662,0.0321611209,meshes/Speaker/1f59ba1fc5d296a817a0d4867f131bc.obj,2000,0.0,0.0,0.0,False
Speaker_2d7d203695b243588a2d1852031a7223_0.0034227675757445932.h5,D:\3d-grasp-pose-estimation\dataset\grasps\Speaker_2d7d203695b243588a2d1852031a7223_0.0034227675757445932.h5,Speaker,2d7d203695b243588a2d1852031a7223,0.0054292787,0.0034227676,meshes/Speaker/2d7d203695b243588a2d1852031a7223.obj,2000,0.872,0.5456662797871112,0.9268161968321428,True
Speaker_33b19fdf42fd767d871a975200291c6f_0.016476775352806956.h5,D:\3d-grasp-pose-estimation\dataset\grasps\Speaker_33b19fdf42fd767d871a975200291c6f_0.016476775352806956.h5,Speaker,33b19fdf42fd767d871a975200291c6f,0.6814511886,0.0164767754,meshes/Speaker/33b19fdf42fd767d871a975200291c6f.obj,2000,0.1845,0.1544781267690506,0.9542732143013898,False
Speaker_3993636f6afba5441c5d4854f1aaed94_0.003777897926622036.h5,D:\3d-grasp-pose-estimation\dataset\grasps\Speaker_3993636f6afba5441c5d4854f1aaed94_0.003777897926622036.h5,Speaker,3993636f6afba5441c5d4854f1aaed94,0.0855734815,0.0037778979,meshes/Speaker/3993636f6afba5441c5d4854f1aaed94.obj,2000,0.0,0.0,0.0,True
Speaker_3c95f7546aa333352b9815e7ace3108f_0.00448841903306222.h5,D:\3d-grasp-pose-estimation\dataset\grasps\Speaker_3c95f7546aa333352b9815e7ace3108f_0.00448841903306222.h5,Speaker,3c95f7546aa333352b9815e7ace3108f,0.0083822701,0.004488419,meshes/Speaker/3c95f7546aa333352b9815e7ace3108f.obj,2000,0.8475,0.6073590638002947,0.9649623888591692,True
Speaker_3dab50da5a8796846a781a9aacfaaf72_0.00814626917920482.h5,D:\3d-grasp-pose-estimation\dataset\grasps\Speaker_3dab50da5a8796846a781a9aacfaaf72_0.00814626917920482.h5,Speaker,3dab50da5a8796846a781a9aacfaaf72,0.4629124844,0.0081462692,meshes/Speaker/3dab50da5a8796846a781a9aacfaaf72.obj,2000,0.133,0.1142385585279663,0.9627540359921222,True
Speaker_3e5b82e97880a5a924fa019c8fbfab30_0.0012107662832855851.h5,D:\3d-grasp-pose-estimation\dataset\grasps\Speaker_3e5b82e97880a5a924fa019c8fbfab30_0.0012107662832855851.h5,Speaker,3e5b82e97880a5a924fa019c8fbfab30,0.180038747,0.0012107663,meshes/Speaker/3e5b82e97880a5a924fa019c8fbfab30.obj,2000,0.683,0.4987740650336102,0.9876768782491488,True
Speaker_48a2091454502770408d050f12518231_0.012000738253208031.h5,D:\3d-grasp-pose-estimation\dataset\grasps\Speaker_48a2091454502770408d050f12518231_0.012000738253208031.h5,Speaker,48a2091454502770408d050f12518231,0.1216131872,0.0120007383,meshes/Speaker/48a2091454502770408d050f12518231.obj,2000,0.381,0.3580394573578645,0.9915870554852294,False
Speaker_48a2091454502770408d050f12518231_0.021452610324262197.h5,D:\3d-grasp-pose-estimation\dataset\grasps\Speaker_48a2091454502770408d050f12518231_0.021452610324262197.h5,Speaker,48a2091454502770408d050f12518231,0.6946998613,0.0214526103,meshes/Speaker/48a2091454502770408d050f12518231.obj,2000,0.0,0.0,0.0,False
Speaker_4ca670411a191a11df0c7dbe7f8f4c8e_0.08238794835818748.h5,D:\3d-grasp-pose-estimation\dataset\grasps\Speaker_4ca670411a191a11df0c7dbe7f8f4c8e_0.08238794835818748.h5,Speaker,4ca670411a191a11df0c7dbe7f8f4c8e,0.5644344156,0.0823879484,meshes/Speaker/4ca670411a191a11df0c7dbe7f8f4c8e.obj,2000,0.189,0.13008572668891,0.8734189174868807,False
Speaker_4e957072c3c876e02fc6b53066be64d1_0.0008553930451962179.h5,D:\3d-grasp-pose-estimation\dataset\grasps\Speaker_4e957072c3c876e02fc6b53066be64d1_0.0008553930451962179.h5,Speaker,4e957072c3c876e02fc6b53066be64d1,0.955266424,0.000855393,meshes/Speaker/4e957072c3c876e02fc6b53066be64d1.obj,2000,0.0,0.0,0.0,True
Speaker_5338db4536b4a889de7da340cde8d034_0.025728199226036478.h5,D:\3d-grasp-pose-estimation\dataset\grasps\Speaker_5338db4536b4a889de7da340cde8d034_0.025728199226036478.h5,Speaker,5338db4536b4a889de7da340cde8d034,0.2521376038,0.0257281992,meshes/Speaker/5338db4536b4a889de7da340cde8d034.obj,2000,0.197,0.1498779635163638,0.9858584354745272,False
Speaker_534b9d60edc8cf7448887a47fb6b5f0d_0.0010371458439395883.h5,D:\3d-grasp-pose-estimation\dataset\grasps\Speaker_534b9d60edc8cf7448887a47fb6b5f0d_0.0010371458439395883.h5,Speaker,534b9d60edc8cf7448887a47fb6b5f0d,0.0005951328,0.0010371458,meshes/Speaker/534b9d60edc8cf7448887a47fb6b5f0d.obj,2000,0.928,0.5797225691720466,0.9594832343991206,True
Speaker_534b9d60edc8cf7448887a47fb6b5f0d_0.0029436012905127225.h5,D:\3d-grasp-pose-estimation\dataset\grasps\Speaker_534b9d60edc8cf7448887a47fb6b5f0d_0.0029436012905127225.h5,Speaker,534b9d60edc8cf7448887a47fb6b5f0d,0.0136060272,0.0029436013,meshes/Speaker/534b9d60edc8cf7448887a47fb6b5f0d.obj,2000,0.879,0.6056869739579569,0.9470536695207212,True
Speaker_58c7ab29b2cb73171e652fa812161367_0.001823276342478623.h5,D:\3d-grasp-pose-estimation\dataset\grasps\Speaker_58c7ab29b2cb73171e652fa812161367_0.001823276342478623.h5,Speaker,58c7ab29b2cb73171e652fa812161367,0.5758792192,0.0018232763,meshes/Speaker/58c7ab29b2cb73171e652fa812161367.obj,2000,0.0185,0.0126271068648817,0.8596866541224398,True
Speaker_5c77b0ab986ae9197814845dd0b5fcee_0.00012946549164159313.h5,D:\3d-grasp-pose-estimation\dataset\grasps\Speaker_5c77b0ab986ae9197814845dd0b5fcee_0.00012946549164159313.h5,Speaker,5c77b0ab986ae9197814845dd0b5fcee,0.051196471,0.0001294655,meshes/Speaker/5c77b0ab986ae9197814845dd0b5fcee.obj,2000,0.834,0.6551514971676929,0.970561942236586,True
Speaker_5d1cecd19b20d40b5a31d91ec836a511_0.006482873747986543.h5,D:\3d-grasp-pose-estimation\dataset\grasps\Speaker_5d1cecd19b20d40b5a31d91ec836a511_0.006482873747986543.h5,Speaker,5d1cecd19b20d40b5a31d91ec836a511,0.1119912041,0.0064828737,meshes/Speaker/5d1cecd19b20d40b5a31d91ec836a511.obj,2000,0.814,0.6528798400025869,0.9882195721899144,True
Speaker_5e361b836757c39e7abbe4ee8a5928b_0.007169038218404814.h5,D:\3d-grasp-pose-estimation\dataset\grasps\Speaker_5e361b836757c39e7abbe4ee8a5928b_0.007169038218404814.h5,Speaker,5e361b836757c39e7abbe4ee8a5928b,0.0638358273,0.0071690382,meshes/Speaker/5e361b836757c39e7abbe4ee8a5928b.obj,2000,0.756,0.5646077530222835,0.9824835495731437,True
Speaker_5f0531dbeb4e2837741e88434245c899_0.005087805903575872.h5,D:\3d-grasp-pose-estimation\dataset\grasps\Speaker_5f0531dbeb4e2837741e88434245c899_0.005087805903575872.h5,Speaker,5f0531dbeb4e2837741e88434245c899,0.0191293785,0.0050878059,meshes/Speaker/5f0531dbeb4e2837741e88434245c899.obj,2000,0.8045,0.572596869071125,0.9706114852885044,True
Speaker_614a16b7b994063af6d28508a7c94d33_0.00703102434286812.h5,D:\3d-grasp-pose-estimation\dataset\grasps\Speaker_614a16b7b994063af6d28508a7c94d33_0.00703102434286812.h5,Speaker,614a16b7b994063af6d28508a7c94d33,0.0092820842,0.0070310243,meshes/Speaker/614a16b7b994063af6d28508a7c94d33.obj,2000,0.353,0.2421656899585598,0.9601992806143642,True
Speaker_64058330533509d1d747b49524a1246e_0.003949258269301651.h5,D:\3d-grasp-pose-estimation\dataset\grasps\Speaker_64058330533509d1d747b49524a1246e_0.003949258269301651.h5,Speaker,64058330533509d1d747b49524a1246e,0.072607899,0.0039492583,meshes/Speaker/64058330533509d1d747b49524a1246e.obj,2000,0.036,0.0273520896250752,0.93180515978876,True
Speaker_66d9f9f961a12754d1fdf116b1be3b27_0.00067426181328321.h5,D:\3d-grasp-pose-estimation\dataset\grasps\Speaker_66d9f9f961a12754d1fdf116b1be3b27_0.00067426181328321.h5,Speaker,66d9f9f961a12754d1fdf116b1be3b27,0.0523199339,0.0006742618,meshes/Speaker/66d9f9f961a12754d1fdf116b1be3b27.obj,2000,0.0,0.0,0.0,True
Speaker_67f091721c90a533d747b49524a1246e_0.003826788482533239.h5,D:\3d-grasp-pose-estimation\dataset\grasps\Speaker_67f091721c90a533d747b49524a1246e_0.003826788482533239.h5,Speaker,67f091721c90a533d747b49524a1246e,0.2649266168,0.0038267885,meshes/Speaker/67f091721c90a533d747b49524a1246e.obj,2000,0.1585,0.1521721543382843,0.987264807472038,True
Speaker_74126375485af2008db6a105075120b8_0.003926619200781978.h5,D:\3d-grasp-pose-estimation\dataset\grasps\Speaker_74126375485af2008db6a105075120b8_0.003926619200781978.h5,Speaker,74126375485af2008db6a105075120b8,0.2124317756,0.0039266192,meshes/Speaker/74126375485af2008db6a105075120b8.obj,2000,0.6145,0.5212889037937432,0.9841287265101832,True
Speaker_75c1cd710dcc5509484c6cefb4a9acdd_0.0010314649089391587.h5,D:\3d-grasp-pose-estimation\dataset\grasps\Speaker_75c1cd710dcc5509484c6cefb4a9acdd_0.0010314649089391587.h5,Speaker,75c1cd710dcc5509484c6cefb4a9acdd,0.0277761723,0.0010314649,meshes/Speaker/75c1cd710dcc5509484c6cefb4a9acdd.obj,2000,0.7665,0.5708298149406981,0.9620095751878264,True
Speaker_7877e76ac622330f5688b5e43041beb4_0.0007569297764672999.h5,D:\3d-grasp-pose-estimation\dataset\grasps\Speaker_7877e76ac622330f5688b5e43041beb4_0.0007569297764672999.h5,Speaker,7877e76ac622330f5688b5e43041beb4,0.195068044,0.0007569298,meshes/Speaker/7877e76ac622330f5688b5e43041beb4.obj,2000,0.3995,0.2756664007766344,0.9331167036405498,True
Speaker_7a38ec354e2b0abcf4ba8cc95e2927f1_0.0055963778649510436.h5,D:\3d-grasp-pose-estimation\dataset\grasps\Speaker_7a38ec354e2b0abcf4ba8cc95e2927f1_0.0055963778649510436.h5,Speaker,7a38ec354e2b0abcf4ba8cc95e2927f1,0.3647575687,0.0055963779,meshes/Speaker/7a38ec354e2b0abcf4ba8cc95e2927f1.obj,2000,0.7555,0.5127000915410319,0.938292393154068,True
Speaker_7eaa6ce69789922292047eb9835bd0ea_0.0007928455374141439.h5,D:\3d-grasp-pose-estimation\dataset\grasps\Speaker_7eaa6ce69789922292047eb9835bd0ea_0.0007928455374141439.h5,Speaker,7eaa6ce69789922292047eb9835bd0ea,1.6419303875,0.0007928455,meshes/Speaker/7eaa6ce69789922292047eb9835bd0ea.obj,2000,0.0,0.0,0.0,True
Speaker_8150d4e919381c64e1ecc02d6acf021b_0.013315758505018413.h5,D:\3d-grasp-pose-estimation\dataset\grasps\Speaker_8150d4e919381c64e1ecc02d6acf021b_0.013315758505018413.h5,Speaker,8150d4e919381c64e1ecc02d6acf021b,0.1932780827,0.0133157585,meshes/Speaker/8150d4e919381c64e1ecc02d6acf021b.obj,2000,0.0,0.0,0.0,False
Speaker_82b9111b3232904eec3b2e05ce8fd39b_0.006091195031810714.h5,D:\3d-grasp-pose-estimation\dataset\grasps\Speaker_82b9111b3232904eec3b2e05ce8fd39b_0.006091195031810714.h5,Speaker,82b9111b3232904eec3b2e05ce8fd39b,0.2208783411,0.006091195,meshes/Speaker/82b9111b3232904eec3b2e05ce8fd39b.obj,2000,0.115,0.0762214561035506,0.9182741990655988,True
Speaker_867d9945687ada13bb62a53e25c6d701_0.0015309014976776427.h5,D:\3d-grasp-pose-estimation\dataset\grasps\Speaker_867d9945687ada13bb62a53e25c6d701_0.0015309014976776427.h5,Speaker,867d9945687ada13bb62a53e25c6d701,0.061527898,0.0015309015,meshes/Speaker/867d9945687ada13bb62a53e25c6d701.obj,2000,0.8945,0.6119905059598897,0.9418941194174696,True
Speaker_88eefee684586cd3fd56d9106430c3fe_0.01730577057156226.h5,D:\3d-grasp-pose-estimation\dataset\grasps\Speaker_88eefee684586cd3fd56d9106430c3fe_0.01730577057156226.h5,Speaker,88eefee684586cd3fd56d9106430c3fe,0.1615910835,0.0173057706,meshes/Speaker/88eefee684586cd3fd56d9106430c3fe.obj,2000,0.0255,0.0220009150727922,0.9489662930001648,False
Speaker_8ae047e72a84a5713d89b2cbd0c1c45d_0.015863729573670722.h5,D:\3d-grasp-pose-estimation\dataset\grasps\Speaker_8ae047e72a84a5713d89b2cbd0c1c45d_0.015863729573670722.h5,Speaker,8ae047e72a84a5713d89b2cbd0c1c45d,0.4156190484,0.0158637296,meshes/Speaker/8ae047e72a84a5713d89b2cbd0c1c45d.obj,2000,0.0,0.0,0.0,False
Speaker_8ea40449df27b2ec3458df83fdf8604e_0.003793167913411663.h5,D:\3d-grasp-pose-estimation\dataset\grasps\Speaker_8ea40449df27b2ec3458df83fdf8604e_0.003793167913411663.h5,Speaker,8ea40449df27b2ec3458df83fdf8604e,1.3059314118,0.0037931679,meshes/Speaker/8ea40449df27b2ec3458df83fdf8604e.obj,2000,0.0,0.0,0.0,True
Speaker_91b781b40d32b74dc491effd0ae881ea_0.006233251292093186.h5,D:\3d-grasp-pose-estimation\dataset\grasps\Speaker_91b781b40d32b74dc491effd0ae881ea_0.006233251292093186.h5,Speaker,91b781b40d32b74dc491effd0ae881ea,0.5291914879,0.0062332513,meshes/Speaker/91b781b40d32b74dc491effd0ae881ea.obj,2000,0.0,0.0,0.0,True
Speaker_93927ab6b44bb95a1c4980134f4ff624_0.0008392641566070166.h5,D:\3d-grasp-pose-estimation\dataset\grasps\Speaker_93927ab6b44bb95a1c4980134f4ff624_0.0008392641566070166.h5,Speaker,93927ab6b44bb95a1c4980134f4ff624,0.261881898,0.0008392642,meshes/Speaker/93927ab6b44bb95a1c4980134f4ff624.obj,2000,0.6755,0.6515863325798628,0.9942049803830104,True
Speaker_9b9b41d3d02ce68d1b009b4923bf4541_0.03368869917815523.h5,D:\3d-grasp-pose-estimation\dataset\grasps\Speaker_9b9b41d3d02ce68d1b009b4923bf4541_0.03368869917815523.h5,Speaker,9b9b41d3d02ce68d1b009b4923bf4541,0.5424474704,0.0336886992,meshes/Speaker/9b9b41d3d02ce68d1b009b4923bf4541.obj,2000,0.0105,0.0086418986449356,0.9488169933175924,False
Speaker_a23a775c5bfec73d8275986ae1324d10_0.00012754837037004.h5,D:\3d-grasp-pose-estimation\dataset\grasps\Speaker_a23a775c5bfec73d8275986ae1324d10_0.00012754837037004.h5,Speaker,a23a775c5bfec73d8275986ae1324d10,0.6565221356,0.0001275484,meshes/Speaker/a23a775c5bfec73d8275986ae1324d10.obj,2000,0.0105,0.0083359452114118,0.9491591093656198,True
Speaker_a23a775c5bfec73d8275986ae1324d10_0.00015303911468205996.h5,D:\3d-grasp-pose-estimation\dataset\grasps\Speaker_a23a775c5bfec73d8275986ae1324d10_0.00015303911468205996.h5,Speaker,a23a775c5bfec73d8275986ae1324d10,1.1340493787,0.0001530391,meshes/Speaker/a23a775c5bfec73d8275986ae1324d10.obj,2000,0.0205,0.0165171518805234,0.9585444026890668,True
Speaker_a4370b35519d93161ba7a7e54b0d6212_0.0014191507020387488.h5,D:\3d-grasp-pose-estimation\dataset\grasps\Speaker_a4370b35519d93161ba7a7e54b0d6212_0.0014191507020387488.h5,Speaker,a4370b35519d93161ba7a7e54b0d6212,0.0024796262,0.0014191507,meshes/Speaker/a4370b35519d93161ba7a7e54b0d6212.obj,2000,0.928,0.6398097564327242,0.9623440447542336,True
Speaker_a55295b8538238ad6ab2ad957c1db573_0.0059456889546249.h5,D:\3d-grasp-pose-estimation\dataset\grasps\Speaker_a55295b8538238ad6ab2ad957c1db573_0.0059456889546249.h5,Speaker,a55295b8538238ad6ab2ad957c1db573,0.078170949,0.005945689,meshes/Speaker/a55295b8538238ad6ab2ad957c1db573.obj,2000,0.843,0.7130201083247394,0.9889975282351222,True
Speaker_b102bd756f93740a42bca6762ce0e788_0.0004381749179824734.h5,D:\3d-grasp-pose-estimation\dataset\grasps\Speaker_b102bd756f93740a42bca6762ce0e788_0.0004381749179824734.h5,Speaker,b102bd756f93740a42bca6762ce0e788,0.1516715589,0.0004381749,meshes/Speaker/b102bd756f93740a42bca6762ce0e788.obj,2000,0.738,0.6919708163426368,0.99258716005361,True
Speaker_b3995902d32eafa240ebcb5580b42043_0.00196589773393516.h5,D:\3d-grasp-pose-estimation\dataset\grasps\Speaker_b3995902d32eafa240ebcb5580b42043_0.00196589773393516.h5,Speaker,b3995902d32eafa240ebcb5580b42043,0.5017165008,0.0019658977,meshes/Speaker/b3995902d32eafa240ebcb5580b42043.obj,2000,0.0,0.0,0.0,True
Speaker_b44a0f8900edef4c957a55139a8e936e_0.007151668665775145.h5,D:\3d-grasp-pose-estimation\dataset\grasps\Speaker_b44a0f8900edef4c957a55139a8e936e_0.007151668665775145.h5,Speaker,b44a0f8900edef4c957a55139a8e936e,0.1417729201,0.0071516687,meshes/Speaker/b44a0f8900edef4c957a55139a8e936e.obj,2000,0.894,0.7192997200715201,0.9914253522247533,True
Speaker_b648f6cd54d07a1023e70120ea31089_0.0021024853715246403.h5,D:\3d-grasp-pose-estimation\dataset\grasps\Speaker_b648f6cd54d07a1023e70120ea31089_0.0021024853715246403.h5,Speaker,b648f6cd54d07a1023e70120ea31089,0.0599237169,0.0021024854,meshes/Speaker/b648f6cd54d07a1023e70120ea31089.obj,2000,0.0,0.0,0.0,True
Speaker_b92c1ad2943ec29168faa7730065e439_0.005520767412459656.h5,D:\3d-grasp-pose-estimation\dataset\grasps\Speaker_b92c1ad2943ec29168faa7730065e439_0.005520767412459656.h5,Speaker,b92c1ad2943ec29168faa7730065e439,0.0167289051,0.0055207674,meshes/Speaker/b92c1ad2943ec29168faa7730065e439.obj,2000,0.73,0.5191268456230462,0.9531924696721272,True
Speaker_beb9fba584fa708863fa826fe088fdf5_0.003405089155446477.h5,D:\3d-grasp-pose-estimation\dataset\grasps\Speaker_beb9fba584fa708863fa826fe088fdf5_0.003405089155446477.h5,Speaker,beb9fba584fa708863fa826fe088fdf5,0.0008630297,0.0034050892,meshes/Speaker/beb9fba584fa708863fa826fe088fdf5.obj,2000,0.878,0.4510135705125587,0.8591195449590094,True
Speaker_beb9fba584fa708863fa826fe088fdf5_0.012036157582771032.h5,D:\3d-grasp-pose-estimation\dataset\grasps\Speaker_beb9fba584fa708863fa826fe088fdf5_0.012036157582771032.h5,Speaker,beb9fba584fa708863fa826fe088fdf5,0.0381156971,0.0120361576,meshes/Speaker/beb9fba584fa708863fa826fe088fdf5.obj,2000,0.3625,0.2187806083307828,0.932808631526818,False
Speaker_c1b4fd223d132bbc33bc62a4659665b8_0.0030436024568173386.h5,D:\3d-grasp-pose-estimation\dataset\grasps\Speaker_c1b4fd223d132bbc33bc62a4659665b8_0.0030436024568173386.h5,Speaker,c1b4fd223d132bbc33bc62a4659665b8,0.0394780384,0.0030436025,meshes/Speaker/c1b4fd223d132bbc33bc62a4659665b8.obj,2000,0.493,0.3453845618582171,0.9814529312985008,True
Speaker_c2ae894d7910fe75604d284ec4e757cc_0.001375211624730314.h5,D:\3d-grasp-pose-estimation\dataset\grasps\Speaker_c2ae894d7910fe75604d284ec4e757cc_0.001375211624730314.h5,Speaker,c2ae894d7910fe75604d284ec4e757cc,0.0030810279,0.0013752116,meshes/Speaker/c2ae894d7910fe75604d284ec4e757cc.obj,2000,0.809,0.5155945428796983,0.9641879093693264,True
Speaker_c52531bfe9fcb17a87586c1eb104adc8_0.010366870609191054.h5,D:\3d-grasp-pose-estimation\dataset\grasps\Speaker_c52531bfe9fcb17a87586c1eb104adc8_0.010366870609191054.h5,Speaker,c52531bfe9fcb17a87586c1eb104adc8,0.4689788522,0.0103668706,meshes/Speaker/c52531bfe9fcb17a87586c1eb104adc8.obj,2000,0.0025,0.0019318887100743,0.8150242703589478,False
Speaker_c58d1c25553a224ad9d271f9da38313c_0.00042279380532948634.h5,D:\3d-grasp-pose-estimation\dataset\grasps\Speaker_c58d1c25553a224ad9d271f9da38313c_0.00042279380532948634.h5,Speaker,c58d1c25553a224ad9d271f9da38313c,0.0336387476,0.0004227938,meshes/Speaker/c58d1c25553a224ad9d271f9da38313c.obj,2000,0.687,0.5433832936119056,0.9740527707452796,True
Speaker_d2b11476a0faecc9bab552580a94aea4_0.005181584757479751.h5,D:\3d-grasp-pose-estimation\dataset\grasps\Speaker_d2b11476a0faecc9bab552580a94aea4_0.005181584757479751.h5,Speaker,d2b11476a0faecc9bab552580a94aea4,0.2800948762,0.0051815848,meshes/Speaker/d2b11476a0faecc9bab552580a94aea4.obj,2000,0.037,0.0331995739951391,0.9563723376566338,True
Speaker_d337b40eca9f87259fd3da8ff7252b25_0.018947644124949873.h5,D:\3d-grasp-pose-estimation\dataset\grasps\Speaker_d337b40eca9f87259fd3da8ff7252b25_0.018947644124949873.h5,Speaker,d337b40eca9f87259fd3da8ff7252b25,0.349548042,0.0189476441,meshes/Speaker/d337b40eca9f87259fd3da8ff7252b25.obj,2000,0.656,0.4583411252103456,0.938864550020286,False
Speaker_d8f6aaa777f0cd4f5a31d91ec836a511_0.01681589563581907.h5,D:\3d-grasp-pose-estimation\dataset\grasps\Speaker_d8f6aaa777f0cd4f5a31d91ec836a511_0.01681589563581907.h5,Speaker,d8f6aaa777f0cd4f5a31d91ec836a511,0.8469470477,0.0168158956,meshes/Speaker/d8f6aaa777f0cd4f5a31d91ec836a511.obj,2000,0.0,0.0,0.0,False
Speaker_da262a969415b79aab166950475a0b3e_0.0013943878195049522.h5,D:\3d-grasp-pose-estimation\dataset\grasps\Speaker_da262a969415b79aab166950475a0b3e_0.0013943878195049522.h5,Speaker,da262a969415b79aab166950475a0b3e,0.003888718,0.0013943878,meshes/Speaker/da262a969415b79aab166950475a0b3e.obj,2000,0.813,0.563219944472801,0.9687164811095844,True
Speaker_dd6959f8f97f2b09581600156c3294c1_0.004140275140080664.h5,D:\3d-grasp-pose-estimation\dataset\grasps\Speaker_dd6959f8f97f2b09581600156c3294c1_0.004140275140080664.h5,Speaker,dd6959f8f97f2b09581600156c3294c1,0.9573755494,0.0041402751,meshes/Speaker/dd6959f8f97f2b09581600156c3294c1.obj,2000,0.0,0.0,0.0,True
Speaker_e2603611f6d3c661b9b2b9d5b2804865_0.0027698827456008423.h5,D:\3d-grasp-pose-estimation\dataset\grasps\Speaker_e2603611f6d3c661b9b2b9d5b2804865_0.0027698827456008423.h5,Speaker,e2603611f6d3c661b9b2b9d5b2804865,0.1550083587,0.0027698827,meshes/Speaker/e2603611f6d3c661b9b2b9d5b2804865.obj,2000,0.5635,0.5418862460897137,0.9934143442310708,True
Speaker_e40e7c3dea88a733eb15975241f6a53c_0.003341144789365211.h5,D:\3d-grasp-pose-estimation\dataset\grasps\Speaker_e40e7c3dea88a733eb15975241f6a53c_0.003341144789365211.h5,Speaker,e40e7c3dea88a733eb15975241f6a53c,0.247561667,0.0033411448,meshes/Speaker/e40e7c3dea88a733eb15975241f6a53c.obj,2000,0.2035,0.1643426712417648,0.9434348638265974,True
Speaker_e52b613167c90776b6ae7f9d71d5418f_0.004239582416453305.h5,D:\3d-grasp-pose-estimation\dataset\grasps\Speaker_e52b613167c90776b6ae7f9d71d5418f_0.004239582416453305.h5,Speaker,e52b613167c90776b6ae7f9d71d5418f,0.0093854928,0.0042395824,meshes/Speaker/e52b613167c90776b6ae7f9d71d5418f.obj,2000,0.872,0.3898861165068043,0.9324679555351434,True
Speaker_e5c1a7e9bb2dd0d65a31d91ec836a511_0.01780177461776963.h5,D:\3d-grasp-pose-estimation\dataset\grasps\Speaker_e5c1a7e9bb2dd0d65a31d91ec836a511_0.01780177461776963.h5,Speaker,e5c1a7e9bb2dd0d65a31d91ec836a511,0.798881608,0.0178017746,meshes/Speaker/e5c1a7e9bb2dd0d65a31d91ec836a511.obj,2000,0.0,0.0,0.0,False
Speaker_ea944f309ec70895c9fff209a296912_0.004767936287833043.h5,D:\3d-grasp-pose-estimation\dataset\grasps\Speaker_ea944f309ec70895c9fff209a296912_0.004767936287833043.h5,Speaker,ea944f309ec70895c9fff209a296912,1.4390743588,0.0047679363,meshes/Speaker/ea944f309ec70895c9fff209a296912.obj,2000,0.0,0.0,0.0,True
Speaker_eb2545337b85fb987695b38431695f3_0.004610445317900029.h5,D:\3d-grasp-pose-estimation\dataset\grasps\Speaker_eb2545337b85fb987695b38431695f3_0.004610445317900029.h5,Speaker,eb2545337b85fb987695b38431695f3,0.0255557533,0.0046104453,meshes/Speaker/eb2545337b85fb987695b38431695f3.obj,2000,0.1495,0.1187323187676234,0.9809905187052615,True
Speaker_eb9de225b5d502c1278fe505f40d50be_3.532368147989696e-05.h5,D:\3d-grasp-pose-estimation\dataset\grasps\Speaker_eb9de225b5d502c1278fe505f40d50be_3.532368147989696e-05.h5,Speaker,eb9de225b5d502c1278fe505f40d50be,0.4456537717,3.53237e-05,meshes/Speaker/eb9de225b5d502c1278fe505f40d50be.obj,2000,0.076,0.047426048214637,0.872089275715379,True
Speaker_ec84cf3a6c608c74c863fbadc2cb298b_0.00908476178365133.h5,D:\3d-grasp-pose-estimation\dataset\grasps\Speaker_ec84cf3a6c608c74c863fbadc2cb298b_0.00908476178365133.h5,Speaker,ec84cf3a6c608c74c863fbadc2cb298b,0.5044491236,0.0090847618,meshes/Speaker/ec84cf3a6c608c74c863fbadc2cb298b.obj,2000,0.0,0.0,0.0,True
Speaker_fe13f67712bc5e4a1b02cde7e81f0fc3_0.026175882032961853.h5,D:\3d-grasp-pose-estimation\dataset\grasps\Speaker_fe13f67712bc5e4a1b02cde7e81f0fc3_0.026175882032961853.h5,Speaker,fe13f67712bc5e4a1b02cde7e81f0fc3,0.4109550592,0.026175882,meshes/Speaker/fe13f67712bc5e4a1b02cde7e81f0fc3.obj,2000,0.0645,0.0482723930545159,0.9120943929839536,False
Stapler_1324cdd76d94a6cec7a3afc566c84174_0.04860489400984696.h5,D:\3d-grasp-pose-estimation\dataset\grasps\Stapler_1324cdd76d94a6cec7a3afc566c84174_0.04860489400984696.h5,Stapler,1324cdd76d94a6cec7a3afc566c84174,1.4462123896,0.048604894,meshes/Stapler/1324cdd76d94a6cec7a3afc566c84174.obj,2000,0.161,0.1013614767122552,0.8395585059136684,False
Stapler_1a4daa4904bb4a0949684e7f0bb99f9c_0.00040353195213810913.h5,D:\3d-grasp-pose-estimation\dataset\grasps\Stapler_1a4daa4904bb4a0949684e7f0bb99f9c_0.00040353195213810913.h5,Stapler,1a4daa4904bb4a0949684e7f0bb99f9c,0.0777893821,0.000403532,meshes/Stapler/1a4daa4904bb4a0949684e7f0bb99f9c.obj,2000,0.6565,0.5267040848352276,0.9873933816236306,True
Stapler_20c5096ea98cc955920de219c00d1c3b_0.07168306085026194.h5,D:\3d-grasp-pose-estimation\dataset\grasps\Stapler_20c5096ea98cc955920de219c00d1c3b_0.07168306085026194.h5,Stapler,20c5096ea98cc955920de219c00d1c3b,0.059125148,0.0716830609,meshes/Stapler/20c5096ea98cc955920de219c00d1c3b.obj,2000,0.6945,0.5341300094177661,0.972964751026073,False
Stapler_277d71a934d2560bd8c1a9f93afff81e_0.024197328396726343.h5,D:\3d-grasp-pose-estimation\dataset\grasps\Stapler_277d71a934d2560bd8c1a9f93afff81e_0.024197328396726343.h5,Stapler,277d71a934d2560bd8c1a9f93afff81e,0.017454718,0.0241973284,meshes/Stapler/277d71a934d2560bd8c1a9f93afff81e.obj,2000,0.543,0.4012918233152769,0.967202050339115,False
Stapler_31138325cfdf65f7dc0a8ae190d19bd8_0.00035688930692690543.h5,D:\3d-grasp-pose-estimation\dataset\grasps\Stapler_31138325cfdf65f7dc0a8ae190d19bd8_0.00035688930692690543.h5,Stapler,31138325cfdf65f7dc0a8ae190d19bd8,0.0118707372,0.0003568893,meshes/Stapler/31138325cfdf65f7dc0a8ae190d19bd8.obj,2000,0.7915,0.5400311084956695,0.9606036325135492,True
Stapler_31138325cfdf65f7dc0a8ae190d19bd8_0.0004945649715842332.h5,D:\3d-grasp-pose-estimation\dataset\grasps\Stapler_31138325cfdf65f7dc0a8ae190d19bd8_0.0004945649715842332.h5,Stapler,31138325cfdf65f7dc0a8ae190d19bd8,0.0315898194,0.000494565,meshes/Stapler/31138325cfdf65f7dc0a8ae190d19bd8.obj,2000,0.7335,0.5108868572428605,0.9647569530466452,True
Stapler_376eb047b40ef4f6a480e3d8fdbd4a92_0.02735585519008332.h5,D:\3d-grasp-pose-estimation\dataset\grasps\Stapler_376eb047b40ef4f6a480e3d8fdbd4a92_0.02735585519008332.h5,Stapler,376eb047b40ef4f6a480e3d8fdbd4a92,0.0562276424,0.0273558552,meshes/Stapler/376eb047b40ef4f6a480e3d8fdbd4a92.obj,2000,0.6465,0.500801512470328,0.9760753216912706,False
Stapler_396ada0ab0cd4bba5f16c469ffeb982e_0.00044494768228882104.h5,D:\3d-grasp-pose-estimation\dataset\grasps\Stapler_396ada0ab0cd4bba5f16c469ffeb982e_0.00044494768228882104.h5,Stapler,396ada0ab0cd4bba5f16c469ffeb982e,0.0053718187,0.0004449477,meshes/Stapler/396ada0ab0cd4bba5f16c469ffeb982e.obj,2000,0.578,0.3933694198609773,0.963359075314112,True
Stapler_471b51bcbbce70c22f81cb887dc35578_0.027465127809084763.h5,D:\3d-grasp-pose-estimation\dataset\grasps\Stapler_471b51bcbbce70c22f81cb887dc35578_0.027465127809084763.h5,Stapler,471b51bcbbce70c22f81cb887dc35578,0.0386764538,0.0274651278,meshes/Stapler/471b51bcbbce70c22f81cb887dc35578.obj,2000,0.8285,0.5303467832059737,0.9643556623106676,False
Stapler_4dbb5a6cd26d13067964ba700cd97f5_0.00029643774305193225.h5,D:\3d-grasp-pose-estimation\dataset\grasps\Stapler_4dbb5a6cd26d13067964ba700cd97f5_0.00029643774305193225.h5,Stapler,4dbb5a6cd26d13067964ba700cd97f5,0.011215966,0.0002964377,meshes/Stapler/4dbb5a6cd26d13067964ba700cd97f5.obj,2000,0.742,0.511506789456495,0.9506836454146406,True
Stapler_4e89486413a767511b4363a46debc223_0.0018151107786998396.h5,D:\3d-grasp-pose-estimation\dataset\grasps\Stapler_4e89486413a767511b4363a46debc223_0.0018151107786998396.h5,Stapler,4e89486413a767511b4363a46debc223,0.0341589236,0.0018151108,meshes/Stapler/4e89486413a767511b4363a46debc223.obj,2000,0.662,0.4985061471872627,0.9743266216351092,True
Stapler_586f90ea05f62bd36379618f01f885e3_0.05955377320404847.h5,D:\3d-grasp-pose-estimation\dataset\grasps\Stapler_586f90ea05f62bd36379618f01f885e3_0.05955377320404847.h5,Stapler,586f90ea05f62bd36379618f01f885e3,0.0828927289,0.0595537732,meshes/Stapler/586f90ea05f62bd36379618f01f885e3.obj,2000,0.6615,0.5157103479993943,0.9829227139668854,False
Stapler_58a427e5201aa43be00ace8e7c1a5eeb_0.04753355620279188.h5,D:\3d-grasp-pose-estimation\dataset\grasps\Stapler_58a427e5201aa43be00ace8e7c1a5eeb_0.04753355620279188.h5,Stapler,58a427e5201aa43be00ace8e7c1a5eeb,0.2689447184,0.0475335562,meshes/Stapler/58a427e5201aa43be00ace8e7c1a5eeb.obj,2000,0.483,0.3644923325845563,0.9668170475670326,False
Stapler_6aedeceedd68c20326373299cfdd658_0.0026516709082603554.h5,D:\3d-grasp-pose-estimation\dataset\grasps\Stapler_6aedeceedd68c20326373299cfdd658_0.0026516709082603554.h5,Stapler,6aedeceedd68c20326373299cfdd658,0.0233435414,0.0026516709,meshes/Stapler/6aedeceedd68c20326373299cfdd658.obj,2000,0.785,0.4934075317547707,0.91740569049488,True
Stapler_6aedeceedd68c20326373299cfdd658_0.00289543658577976.h5,D:\3d-grasp-pose-estimation\dataset\grasps\Stapler_6aedeceedd68c20326373299cfdd658_0.00289543658577976.h5,Stapler,6aedeceedd68c20326373299cfdd658,0.0303913536,0.0028954366,meshes/Stapler/6aedeceedd68c20326373299cfdd658.obj,2000,0.765,0.4915575850015903,0.9445467589291776,True
Stapler_83fd0b145f76fb012f81cb887dc35578_0.046262966087967566.h5,D:\3d-grasp-pose-estimation\dataset\grasps\Stapler_83fd0b145f76fb012f81cb887dc35578_0.046262966087967566.h5,Stapler,83fd0b145f76fb012f81cb887dc35578,0.1849659596,0.0462629661,meshes/Stapler/83fd0b145f76fb012f81cb887dc35578.obj,2000,0.784,0.3647607313524672,0.959759157226649,False
Stapler_83fd0b145f76fb012f81cb887dc35578_0.049364475456998534.h5,D:\3d-grasp-pose-estimation\dataset\grasps\Stapler_83fd0b145f76fb012f81cb887dc35578_0.049364475456998534.h5,Stapler,83fd0b145f76fb012f81cb887dc35578,0.2247165037,0.0493644755,meshes/Stapler/83fd0b145f76fb012f81cb887dc35578.obj,2000,0.724,0.2860123750553815,0.9525623381911676,False
Stapler_88ac7b2b3050f1f861f7b52424be58ab_0.0023045447276773016.h5,D:\3d-grasp-pose-estimation\dataset\grasps\Stapler_88ac7b2b3050f1f861f7b52424be58ab_0.0023045447276773016.h5,Stapler,88ac7b2b3050f1f861f7b52424be58ab,0.0718494357,0.0023045447,meshes/Stapler/88ac7b2b3050f1f861f7b52424be58ab.obj,2000,0.7095,0.5491813797651092,0.9832480544241332,True
Stapler_8d152be34b41785677937146265c551a_0.03857039320265053.h5,D:\3d-grasp-pose-estimation\dataset\grasps\Stapler_8d152be34b41785677937146265c551a_0.03857039320265053.h5,Stapler,8d152be34b41785677937146265c551a,0.134597547,0.0385703932,meshes/Stapler/8d152be34b41785677937146265c551a.obj,2000,0.728,0.5702847803893116,0.9950199669697558,False
Stapler_94f8710a6b0eb800bb684e59cc21109c_0.0002897407701623742.h5,D:\3d-grasp-pose-estimation\dataset\grasps\Stapler_94f8710a6b0eb800bb684e59cc21109c_0.0002897407701623742.h5,Stapler,94f8710a6b0eb800bb684e59cc21109c,0.0365427552,0.0002897408,meshes/Stapler/94f8710a6b0eb800bb684e59cc21109c.obj,2000,0.802,0.5943176729476403,0.9650739193453152,True
Stapler_988004d506b3b75e5e40cf2ee4f6ead_0.028202879697420767.h5,D:\3d-grasp-pose-estimation\dataset\grasps\Stapler_988004d506b3b75e5e40cf2ee4f6ead_0.028202879697420767.h5,Stapler,988004d506b3b75e5e40cf2ee4f6ead,0.0311445811,0.0282028797,meshes/Stapler/988004d506b3b75e5e40cf2ee4f6ead.obj,2000,0.7695,0.5721945856755558,0.9680814469009,False
Stapler_9a92d1c8ff58b7895eec2fc908a2aeaf_0.0007356356717890567.h5,D:\3d-grasp-pose-estimation\dataset\grasps\Stapler_9a92d1c8ff58b7895eec2fc908a2aeaf_0.0007356356717890567.h5,Stapler,9a92d1c8ff58b7895eec2fc908a2aeaf,0.1222951501,0.0007356357,meshes/Stapler/9a92d1c8ff58b7895eec2fc908a2aeaf.obj,2000,0.7065,0.5450817639747785,0.9896025270610436,True
Stapler_9a92d1c8ff58b7895eec2fc908a2aeaf_0.0007671810877331898.h5,D:\3d-grasp-pose-estimation\dataset\grasps\Stapler_9a92d1c8ff58b7895eec2fc908a2aeaf_0.0007671810877331898.h5,Stapler,9a92d1c8ff58b7895eec2fc908a2aeaf,0.1387121673,0.0007671811,meshes/Stapler/9a92d1c8ff58b7895eec2fc908a2aeaf.obj,2000,0.704,0.5482821019650881,0.981590149254228,True
Stapler_a5cafa3a913187dd8f9dd7647048a0c_0.00037350091430689866.h5,D:\3d-grasp-pose-estimation\dataset\grasps\Stapler_a5cafa3a913187dd8f9dd7647048a0c_0.00037350091430689866.h5,Stapler,a5cafa3a913187dd8f9dd7647048a0c,0.0222967037,0.0003735009,meshes/Stapler/a5cafa3a913187dd8f9dd7647048a0c.obj,2000,0.795,0.555688594793422,0.95816766396716,True
Stapler_b3188e51216de8cce2e4961161b75547_0.001492657152455461.h5,D:\3d-grasp-pose-estimation\dataset\grasps\Stapler_b3188e51216de8cce2e4961161b75547_0.001492657152455461.h5,Stapler,b3188e51216de8cce2e4961161b75547,0.1634557525,0.0014926572,meshes/Stapler/b3188e51216de8cce2e4961161b75547.obj,2000,0.615,0.4831173244391915,0.9909572939065976,True
Stapler_b5fc0f0125873b3d4db629c0c07799a3_0.0015928690119586671.h5,D:\3d-grasp-pose-estimation\dataset\grasps\Stapler_b5fc0f0125873b3d4db629c0c07799a3_0.0015928690119586671.h5,Stapler,b5fc0f0125873b3d4db629c0c07799a3,0.1116227208,0.001592869,meshes/Stapler/b5fc0f0125873b3d4db629c0c07799a3.obj,2000,0.36,0.278861735971439,0.986642187979479,True
Stapler_bb5cbbd9bbfdeb1e3da4864947d731aa_0.016339317522786962.h5,D:\3d-grasp-pose-estimation\dataset\grasps\Stapler_bb5cbbd9bbfdeb1e3da4864947d731aa_0.016339317522786962.h5,Stapler,bb5cbbd9bbfdeb1e3da4864947d731aa,0.0099900159,0.0163393175,meshes/Stapler/bb5cbbd9bbfdeb1e3da4864947d731aa.obj,2000,0.913,0.6342004323320134,0.9574963329362638,False
Stapler_caf969330183ff8f4e08ba22112c59b1_0.016766658018602155.h5,D:\3d-grasp-pose-estimation\dataset\grasps\Stapler_caf969330183ff8f4e08ba22112c59b1_0.016766658018602155.h5,Stapler,caf969330183ff8f4e08ba22112c59b1,0.0036192177,0.016766658,meshes/Stapler/caf969330183ff8f4e08ba22112c59b1.obj,2000,0.701,0.4277688178458665,0.9131217705656008,False
Stapler_cd982888f54abe47c3459f09a171783f_0.039928784289596835.h5,D:\3d-grasp-pose-estimation\dataset\grasps\Stapler_cd982888f54abe47c3459f09a171783f_0.039928784289596835.h5,Stapler,cd982888f54abe47c3459f09a171783f,0.0363939964,0.0399287843,meshes/Stapler/cd982888f54abe47c3459f09a171783f.obj,2000,0.42,0.3220784059446787,0.964384414008234,False
Stapler_cf002585ca227c40781bd00f454a6a39_0.0442754117993193.h5,D:\3d-grasp-pose-estimation\dataset\grasps\Stapler_cf002585ca227c40781bd00f454a6a39_0.0442754117993193.h5,Stapler,cf002585ca227c40781bd00f454a6a39,0.166308421,0.0442754118,meshes/Stapler/cf002585ca227c40781bd00f454a6a39.obj,2000,0.665,0.5168360479734967,0.9816290497874778,False
Stapler_d294455c46b7cb6f31fd93e535713515_0.033645086695883474.h5,D:\3d-grasp-pose-estimation\dataset\grasps\Stapler_d294455c46b7cb6f31fd93e535713515_0.033645086695883474.h5,Stapler,d294455c46b7cb6f31fd93e535713515,0.0723887472,0.0336450867,meshes/Stapler/d294455c46b7cb6f31fd93e535713515.obj,2000,0.7675,0.588747293714617,0.981525588696573,False
Stapler_d5bf98bf95aa2148feade703f360c921_0.06951822528822363.h5,D:\3d-grasp-pose-estimation\dataset\grasps\Stapler_d5bf98bf95aa2148feade703f360c921_0.06951822528822363.h5,Stapler,d5bf98bf95aa2148feade703f360c921,0.2656994612,0.0695182253,meshes/Stapler/d5bf98bf95aa2148feade703f360c921.obj,2000,0.7245,0.5916595124131727,0.9889163769140678,False
Stapler_d9378f9a4a7d6514602a101aa41a6f48_0.01577028403432384.h5,D:\3d-grasp-pose-estimation\dataset\grasps\Stapler_d9378f9a4a7d6514602a101aa41a6f48_0.01577028403432384.h5,Stapler,d9378f9a4a7d6514602a101aa41a6f48,0.0071160426,0.015770284,meshes/Stapler/d9378f9a4a7d6514602a101aa41a6f48.obj,2000,0.792,0.5167929475255669,0.964939749667075,False
Stapler_dbd993a1e538ad05a465092f77585928_0.02153049821978745.h5,D:\3d-grasp-pose-estimation\dataset\grasps\Stapler_dbd993a1e538ad05a465092f77585928_0.02153049821978745.h5,Stapler,dbd993a1e538ad05a465092f77585928,0.0191194369,0.0215304982,meshes/Stapler/dbd993a1e538ad05a465092f77585928.obj,2000,0.7775,0.5512367496683428,0.9528237390659292,False
Stapler_eb6646d3590c467f1cf3fe6240494178_0.0006882589103353552.h5,D:\3d-grasp-pose-estimation\dataset\grasps\Stapler_eb6646d3590c467f1cf3fe6240494178_0.0006882589103353552.h5,Stapler,eb6646d3590c467f1cf3fe6240494178,0.0224218523,0.0006882589,meshes/Stapler/eb6646d3590c467f1cf3fe6240494178.obj,2000,0.7505,0.5342359647022069,0.964589573464078,True
Stapler_eb6646d3590c467f1cf3fe6240494178_0.0009943873410960652.h5,D:\3d-grasp-pose-estimation\dataset\grasps\Stapler_eb6646d3590c467f1cf3fe6240494178_0.0009943873410960652.h5,Stapler,eb6646d3590c467f1cf3fe6240494178,0.0676211763,0.0009943873,meshes/Stapler/eb6646d3590c467f1cf3fe6240494178.obj,2000,0.754,0.5761306128608551,0.9758932557929318,True
Stapler_f39912a4f0516fb897371d1e7cc637f3_0.0022093199091405558.h5,D:\3d-grasp-pose-estimation\dataset\grasps\Stapler_f39912a4f0516fb897371d1e7cc637f3_0.0022093199091405558.h5,Stapler,f39912a4f0516fb897371d1e7cc637f3,0.0069442451,0.0022093199,meshes/Stapler/f39912a4f0516fb897371d1e7cc637f3.obj,2000,0.5205,0.3310232480766136,0.9125064717571032,True
Stapler_f39912a4f0516fb897371d1e7cc637f3_0.0022878721645363267.h5,D:\3d-grasp-pose-estimation\dataset\grasps\Stapler_f39912a4f0516fb897371d1e7cc637f3_0.0022878721645363267.h5,Stapler,f39912a4f0516fb897371d1e7cc637f3,0.0077115998,0.0022878722,meshes/Stapler/f39912a4f0516fb897371d1e7cc637f3.obj,2000,0.564,0.3596967998627198,0.9576329455035076,True
ToyFigure_12ddd9e1fa8912ae1bfccceeaa1b7669_0.0010302975856607917.h5,D:\3d-grasp-pose-estimation\dataset\grasps\ToyFigure_12ddd9e1fa8912ae1bfccceeaa1b7669_0.0010302975856607917.h5,ToyFigure,12ddd9e1fa8912ae1bfccceeaa1b7669,0.1079885015,0.0010302976,meshes/ToyFigure/12ddd9e1fa8912ae1bfccceeaa1b7669.obj,2000,0.8885,0.6427583762077891,0.982546461369738,True
ToyFigure_14e4cb9d8fd5c29f60467dddaf5cfe3f_0.0010536210050403542.h5,D:\3d-grasp-pose-estimation\dataset\grasps\ToyFigure_14e4cb9d8fd5c29f60467dddaf5cfe3f_0.0010536210050403542.h5,ToyFigure,14e4cb9d8fd5c29f60467dddaf5cfe3f,0.083118673,0.001053621,meshes/ToyFigure/14e4cb9d8fd5c29f60467dddaf5cfe3f.obj,2000,0.5955,0.4080467545585514,0.972521209206312,True
ToyFigure_1a5327b328cd97d084c3569473be6c23_0.0008764247229978067.h5,D:\3d-grasp-pose-estimation\dataset\grasps\ToyFigure_1a5327b328cd97d084c3569473be6c23_0.0008764247229978067.h5,ToyFigure,1a5327b328cd97d084c3569473be6c23,0.0678312292,0.0008764247,meshes/ToyFigure/1a5327b328cd97d084c3569473be6c23.obj,2000,0.6415,0.4604785795234751,0.974335391924106,True
ToyFigure_1c71617b336d49e7df8911934be85fa6_0.00032213824872376584.h5,D:\3d-grasp-pose-estimation\dataset\grasps\ToyFigure_1c71617b336d49e7df8911934be85fa6_0.00032213824872376584.h5,ToyFigure,1c71617b336d49e7df8911934be85fa6,0.0844530669,0.0003221382,meshes/ToyFigure/1c71617b336d49e7df8911934be85fa6.obj,2000,0.4715,0.3573428160505009,0.951332682270768,True
ToyFigure_1e23d88e517b711567ff608a5fbe6aa8_0.002815729451914353.h5,D:\3d-grasp-pose-estimation\dataset\grasps\ToyFigure_1e23d88e517b711567ff608a5fbe6aa8_0.002815729451914353.h5,ToyFigure,1e23d88e517b711567ff608a5fbe6aa8,0.0195618154,0.0028157295,meshes/ToyFigure/1e23d88e517b711567ff608a5fbe6aa8.obj,2000,0.6445,0.4740729505354257,0.9555340127233232,True
ToyFigure_21272fcb242e4e85a4312dac0c0f355c_0.014739371666500902.h5,D:\3d-grasp-pose-estimation\dataset\grasps\ToyFigure_21272fcb242e4e85a4312dac0c0f355c_0.014739371666500902.h5,ToyFigure,21272fcb242e4e85a4312dac0c0f355c,0.0980297093,0.0147393717,meshes/ToyFigure/21272fcb242e4e85a4312dac0c0f355c.obj,2000,0.9555,0.7069485628996369,0.9804533783119244,False
ToyFigure_215e4b59683247378a3e8bd3a4e48433_1.8235900865525665e-05.h5,D:\3d-grasp-pose-estimation\dataset\grasps\ToyFigure_215e4b59683247378a3e8bd3a4e48433_1.8235900865525665e-05.h5,ToyFigure,215e4b59683247378a3e8bd3a4e48433,0.010751463,1.82359e-05,meshes/ToyFigure/215e4b59683247378a3e8bd3a4e48433.obj,2000,0.79,0.5623229635155014,0.9927758512553032,True
ToyFigure_215e4b59683247378a3e8bd3a4e48433_9.088199159883367e-06.h5,D:\3d-grasp-pose-estimation\dataset\grasps\ToyFigure_215e4b59683247378a3e8bd3a4e48433_9.088199159883367e-06.h5,ToyFigure,215e4b59683247378a3e8bd3a4e48433,0.0013308203,9.0882e-06,meshes/ToyFigure/215e4b59683247378a3e8bd3a4e48433.obj,2000,0.8955,0.5609342042436258,0.9790827768766897,True
ToyFigure_2180c4770b8c4fce951b9c885c695a12_0.01040561201560998.h5,D:\3d-grasp-pose-estimation\dataset\grasps\ToyFigure_2180c4770b8c4fce951b9c885c695a12_0.01040561201560998.h5,ToyFigure,2180c4770b8c4fce951b9c885c695a12,2.1961026407,0.010405612,meshes/ToyFigure/2180c4770b8c4fce951b9c885c695a12.obj,2000,0.013,0.0113882202250484,0.9088165655105748,False
ToyFigure_2936cf91218a53dee04e4d5188c661b9_0.004047202464239121.h5,D:\3d-grasp-pose-estimation\dataset\grasps\ToyFigure_2936cf91218a53dee04e4d5188c661b9_0.004047202464239121.h5,ToyFigure,2936cf91218a53dee04e4d5188c661b9,0.4098879563,0.0040472025,meshes/ToyFigure/2936cf91218a53dee04e4d5188c661b9.obj,2000,0.017,0.0155565674150335,0.966847711651462,True
ToyFigure_29a37eb86f4677163f6b1b708c713b4a_0.00033487859521851173.h5,D:\3d-grasp-pose-estimation\dataset\grasps\ToyFigure_29a37eb86f4677163f6b1b708c713b4a_0.00033487859521851173.h5,ToyFigure,29a37eb86f4677163f6b1b708c713b4a,0.0315084395,0.0003348786,meshes/ToyFigure/29a37eb86f4677163f6b1b708c713b4a.obj,2000,0.28,0.1952126388400175,0.9659571315712294,True
ToyFigure_2acb67458c17af08c4b494041bc63422_0.014031278781766127.h5,D:\3d-grasp-pose-estimation\dataset\grasps\ToyFigure_2acb67458c17af08c4b494041bc63422_0.014031278781766127.h5,ToyFigure,2acb67458c17af08c4b494041bc63422,0.7975149201,0.0140312788,meshes/ToyFigure/2acb67458c17af08c4b494041bc63422.obj,2000,0.353,0.2364564082362819,0.9341064220208516,False
ToyFigure_2cd9ec4e736d25ed57ecc706f7088340_0.004519979952691972.h5,D:\3d-grasp-pose-estimation\dataset\grasps\ToyFigure_2cd9ec4e736d25ed57ecc706f7088340_0.004519979952691972.h5,ToyFigure,2cd9ec4e736d25ed57ecc706f7088340,0.1147604614,0.00451998,meshes/ToyFigure/2cd9ec4e736d25ed57ecc706f7088340.obj,2000,0.4565,0.3067489610974042,0.9604574320712136,True
ToyFigure_2daedbac8e1ee36f57467549cdfd9eb3_7.680178891708201e-05.h5,D:\3d-grasp-pose-estimation\dataset\grasps\ToyFigure_2daedbac8e1ee36f57467549cdfd9eb3_7.680178891708201e-05.h5,ToyFigure,2daedbac8e1ee36f57467549cdfd9eb3,0.0034619299,7.68018e-05,meshes/ToyFigure/2daedbac8e1ee36f57467549cdfd9eb3.obj,2000,0.7335,0.4750144722787971,0.9668639231952226,True
ToyFigure_2e64972982a073ff8359e487c70b625e_0.005993418308454525.h5,D:\3d-grasp-pose-estimation\dataset\grasps\ToyFigure_2e64972982a073ff8359e487c70b625e_0.005993418308454525.h5,ToyFigure,2e64972982a073ff8359e487c70b625e,0.0407587234,0.0059934183,meshes/ToyFigure/2e64972982a073ff8359e487c70b625e.obj,2000,0.8215,0.5843410692201175,0.9732773972421191,True
ToyFigure_3088a06a2a41238fedcf241999f58538_0.013651221757681378.h5,D:\3d-grasp-pose-estimation\dataset\grasps\ToyFigure_3088a06a2a41238fedcf241999f58538_0.013651221757681378.h5,ToyFigure,3088a06a2a41238fedcf241999f58538,0.3029993523,0.0136512218,meshes/ToyFigure/3088a06a2a41238fedcf241999f58538.obj,2000,0.249,0.1932931242062018,0.973174839276265,False
ToyFigure_312b9ddf2e3d343277e21aa92afd81b0_0.00015363992253129814.h5,D:\3d-grasp-pose-estimation\dataset\grasps\ToyFigure_312b9ddf2e3d343277e21aa92afd81b0_0.00015363992253129814.h5,ToyFigure,312b9ddf2e3d343277e21aa92afd81b0,0.0356955702,0.0001536399,meshes/ToyFigure/312b9ddf2e3d343277e21aa92afd81b0.obj,2000,0.51,0.3499469864256136,0.9458321780682494,True
ToyFigure_31fb6849b47dd54c9c184d4625d13a0d_0.0005572450067212244.h5,D:\3d-grasp-pose-estimation\dataset\grasps\ToyFigure_31fb6849b47dd54c9c184d4625d13a0d_0.0005572450067212244.h5,ToyFigure,31fb6849b47dd54c9c184d4625d13a0d,0.030922976,0.000557245,meshes/ToyFigure/31fb6849b47dd54c9c184d4625d13a0d.obj,2000,0.6185,0.4517609567871275,0.9629796999375074,True
ToyFigure_32661bba4a8063095093b263e7c69565_4.3585889664706045e-05.h5,D:\3d-grasp-pose-estimation\dataset\grasps\ToyFigure_32661bba4a8063095093b263e7c69565_4.3585889664706045e-05.h5,ToyFigure,32661bba4a8063095093b263e7c69565,0.0010361006,4.35859e-05,meshes/ToyFigure/32661bba4a8063095093b263e7c69565.obj,2000,0.7015,0.3731683215415824,0.95956068656438,True
ToyFigure_32945407f26e7f43a21a4bc1981e6172_0.0003834348260227557.h5,D:\3d-grasp-pose-estimation\dataset\grasps\ToyFigure_32945407f26e7f43a21a4bc1981e6172_0.0003834348260227557.h5,ToyFigure,32945407f26e7f43a21a4bc1981e6172,0.0624016965,0.0003834348,meshes/ToyFigure/32945407f26e7f43a21a4bc1981e6172.obj,2000,0.431,0.3102262823879852,0.982619601123776,True
ToyFigure_36b13c92d0d23f1433eddc4ad251356e_0.001151508720064453.h5,D:\3d-grasp-pose-estimation\dataset\grasps\ToyFigure_36b13c92d0d23f1433eddc4ad251356e_0.001151508720064453.h5,ToyFigure,36b13c92d0d23f1433eddc4ad251356e,0.0008754711,0.0011515087,meshes/ToyFigure/36b13c92d0d23f1433eddc4ad251356e.obj,2000,0.8215,0.4252707883598768,0.8555089383569779,True
ToyFigure_394b6bd7d7f7738b488072a798e5d5_0.01373578920452104.h5,D:\3d-grasp-pose-estimation\dataset\grasps\ToyFigure_394b6bd7d7f7738b488072a798e5d5_0.01373578920452104.h5,ToyFigure,394b6bd7d7f7738b488072a798e5d5,0.0739334396,0.0137357892,meshes/ToyFigure/394b6bd7d7f7738b488072a798e5d5.obj,2000,0.274,0.1861637632039444,0.9404431024108972,False
ToyFigure_3ba8803f914ac8d767ff608a5fbe6aa8_0.0034366994172005437.h5,D:\3d-grasp-pose-estimation\dataset\grasps\ToyFigure_3ba8803f914ac8d767ff608a5fbe6aa8_0.0034366994172005437.h5,ToyFigure,3ba8803f914ac8d767ff608a5fbe6aa8,0.0298919577,0.0034366994,meshes/ToyFigure/3ba8803f914ac8d767ff608a5fbe6aa8.obj,2000,0.4495,0.3182923614382438,0.9646237869286532,True
ToyFigure_3f76a67b083d2a045136774b39da07bf_0.0028961239594006752.h5,D:\3d-grasp-pose-estimation\dataset\grasps\ToyFigure_3f76a67b083d2a045136774b39da07bf_0.0028961239594006752.h5,ToyFigure,3f76a67b083d2a045136774b39da07bf,0.0618463468,0.002896124,meshes/ToyFigure/3f76a67b083d2a045136774b39da07bf.obj,2000,0.406,0.3341057081841562,0.9776619726519596,True
ToyFigure_427528aa930e859db9df0ee87726d245_0.005905343729012331.h5,D:\3d-grasp-pose-estimation\dataset\grasps\ToyFigure_427528aa930e859db9df0ee87726d245_0.005905343729012331.h5,ToyFigure,427528aa930e859db9df0ee87726d245,0.0192769305,0.0059053437,meshes/ToyFigure/427528aa930e859db9df0ee87726d245.obj,2000,0.489,0.3592306143903143,0.9723898330469828,True
ToyFigure_47204f6aaa776c7bf8208b6313b1ffa0_0.006893441145943046.h5,D:\3d-grasp-pose-estimation\dataset\grasps\ToyFigure_47204f6aaa776c7bf8208b6313b1ffa0_0.006893441145943046.h5,ToyFigure,47204f6aaa776c7bf8208b6313b1ffa0,0.5709618834,0.0068934411,meshes/ToyFigure/47204f6aaa776c7bf8208b6313b1ffa0.obj,2000,0.208,0.1593091937348197,0.9517558982095028,True
ToyFigure_47337e2941a1f64c1b62ac564eb0516b_0.00028966991039364284.h5,D:\3d-grasp-pose-estimation\dataset\grasps\ToyFigure_47337e2941a1f64c1b62ac564eb0516b_0.00028966991039364284.h5,ToyFigure,47337e2941a1f64c1b62ac564eb0516b,0.6146161757,0.0002896699,meshes/ToyFigure/47337e2941a1f64c1b62ac564eb0516b.obj,2000,0.089,0.0685936561780868,0.9309950339215252,True
ToyFigure_490eccfb156a6c476495fceb80f2efd3_0.01955540020159673.h5,D:\3d-grasp-pose-estimation\dataset\grasps\ToyFigure_490eccfb156a6c476495fceb80f2efd3_0.01955540020159673.h5,ToyFigure,490eccfb156a6c476495fceb80f2efd3,0.4411437423,0.0195554002,meshes/ToyFigure/490eccfb156a6c476495fceb80f2efd3.obj,2000,0.3785,0.3037398826593097,0.9593832172639392,False
ToyFigure_50c9c9392ae7403c648c1a69840a0330_0.0006645357452808431.h5,D:\3d-grasp-pose-estimation\dataset\grasps\ToyFigure_50c9c9392ae7403c648c1a69840a0330_0.0006645357452808431.h5,ToyFigure,50c9c9392ae7403c648c1a69840a0330,0.0998760483,0.0006645357,meshes/ToyFigure/50c9c9392ae7403c648c1a69840a0330.obj,2000,0.7725,0.6030615517329938,0.9888064391938588,True
ToyFigure_5849956e579b006674c7221f16c9f5a2_0.0003569692741275538.h5,D:\3d-grasp-pose-estimation\dataset\grasps\ToyFigure_5849956e579b006674c7221f16c9f5a2_0.0003569692741275538.h5,ToyFigure,5849956e579b006674c7221f16c9f5a2,0.0201241734,0.0003569693,meshes/ToyFigure/5849956e579b006674c7221f16c9f5a2.obj,2000,0.514,0.3460171984866406,0.93117585525173,True
ToyFigure_5908022a1e5b8ec3adf5ea2911b3df77_0.0020038248281273124.h5,D:\3d-grasp-pose-estimation\dataset\grasps\ToyFigure_5908022a1e5b8ec3adf5ea2911b3df77_0.0020038248281273124.h5,ToyFigure,5908022a1e5b8ec3adf5ea2911b3df77,0.1549527651,0.0020038248,meshes/ToyFigure/5908022a1e5b8ec3adf5ea2911b3df77.obj,2000,0.2555,0.2095305379804925,0.9864554900241654,True
ToyFigure_5a61d69e2f2f8be8732b69095a1ced0e_0.00030706412197787497.h5,D:\3d-grasp-pose-estimation\dataset\grasps\ToyFigure_5a61d69e2f2f8be8732b69095a1ced0e_0.00030706412197787497.h5,ToyFigure,5a61d69e2f2f8be8732b69095a1ced0e,0.0542763059,0.0003070641,meshes/ToyFigure/5a61d69e2f2f8be8732b69095a1ced0e.obj,2000,0.4625,0.3353921380909762,0.984014413381026,True
ToyFigure_5d7cfdd7b9b1f314ccb9d5278825aef9_0.0011349447645841206.h5,D:\3d-grasp-pose-estimation\dataset\grasps\ToyFigure_5d7cfdd7b9b1f314ccb9d5278825aef9_0.0011349447645841206.h5,ToyFigure,5d7cfdd7b9b1f314ccb9d5278825aef9,0.0150640493,0.0011349448,meshes/ToyFigure/5d7cfdd7b9b1f314ccb9d5278825aef9.obj,2000,0.48,0.3610062227828242,0.9731271321688648,True
ToyFigure_60c574a293b9f2014f60944ced2b5887_0.004181734298584735.h5,D:\3d-grasp-pose-estimation\dataset\grasps\ToyFigure_60c574a293b9f2014f60944ced2b5887_0.004181734298584735.h5,ToyFigure,60c574a293b9f2014f60944ced2b5887,0.2647638099,0.0041817343,meshes/ToyFigure/60c574a293b9f2014f60944ced2b5887.obj,2000,0.048,0.0360232847378275,0.9206800329594343,True
ToyFigure_670b3162fe029fabd9dca9cd630ba2ba_0.0004315769085940913.h5,D:\3d-grasp-pose-estimation\dataset\grasps\ToyFigure_670b3162fe029fabd9dca9cd630ba2ba_0.0004315769085940913.h5,ToyFigure,670b3162fe029fabd9dca9cd630ba2ba,0.4943850843,0.0004315769,meshes/ToyFigure/670b3162fe029fabd9dca9cd630ba2ba.obj,2000,0.459,0.3105641249559245,0.9416840023682256,True
ToyFigure_6897b6e1470cdd4af8e8ff67ecd10c0b_0.002910034423326652.h5,D:\3d-grasp-pose-estimation\dataset\grasps\ToyFigure_6897b6e1470cdd4af8e8ff67ecd10c0b_0.002910034423326652.h5,ToyFigure,6897b6e1470cdd4af8e8ff67ecd10c0b,0.0346236984,0.0029100344,meshes/ToyFigure/6897b6e1470cdd4af8e8ff67ecd10c0b.obj,2000,0.5385,0.4029458685597329,0.9733158521612276,True
ToyFigure_7134e227c856685d50f3a2fc91e9b3c5_0.008067493964494103.h5,D:\3d-grasp-pose-estimation\dataset\grasps\ToyFigure_7134e227c856685d50f3a2fc91e9b3c5_0.008067493964494103.h5,ToyFigure,7134e227c856685d50f3a2fc91e9b3c5,0.012797164,0.008067494,meshes/ToyFigure/7134e227c856685d50f3a2fc91e9b3c5.obj,2000,0.5975,0.4506218391925718,0.9516562318217596,True
ToyFigure_76303a81e972048e85cac25b72167160_0.007837090534934919.h5,D:\3d-grasp-pose-estimation\dataset\grasps\ToyFigure_76303a81e972048e85cac25b72167160_0.007837090534934919.h5,ToyFigure,76303a81e972048e85cac25b72167160,0.0219561887,0.0078370905,meshes/ToyFigure/76303a81e972048e85cac25b72167160.obj,2000,0.3345,0.277038354185452,0.980934075604332,True
ToyFigure_7a5e575b58534284be4274edc10c1c8e_0.00768090399908354.h5,D:\3d-grasp-pose-estimation\dataset\grasps\ToyFigure_7a5e575b58534284be4274edc10c1c8e_0.00768090399908354.h5,ToyFigure,7a5e575b58534284be4274edc10c1c8e,0.2129539808,0.007680904,meshes/ToyFigure/7a5e575b58534284be4274edc10c1c8e.obj,2000,0.0,0.0,0.0,True
ToyFigure_7b1aa17a326177a1fad30cd586639ed2_0.0014849713920153044.h5,D:\3d-grasp-pose-estimation\dataset\grasps\ToyFigure_7b1aa17a326177a1fad30cd586639ed2_0.0014849713920153044.h5,ToyFigure,7b1aa17a326177a1fad30cd586639ed2,0.0329248333,0.0014849714,meshes/ToyFigure/7b1aa17a326177a1fad30cd586639ed2.obj,2000,0.413,0.3303999529341102,0.9750569829569452,True
ToyFigure_7cc11810eaa479e177e21aa92afd81b0_0.00011617584744757669.h5,D:\3d-grasp-pose-estimation\dataset\grasps\ToyFigure_7cc11810eaa479e177e21aa92afd81b0_0.00011617584744757669.h5,ToyFigure,7cc11810eaa479e177e21aa92afd81b0,0.0122094437,0.0001161758,meshes/ToyFigure/7cc11810eaa479e177e21aa92afd81b0.obj,2000,0.5755,0.386881676717325,0.9489362011116595,True
ToyFigure_7cc11810eaa479e177e21aa92afd81b0_7.617522466714583e-05.h5,D:\3d-grasp-pose-estimation\dataset\grasps\ToyFigure_7cc11810eaa479e177e21aa92afd81b0_7.617522466714583e-05.h5,ToyFigure,7cc11810eaa479e177e21aa92afd81b0,0.0034418312,7.61752e-05,meshes/ToyFigure/7cc11810eaa479e177e21aa92afd81b0.obj,2000,0.588,0.3567738336444584,0.9268365279051338,True
ToyFigure_7f691e0ea1e529a83a26deafa9169642_0.000244995305806302.h5,D:\3d-grasp-pose-estimation\dataset\grasps\ToyFigure_7f691e0ea1e529a83a26deafa9169642_0.000244995305806302.h5,ToyFigure,7f691e0ea1e529a83a26deafa9169642,0.0921194613,0.0002449953,meshes/ToyFigure/7f691e0ea1e529a83a26deafa9169642.obj,2000,0.713,0.4919385587983407,0.968379833416712,True
ToyFigure_803799ab2024d7bf6811e87c02909b0a_0.0007972532571515102.h5,D:\3d-grasp-pose-estimation\dataset\grasps\ToyFigure_803799ab2024d7bf6811e87c02909b0a_0.0007972532571515102.h5,ToyFigure,803799ab2024d7bf6811e87c02909b0a,0.4298820333,0.0007972533,meshes/ToyFigure/803799ab2024d7bf6811e87c02909b0a.obj,2000,0.246,0.1757223492641675,0.9541265137200778,True
ToyFigure_812640248635cc1049420c3c4ef93162_0.0001740685341148937.h5,D:\3d-grasp-pose-estimation\dataset\grasps\ToyFigure_812640248635cc1049420c3c4ef93162_0.0001740685341148937.h5,ToyFigure,812640248635cc1049420c3c4ef93162,0.0283643078,0.0001740685,meshes/ToyFigure/812640248635cc1049420c3c4ef93162.obj,2000,0.7305,0.5130795528205524,0.9673788781473944,True
ToyFigure_84c2dd765877d5f553b4f77adb46c92a_0.00480265291002651.h5,D:\3d-grasp-pose-estimation\dataset\grasps\ToyFigure_84c2dd765877d5f553b4f77adb46c92a_0.00480265291002651.h5,ToyFigure,84c2dd765877d5f553b4f77adb46c92a,0.3823914634,0.0048026529,meshes/ToyFigure/84c2dd765877d5f553b4f77adb46c92a.obj,2000,0.5625,0.4094496906425528,0.9759277901398768,True
ToyFigure_87bf190248b454fd8b3bc7adf52c7243_0.0016025714274351544.h5,D:\3d-grasp-pose-estimation\dataset\grasps\ToyFigure_87bf190248b454fd8b3bc7adf52c7243_0.0016025714274351544.h5,ToyFigure,87bf190248b454fd8b3bc7adf52c7243,0.7209610834,0.0016025714,meshes/ToyFigure/87bf190248b454fd8b3bc7adf52c7243.obj,2000,0.3925,0.2656130067174268,0.9403693961660448,True
ToyFigure_88a8e1aa4abb50287c1f504c6aa026af_6.282370191098079e-06.h5,D:\3d-grasp-pose-estimation\dataset\grasps\ToyFigure_88a8e1aa4abb50287c1f504c6aa026af_6.282370191098079e-06.h5,ToyFigure,88a8e1aa4abb50287c1f504c6aa026af,0.2767941639,6.2824e-06,meshes/ToyFigure/88a8e1aa4abb50287c1f504c6aa026af.obj,2000,0.222,0.1032459693276576,0.8796485551850275,True
ToyFigure_8cc01b169875e76765cb537fa5ea6df3_0.019681082804153153.h5,D:\3d-grasp-pose-estimation\dataset\grasps\ToyFigure_8cc01b169875e76765cb537fa5ea6df3_0.019681082804153153.h5,ToyFigure,8cc01b169875e76765cb537fa5ea6df3,0.050710402,0.0196810828,meshes/ToyFigure/8cc01b169875e76765cb537fa5ea6df3.obj,2000,0.26,0.2105053832657019,0.9646658053897073,False
ToyFigure_9228911f4728e71e311588cd2f5b5b60_0.00019495804908473661.h5,D:\3d-grasp-pose-estimation\dataset\grasps\ToyFigure_9228911f4728e71e311588cd2f5b5b60_0.00019495804908473661.h5,ToyFigure,9228911f4728e71e311588cd2f5b5b60,0.4289872794,0.000194958,meshes/ToyFigure/9228911f4728e71e311588cd2f5b5b60.obj,2000,0.235,0.1853413943221375,0.9610724152911964,True
ToyFigure_9e70f96056ceda41323c39e1adf8a544_0.0011235766197401301.h5,D:\3d-grasp-pose-estimation\dataset\grasps\ToyFigure_9e70f96056ceda41323c39e1adf8a544_0.0011235766197401301.h5,ToyFigure,9e70f96056ceda41323c39e1adf8a544,0.0202403217,0.0011235766,meshes/ToyFigure/9e70f96056ceda41323c39e1adf8a544.obj,2000,0.355,0.2388901018389644,0.9076794046309832,True
ToyFigure_a00a9d045b69171472dfe26068766359_0.0006949976968161027.h5,D:\3d-grasp-pose-estimation\dataset\grasps\ToyFigure_a00a9d045b69171472dfe26068766359_0.0006949976968161027.h5,ToyFigure,a00a9d045b69171472dfe26068766359,0.1524967794,0.0006949977,meshes/ToyFigure/a00a9d045b69171472dfe26068766359.obj,2000,0.6145,0.4814208897306765,0.9901350073978368,True
ToyFigure_a3087c9105fe0878d18a6b3b9816ca14_8.002105357377606e-05.h5,D:\3d-grasp-pose-estimation\dataset\grasps\ToyFigure_a3087c9105fe0878d18a6b3b9816ca14_8.002105357377606e-05.h5,ToyFigure,a3087c9105fe0878d18a6b3b9816ca14,0.0311641108,8.00211e-05,meshes/ToyFigure/a3087c9105fe0878d18a6b3b9816ca14.obj,2000,0.703,0.5646362734790655,0.9768272502799136,True
ToyFigure_a56419bd8118099593b55327c66a07aa_0.011186269823469338.h5,D:\3d-grasp-pose-estimation\dataset\grasps\ToyFigure_a56419bd8118099593b55327c66a07aa_0.011186269823469338.h5,ToyFigure,a56419bd8118099593b55327c66a07aa,0.231298695,0.0111862698,meshes/ToyFigure/a56419bd8118099593b55327c66a07aa.obj,2000,0.447,0.4007974718745948,0.9877760971892524,False
ToyFigure_a9a30b2fa20f1f86f480a828067a44a2_0.003756114869094684.h5,D:\3d-grasp-pose-estimation\dataset\grasps\ToyFigure_a9a30b2fa20f1f86f480a828067a44a2_0.003756114869094684.h5,ToyFigure,a9a30b2fa20f1f86f480a828067a44a2,0.7068475011,0.0037561149,meshes/ToyFigure/a9a30b2fa20f1f86f480a828067a44a2.obj,2000,0.0495,0.0396665950748871,0.962244218392034,True
ToyFigure_ab0f6d614ab627543dfb21494a967e_0.0016586294112595416.h5,D:\3d-grasp-pose-estimation\dataset\grasps\ToyFigure_ab0f6d614ab627543dfb21494a967e_0.0016586294112595416.h5,ToyFigure,ab0f6d614ab627543dfb21494a967e,0.3477316449,0.0016586294,meshes/ToyFigure/ab0f6d614ab627543dfb21494a967e.obj,2000,0.2135,0.1779758324688473,0.9727552689493018,True
ToyFigure_ad404f2f293511364c23e974f021eee5_0.01376054521255328.h5,D:\3d-grasp-pose-estimation\dataset\grasps\ToyFigure_ad404f2f293511364c23e974f021eee5_0.01376054521255328.h5,ToyFigure,ad404f2f293511364c23e974f021eee5,0.1406535535,0.0137605452,meshes/ToyFigure/ad404f2f293511364c23e974f021eee5.obj,2000,0.0,0.0,0.0,False
ToyFigure_ae677ed1d1efbd3556a73834fc4eef_0.0005187640345601179.h5,D:\3d-grasp-pose-estimation\dataset\grasps\ToyFigure_ae677ed1d1efbd3556a73834fc4eef_0.0005187640345601179.h5,ToyFigure,ae677ed1d1efbd3556a73834fc4eef,0.0422744076,0.000518764,meshes/ToyFigure/ae677ed1d1efbd3556a73834fc4eef.obj,2000,0.432,0.2926230500837549,0.949246918969182,True
ToyFigure_afc6565a63ab5897e6597d3a0393435c_0.031151245421753303.h5,D:\3d-grasp-pose-estimation\dataset\grasps\ToyFigure_afc6565a63ab5897e6597d3a0393435c_0.031151245421753303.h5,ToyFigure,afc6565a63ab5897e6597d3a0393435c,0.153130932,0.0311512454,meshes/ToyFigure/afc6565a63ab5897e6597d3a0393435c.obj,2000,0.5415,0.4227687483056255,0.983120984264802,False
ToyFigure_b7533865b357f4a4aa008dc56caffad9_0.0004227096826299792.h5,D:\3d-grasp-pose-estimation\dataset\grasps\ToyFigure_b7533865b357f4a4aa008dc56caffad9_0.0004227096826299792.h5,ToyFigure,b7533865b357f4a4aa008dc56caffad9,0.0318586423,0.0004227097,meshes/ToyFigure/b7533865b357f4a4aa008dc56caffad9.obj,2000,0.5405,0.3789518418323763,0.973521321524924,True
ToyFigure_baf6c6a5e50e38d275d9a619fe66717e_0.014039937292723634.h5,D:\3d-grasp-pose-estimation\dataset\grasps\ToyFigure_baf6c6a5e50e38d275d9a619fe66717e_0.014039937292723634.h5,ToyFigure,baf6c6a5e50e38d275d9a619fe66717e,0.7092967461,0.0140399373,meshes/ToyFigure/baf6c6a5e50e38d275d9a619fe66717e.obj,2000,0.166,0.1235282367483818,0.9412642357832206,False
ToyFigure_bc2733fcd0f75cc7481e7be44aaf950f_0.00022260714154014735.h5,D:\3d-grasp-pose-estimation\dataset\grasps\ToyFigure_bc2733fcd0f75cc7481e7be44aaf950f_0.00022260714154014735.h5,ToyFigure,bc2733fcd0f75cc7481e7be44aaf950f,0.0269127068,0.0002226071,meshes/ToyFigure/bc2733fcd0f75cc7481e7be44aaf950f.obj,2000,0.269,0.1841757895544098,0.9610486609638932,True
ToyFigure_bdc9396925b85ece906e1300808d8411_0.0018297294500271852.h5,D:\3d-grasp-pose-estimation\dataset\grasps\ToyFigure_bdc9396925b85ece906e1300808d8411_0.0018297294500271852.h5,ToyFigure,bdc9396925b85ece906e1300808d8411,0.0011264311,0.0018297295,meshes/ToyFigure/bdc9396925b85ece906e1300808d8411.obj,2000,0.7065,0.4036386665481233,0.9658223200429346,True
ToyFigure_c316443737330629ff4bf5889ecc03a5_0.00041449458627495014.h5,D:\3d-grasp-pose-estimation\dataset\grasps\ToyFigure_c316443737330629ff4bf5889ecc03a5_0.00041449458627495014.h5,ToyFigure,c316443737330629ff4bf5889ecc03a5,0.0130132221,0.0004144946,meshes/ToyFigure/c316443737330629ff4bf5889ecc03a5.obj,2000,0.4005,0.2660542722406364,0.9106797281049914,True
ToyFigure_c38b02dfe34a26d0d6f05f55d4d695b0_0.0004125945992496303.h5,D:\3d-grasp-pose-estimation\dataset\grasps\ToyFigure_c38b02dfe34a26d0d6f05f55d4d695b0_0.0004125945992496303.h5,ToyFigure,c38b02dfe34a26d0d6f05f55d4d695b0,0.0248068285,0.0004125946,meshes/ToyFigure/c38b02dfe34a26d0d6f05f55d4d695b0.obj,2000,0.412,0.2993005731693258,0.9557955186465528,True
ToyFigure_ca64eeb7b0823ca2bc946a1e4b0c1ae1_0.0001518878343164132.h5,D:\3d-grasp-pose-estimation\dataset\grasps\ToyFigure_ca64eeb7b0823ca2bc946a1e4b0c1ae1_0.0001518878343164132.h5,ToyFigure,ca64eeb7b0823ca2bc946a1e4b0c1ae1,0.0067145798,0.0001518878,meshes/ToyFigure/ca64eeb7b0823ca2bc946a1e4b0c1ae1.obj,2000,0.682,0.4342354825416606,0.9503779369004688,True
ToyFigure_cecd11cf7a682fdb929c2dad9ce0ee_1.4049896766991678e-05.h5,D:\3d-grasp-pose-estimation\dataset\grasps\ToyFigure_cecd11cf7a682fdb929c2dad9ce0ee_1.4049896766991678e-05.h5,ToyFigure,cecd11cf7a682fdb929c2dad9ce0ee,0.3587834403,1.40499e-05,meshes/ToyFigure/cecd11cf7a682fdb929c2dad9ce0ee.obj,2000,0.344,0.2716896430732398,0.9864323468577862,True
ToyFigure_d1fc020eb7f2612a3496d63b70f4b8af_0.0036274137902380875.h5,D:\3d-grasp-pose-estimation\dataset\grasps\ToyFigure_d1fc020eb7f2612a3496d63b70f4b8af_0.0036274137902380875.h5,ToyFigure,d1fc020eb7f2612a3496d63b70f4b8af,0.0669176656,0.0036274138,meshes/ToyFigure/d1fc020eb7f2612a3496d63b70f4b8af.obj,2000,0.731,0.5512445743668855,0.9899118246055264,True
ToyFigure_d45505e72c54533ec4217b88fb330b04_0.0014432262424130882.h5,D:\3d-grasp-pose-estimation\dataset\grasps\ToyFigure_d45505e72c54533ec4217b88fb330b04_0.0014432262424130882.h5,ToyFigure,d45505e72c54533ec4217b88fb330b04,0.028340665,0.0014432262,meshes/ToyFigure/d45505e72c54533ec4217b88fb330b04.obj,2000,0.6115,0.3920980581709211,0.9688833559415414,True
ToyFigure_d56bd1fd398aedef1756e07546a8782f_3.629733333108632e-05.h5,D:\3d-grasp-pose-estimation\dataset\grasps\ToyFigure_d56bd1fd398aedef1756e07546a8782f_3.629733333108632e-05.h5,ToyFigure,d56bd1fd398aedef1756e07546a8782f,0.0649415802,3.62973e-05,meshes/ToyFigure/d56bd1fd398aedef1756e07546a8782f.obj,2000,0.1815,0.1491001101709311,0.9857265999840776,True
ToyFigure_da0f7f3893b690ff9eda02c6c8b462ec_0.03226243780172266.h5,D:\3d-grasp-pose-estimation\dataset\grasps\ToyFigure_da0f7f3893b690ff9eda02c6c8b462ec_0.03226243780172266.h5,ToyFigure,da0f7f3893b690ff9eda02c6c8b462ec,0.2751461566,0.0322624378,meshes/ToyFigure/da0f7f3893b690ff9eda02c6c8b462ec.obj,2000,0.4895,0.3534456054038478,0.952961501497628,False
ToyFigure_e1de6d7d3107eea92b49ae088eb68f85_0.0004974152810498059.h5,D:\3d-grasp-pose-estimation\dataset\grasps\ToyFigure_e1de6d7d3107eea92b49ae088eb68f85_0.0004974152810498059.h5,ToyFigure,e1de6d7d3107eea92b49ae088eb68f85,1.0831020798,0.0004974153,meshes/ToyFigure/e1de6d7d3107eea92b49ae088eb68f85.obj,2000,0.0215,0.0148769794464506,0.9186343518718968,True
ToyFigure_e37c0e9ad795186bd9dcc94fa2e170e8_0.00022235472130698484.h5,D:\3d-grasp-pose-estimation\dataset\grasps\ToyFigure_e37c0e9ad795186bd9dcc94fa2e170e8_0.00022235472130698484.h5,ToyFigure,e37c0e9ad795186bd9dcc94fa2e170e8,0.1883389325,0.0002223547,meshes/ToyFigure/e37c0e9ad795186bd9dcc94fa2e170e8.obj,2000,0.3955,0.2962694867647082,0.9869022215748094,True
ToyFigure_e84e2abc7d52e97594c82b4c22576d29_0.004413019431158972.h5,D:\3d-grasp-pose-estimation\dataset\grasps\ToyFigure_e84e2abc7d52e97594c82b4c22576d29_0.004413019431158972.h5,ToyFigure,e84e2abc7d52e97594c82b4c22576d29,0.1492626089,0.0044130194,meshes/ToyFigure/e84e2abc7d52e97594c82b4c22576d29.obj,2000,0.3615,0.2998804329763281,0.9900361116686852,True
ToyFigure_e9a1dcd815de9a224465423f9447321_0.011483640434712516.h5,D:\3d-grasp-pose-estimation\dataset\grasps\ToyFigure_e9a1dcd815de9a224465423f9447321_0.011483640434712516.h5,ToyFigure,e9a1dcd815de9a224465423f9447321,0.0149192343,0.0114836404,meshes/ToyFigure/e9a1dcd815de9a224465423f9447321.obj,2000,0.398,0.2694198216172708,0.989699165914535,False
ToyFigure_ec26ff8e5bcd25a25dfd2d7998768282_0.0022755694623270654.h5,D:\3d-grasp-pose-estimation\dataset\grasps\ToyFigure_ec26ff8e5bcd25a25dfd2d7998768282_0.0022755694623270654.h5,ToyFigure,ec26ff8e5bcd25a25dfd2d7998768282,0.1407400373,0.0022755695,meshes/ToyFigure/ec26ff8e5bcd25a25dfd2d7998768282.obj,2000,0.476,0.3750544945086166,0.9728626939916531,True
ToyFigure_ed09908f11125fb6b1610c1351add50e_6.340678726991046e-05.h5,D:\3d-grasp-pose-estimation\dataset\grasps\ToyFigure_ed09908f11125fb6b1610c1351add50e_6.340678726991046e-05.h5,ToyFigure,ed09908f11125fb6b1610c1351add50e,0.0072390391,6.34068e-05,meshes/ToyFigure/ed09908f11125fb6b1610c1351add50e.obj,2000,0.55,0.349779248715048,0.9527790718790706,True
ToyFigure_f2f397733f14198115c3f92f810cab08_0.0004547800683334366.h5,D:\3d-grasp-pose-estimation\dataset\grasps\ToyFigure_f2f397733f14198115c3f92f810cab08_0.0004547800683334366.h5,ToyFigure,f2f397733f14198115c3f92f810cab08,0.0141111648,0.0004547801,meshes/ToyFigure/f2f397733f14198115c3f92f810cab08.obj,2000,0.68,0.4720214552270931,0.9389985623317514,True
ToyFigure_f2f397733f14198115c3f92f810cab08_0.0006033821460696344.h5,D:\3d-grasp-pose-estimation\dataset\grasps\ToyFigure_f2f397733f14198115c3f92f810cab08_0.0006033821460696344.h5,ToyFigure,f2f397733f14198115c3f92f810cab08,0.0329561114,0.0006033821,meshes/ToyFigure/f2f397733f14198115c3f92f810cab08.obj,2000,0.661,0.4862593266837461,0.9677243059050434,True
ToyFigure_f3e1d1174cb311e3e3fdf9a381029f42_0.002766163412067979.h5,D:\3d-grasp-pose-estimation\dataset\grasps\ToyFigure_f3e1d1174cb311e3e3fdf9a381029f42_0.002766163412067979.h5,ToyFigure,f3e1d1174cb311e3e3fdf9a381029f42,0.3541871527,0.0027661634,meshes/ToyFigure/f3e1d1174cb311e3e3fdf9a381029f42.obj,2000,0.553,0.4132253601493704,0.9648576257930502,True
ToyFigure_fc8b01f4d4f703cffe69b41717c477d_0.00011994209311017029.h5,D:\3d-grasp-pose-estimation\dataset\grasps\ToyFigure_fc8b01f4d4f703cffe69b41717c477d_0.00011994209311017029.h5,ToyFigure,fc8b01f4d4f703cffe69b41717c477d,0.0061850245,0.0001199421,meshes/ToyFigure/fc8b01f4d4f703cffe69b41717c477d.obj,2000,0.823,0.5936427417351167,0.960163323062064,True
USBStick_1342351a82465eeef2cdad303f49c9f9_0.002989138239433442.h5,D:\3d-grasp-pose-estimation\dataset\grasps\USBStick_1342351a82465eeef2cdad303f49c9f9_0.002989138239433442.h5,USBStick,1342351a82465eeef2cdad303f49c9f9,0.0262199095,0.0029891382,meshes/USBStick/1342351a82465eeef2cdad303f49c9f9.obj,2000,0.882,0.6244921675286998,0.96805336810893,True
USBStick_191d35d8b238316dbe938435307744f3_0.013253314403162766.h5,D:\3d-grasp-pose-estimation\dataset\grasps\USBStick_191d35d8b238316dbe938435307744f3_0.013253314403162766.h5,USBStick,191d35d8b238316dbe938435307744f3,0.1810299944,0.0132533144,meshes/USBStick/191d35d8b238316dbe938435307744f3.obj,2000,0.469,0.3234675739270745,0.9627488551859468,False
USBStick_1baa93373407c8924315bea999e66ce3_0.0006626123557818811.h5,D:\3d-grasp-pose-estimation\dataset\grasps\USBStick_1baa93373407c8924315bea999e66ce3_0.0006626123557818811.h5,USBStick,1baa93373407c8924315bea999e66ce3,0.0058695929,0.0006626124,meshes/USBStick/1baa93373407c8924315bea999e66ce3.obj,2000,0.9215,0.6223786492124799,0.9633510950777614,True
USBStick_27721f92f4f94ae2c5243a0ab191990d_0.010231151334658043.h5,D:\3d-grasp-pose-estimation\dataset\grasps\USBStick_27721f92f4f94ae2c5243a0ab191990d_0.010231151334658043.h5,USBStick,27721f92f4f94ae2c5243a0ab191990d,0.0048858604,0.0102311513,meshes/USBStick/27721f92f4f94ae2c5243a0ab191990d.obj,2000,0.8705,0.511645774540099,0.9081381100492434,False
USBStick_3d15f0b93dc94909ce92f6b720939174_0.022814337200693573.h5,D:\3d-grasp-pose-estimation\dataset\grasps\USBStick_3d15f0b93dc94909ce92f6b720939174_0.022814337200693573.h5,USBStick,3d15f0b93dc94909ce92f6b720939174,0.0448492082,0.0228143372,meshes/USBStick/3d15f0b93dc94909ce92f6b720939174.obj,2000,0.916,0.6491761776244376,0.9713652917723918,False
USBStick_4c71b2758968236992b3a559188c73e8_0.0033197078671963988.h5,D:\3d-grasp-pose-estimation\dataset\grasps\USBStick_4c71b2758968236992b3a559188c73e8_0.0033197078671963988.h5,USBStick,4c71b2758968236992b3a559188c73e8,0.042136385,0.0033197079,meshes/USBStick/4c71b2758968236992b3a559188c73e8.obj,2000,0.8635,0.6164873372525798,0.9750951950403088,True
USBStick_56f49e3cd0d16824b2bf4f773fe0e622_0.04914981294429428.h5,D:\3d-grasp-pose-estimation\dataset\grasps\USBStick_56f49e3cd0d16824b2bf4f773fe0e622_0.04914981294429428.h5,USBStick,56f49e3cd0d16824b2bf4f773fe0e622,0.0079164302,0.0491498129,meshes/USBStick/56f49e3cd0d16824b2bf4f773fe0e622.obj,2000,0.8785,0.5920092146960262,0.9374269684470242,False
USBStick_612b2d68208011b35bda1d8d3c2c6b0a_0.0022388729401425097.h5,D:\3d-grasp-pose-estimation\dataset\grasps\USBStick_612b2d68208011b35bda1d8d3c2c6b0a_0.0022388729401425097.h5,USBStick,612b2d68208011b35bda1d8d3c2c6b0a,0.0181517716,0.0022388729,meshes/USBStick/612b2d68208011b35bda1d8d3c2c6b0a.obj,2000,0.904,0.560484717134231,0.9701983215719532,True
USBStick_6145695d2e143621be027938c6b77491_0.0006063996149196547.h5,D:\3d-grasp-pose-estimation\dataset\grasps\USBStick_6145695d2e143621be027938c6b77491_0.0006063996149196547.h5,USBStick,6145695d2e143621be027938c6b77491,0.0453973005,0.0006063996,meshes/USBStick/6145695d2e143621be027938c6b77491.obj,2000,0.924,0.6593817444442336,0.9636805984955052,True
USBStick_625e5d4a97a46afb19406a58279c37db_0.0884480069892964.h5,D:\3d-grasp-pose-estimation\dataset\grasps\USBStick_625e5d4a97a46afb19406a58279c37db_0.0884480069892964.h5,USBStick,625e5d4a97a46afb19406a58279c37db,0.476162293,0.088448007,meshes/USBStick/625e5d4a97a46afb19406a58279c37db.obj,2000,0.295,0.2242954399269253,0.961190579651156,False
USBStick_6484ba8442fc7c8829545ddc91df1dc1_0.0007475201063940171.h5,D:\3d-grasp-pose-estimation\dataset\grasps\USBStick_6484ba8442fc7c8829545ddc91df1dc1_0.0007475201063940171.h5,USBStick,6484ba8442fc7c8829545ddc91df1dc1,0.027591929,0.0007475201,meshes/USBStick/6484ba8442fc7c8829545ddc91df1dc1.obj,2000,0.8235,0.5884692643010682,0.9782267002448528,True
USBStick_6de307ddb4317eae1c816f27d2a33b03_0.005053347579900601.h5,D:\3d-grasp-pose-estimation\dataset\grasps\USBStick_6de307ddb4317eae1c816f27d2a33b03_0.005053347579900601.h5,USBStick,6de307ddb4317eae1c816f27d2a33b03,0.010634525,0.0050533476,meshes/USBStick/6de307ddb4317eae1c816f27d2a33b03.obj,2000,0.9165,0.5781358954465567,0.9567030219085442,True
USBStick_858862a2b1a8f3bc9fd64f3f4b1fc8a1_0.06608902716631875.h5,D:\3d-grasp-pose-estimation\dataset\grasps\USBStick_858862a2b1a8f3bc9fd64f3f4b1fc8a1_0.06608902716631875.h5,USBStick,858862a2b1a8f3bc9fd64f3f4b1fc8a1,0.0652056862,0.0660890272,meshes/USBStick/858862a2b1a8f3bc9fd64f3f4b1fc8a1.obj,2000,0.8495,0.4846921963158339,0.9716526516909544,False
USBStick_9a9508597dee231d4e205745311c3a_0.03546596515643712.h5,D:\3d-grasp-pose-estimation\dataset\grasps\USBStick_9a9508597dee231d4e205745311c3a_0.03546596515643712.h5,USBStick,9a9508597dee231d4e205745311c3a,0.0360426858,0.0354659652,meshes/USBStick/9a9508597dee231d4e205745311c3a.obj,2000,0.9155,0.6702732942930575,0.9816045270701524,False
USBStick_a2d20c909ed9c6d85d723f8969b531b_0.0034822454472075337.h5,D:\3d-grasp-pose-estimation\dataset\grasps\USBStick_a2d20c909ed9c6d85d723f8969b531b_0.0034822454472075337.h5,USBStick,a2d20c909ed9c6d85d723f8969b531b,0.0224730994,0.0034822454,meshes/USBStick/a2d20c909ed9c6d85d723f8969b531b.obj,2000,0.886,0.6138439313306945,0.9702564969026174,True
USBStick_a2d20c909ed9c6d85d723f8969b531b_0.007458500830039661.h5,D:\3d-grasp-pose-estimation\dataset\grasps\USBStick_a2d20c909ed9c6d85d723f8969b531b_0.007458500830039661.h5,USBStick,a2d20c909ed9c6d85d723f8969b531b,0.2208205371,0.0074585008,meshes/USBStick/a2d20c909ed9c6d85d723f8969b531b.obj,2000,0.7905,0.5957898706481201,0.9675181460660244,True
USBStick_a409c6a2dcb26acbee9b31e2b79db5ca_0.001668839700634498.h5,D:\3d-grasp-pose-estimation\dataset\grasps\USBStick_a409c6a2dcb26acbee9b31e2b79db5ca_0.001668839700634498.h5,USBStick,a409c6a2dcb26acbee9b31e2b79db5ca,0.0140019626,0.0016688397,meshes/USBStick/a409c6a2dcb26acbee9b31e2b79db5ca.obj,2000,0.857,0.5833506828482992,0.9674910601224984,True
USBStick_a6e61919f049acd42e4dcc14ebed8963_0.118423364494579.h5,D:\3d-grasp-pose-estimation\dataset\grasps\USBStick_a6e61919f049acd42e4dcc14ebed8963_0.118423364494579.h5,USBStick,a6e61919f049acd42e4dcc14ebed8963,0.1716159332,0.1184233645,meshes/USBStick/a6e61919f049acd42e4dcc14ebed8963.obj,2000,0.797,0.6179356148733798,0.9775715375594868,False
USBStick_a88aa8a6fa1e2e60d61a52fabbee0e9c_0.005154244117343202.h5,D:\3d-grasp-pose-estimation\dataset\grasps\USBStick_a88aa8a6fa1e2e60d61a52fabbee0e9c_0.005154244117343202.h5,USBStick,a88aa8a6fa1e2e60d61a52fabbee0e9c,0.0092565707,0.0051542441,meshes/USBStick/a88aa8a6fa1e2e60d61a52fabbee0e9c.obj,2000,0.9075,0.617365995538827,0.9368360208632246,True
USBStick_aad9d9e21483e449498d1fb5502f7750_0.06904335121938125.h5,D:\3d-grasp-pose-estimation\dataset\grasps\USBStick_aad9d9e21483e449498d1fb5502f7750_0.06904335121938125.h5,USBStick,aad9d9e21483e449498d1fb5502f7750,0.0332433501,0.0690433512,meshes/USBStick/aad9d9e21483e449498d1fb5502f7750.obj,2000,0.89,0.6616127995986016,0.9714363875686508,False
USBStick_ab82d56cf9cc2476d154e1b098031d39_0.0015714618951481424.h5,D:\3d-grasp-pose-estimation\dataset\grasps\USBStick_ab82d56cf9cc2476d154e1b098031d39_0.0015714618951481424.h5,USBStick,ab82d56cf9cc2476d154e1b098031d39,0.0514211365,0.0015714619,meshes/USBStick/ab82d56cf9cc2476d154e1b098031d39.obj,2000,0.86,0.6484752381381296,0.9821561294611352,True
USBStick_ab82d56cf9cc2476d154e1b098031d39_0.0021280969855009724.h5,D:\3d-grasp-pose-estimation\dataset\grasps\USBStick_ab82d56cf9cc2476d154e1b098031d39_0.0021280969855009724.h5,USBStick,ab82d56cf9cc2476d154e1b098031d39,0.1277039577,0.002128097,meshes/USBStick/ab82d56cf9cc2476d154e1b098031d39.obj,2000,0.8545,0.6587471069379083,0.9664621520365344,True
USBStick_ac053395ad9eb8e23adb21a59d529cb8_0.0007413534368814721.h5,D:\3d-grasp-pose-estimation\dataset\grasps\USBStick_ac053395ad9eb8e23adb21a59d529cb8_0.0007413534368814721.h5,USBStick,ac053395ad9eb8e23adb21a59d529cb8,0.1224178664,0.0007413534,meshes/USBStick/ac053395ad9eb8e23adb21a59d529cb8.obj,2000,0.871,0.6320833996073312,0.9838267352899616,True
USBStick_b7b01feb8bedd82418b51e3ebb05509_0.23933670220149955.h5,D:\3d-grasp-pose-estimation\dataset\grasps\USBStick_b7b01feb8bedd82418b51e3ebb05509_0.23933670220149955.h5,USBStick,b7b01feb8bedd82418b51e3ebb05509,0.030587541,0.2393367022,meshes/USBStick/b7b01feb8bedd82418b51e3ebb05509.obj,2000,0.905,0.2757606239459315,0.9082879797865352,False
USBStick_c2bdb22813683d8efd53700213e7632d_0.00243140470341472.h5,D:\3d-grasp-pose-estimation\dataset\grasps\USBStick_c2bdb22813683d8efd53700213e7632d_0.00243140470341472.h5,USBStick,c2bdb22813683d8efd53700213e7632d,0.0209768873,0.0024314047,meshes/USBStick/c2bdb22813683d8efd53700213e7632d.obj,2000,0.8805,0.6127617231206554,0.9531430919447644,True
USBStick_c484d712f9e5f7eddeb8736b6b7dc5f5_0.07661360181916653.h5,D:\3d-grasp-pose-estimation\dataset\grasps\USBStick_c484d712f9e5f7eddeb8736b6b7dc5f5_0.07661360181916653.h5,USBStick,c484d712f9e5f7eddeb8736b6b7dc5f5,0.0278927348,0.0766136018,meshes/USBStick/c484d712f9e5f7eddeb8736b6b7dc5f5.obj,2000,0.858,0.0726546847994625,0.4413756562488996,False
USBStick_d1d5e86583e0e5f950648c342f01b361_0.0003032732813736294.h5,D:\3d-grasp-pose-estimation\dataset\grasps\USBStick_d1d5e86583e0e5f950648c342f01b361_0.0003032732813736294.h5,USBStick,d1d5e86583e0e5f950648c342f01b361,0.0228643248,0.0003032733,meshes/USBStick/d1d5e86583e0e5f950648c342f01b361.obj,2000,0.932,0.654462797634188,0.957937455498124,True
USBStick_dba55f40f5581095d536cf6f58952a6f_0.15958108397888296.h5,D:\3d-grasp-pose-estimation\dataset\grasps\USBStick_dba55f40f5581095d536cf6f58952a6f_0.15958108397888296.h5,USBStick,dba55f40f5581095d536cf6f58952a6f,0.0571978699,0.159581084,meshes/USBStick/dba55f40f5581095d536cf6f58952a6f.obj,2000,0.8995,0.6602452991417054,0.9790938714245592,False
USBStick_e2e75212fefa0ecf30e9a79a761377a4_0.005497438000131484.h5,D:\3d-grasp-pose-estimation\dataset\grasps\USBStick_e2e75212fefa0ecf30e9a79a761377a4_0.005497438000131484.h5,USBStick,e2e75212fefa0ecf30e9a79a761377a4,0.0383956374,0.005497438,meshes/USBStick/e2e75212fefa0ecf30e9a79a761377a4.obj,2000,0.9525,0.629701515049212,0.9652139272323236,True
USBStick_ebb3555c3b4a950279a0850c41875f3c_0.019688627884573554.h5,D:\3d-grasp-pose-estimation\dataset\grasps\USBStick_ebb3555c3b4a950279a0850c41875f3c_0.019688627884573554.h5,USBStick,ebb3555c3b4a950279a0850c41875f3c,0.0653557844,0.0196886279,meshes/USBStick/ebb3555c3b4a950279a0850c41875f3c.obj,2000,0.8025,0.3608196663342877,0.9339097484717188,False
USBStick_f40a552853880bc71262e44515a2f289_0.09969302204110903.h5,D:\3d-grasp-pose-estimation\dataset\grasps\USBStick_f40a552853880bc71262e44515a2f289_0.09969302204110903.h5,USBStick,f40a552853880bc71262e44515a2f289,0.0153615084,0.099693022,meshes/USBStick/f40a552853880bc71262e44515a2f289.obj,2000,0.706,0.4962608766642446,0.984952143995252,False
Wallet_52431cf438b7a1c5606b049766a67fa3_0.040033323788654665.h5,D:\3d-grasp-pose-estimation\dataset\grasps\Wallet_52431cf438b7a1c5606b049766a67fa3_0.040033323788654665.h5,Wallet,52431cf438b7a1c5606b049766a67fa3,0.050942965,0.0400333238,meshes/Wallet/52431cf438b7a1c5606b049766a67fa3.obj,2000,0.8805,0.5232555693494906,0.9420750586196686,False
Watch_3a5351666689a7b2b788559e93c74a0f_0.02405568693189327.h5,D:\3d-grasp-pose-estimation\dataset\grasps\Watch_3a5351666689a7b2b788559e93c74a0f_0.02405568693189327.h5,Watch,3a5351666689a7b2b788559e93c74a0f,0.0081912622,0.0240556869,meshes/Watch/3a5351666689a7b2b788559e93c74a0f.obj,2000,0.5645,0.3735206388765423,0.972437979515129,False
Watch_88bb11ad5ddbf7867592bfed484ce2cd_0.02169733213106316.h5,D:\3d-grasp-pose-estimation\dataset\grasps\Watch_88bb11ad5ddbf7867592bfed484ce2cd_0.02169733213106316.h5,Watch,88bb11ad5ddbf7867592bfed484ce2cd,0.0036277559,0.0216973321,meshes/Watch/88bb11ad5ddbf7867592bfed484ce2cd.obj,2000,0.9345,0.6323493054296416,0.98962013744596,False
Watch_9f7be3718a4ce14fa9b896e91fe8701d_0.06167675834565518.h5,D:\3d-grasp-pose-estimation\dataset\grasps\Watch_9f7be3718a4ce14fa9b896e91fe8701d_0.06167675834565518.h5,Watch,9f7be3718a4ce14fa9b896e91fe8701d,0.0358193032,0.0616767583,meshes/Watch/9f7be3718a4ce14fa9b896e91fe8701d.obj,2000,0.856,0.3684059390795701,0.8963442368473402,False
Watch_c2ad15817e54bd01f7a6ba154b1bfb92_0.0002513479821880576.h5,D:\3d-grasp-pose-estimation\dataset\grasps\Watch_c2ad15817e54bd01f7a6ba154b1bfb92_0.0002513479821880576.h5,Watch,c2ad15817e54bd01f7a6ba154b1bfb92,0.0006894129,0.000251348,meshes/Watch/c2ad15817e54bd01f7a6ba154b1bfb92.obj,2000,0.9645,0.6698845522156227,0.9876426477176564,True
Watch_e743856943ce4fa49a9248bc70f7492_0.0008333638033473841.h5,D:\3d-grasp-pose-estimation\dataset\grasps\Watch_e743856943ce4fa49a9248bc70f7492_0.0008333638033473841.h5,Watch,e743856943ce4fa49a9248bc70f7492,0.1971308637,0.0008333638,meshes/Watch/e743856943ce4fa49a9248bc70f7492.obj,2000,0.7375,0.5644435942077383,0.9841554579032438,True
Watch_f57628258e99f63c5cd95682b31d27c1_0.055036376974895954.h5,D:\3d-grasp-pose-estimation\dataset\grasps\Watch_f57628258e99f63c5cd95682b31d27c1_0.055036376974895954.h5,Watch,f57628258e99f63c5cd95682b31d27c1,0.0251012775,0.055036377,meshes/Watch/f57628258e99f63c5cd95682b31d27c1.obj,2000,0.906,0.6316568812554957,0.9549543789603144,False
